account,date,amount,payee,memo,category,is_transfer,cleared,check_num,source
Chase Amazon Visa 5154,2025-09-01,14.29,Amazon Prime Video,NA,Entertainment,FALSE,c,NA,credit_card
Chase Marriott Bonvoy,2025-09-01,20.95,UNION CNCRND SCIENTISTS,NA,Miscellaneous Expenses,FALSE,c,NA,credit_card
Chase Marriott Bonvoy,2025-09-01,54.9,Publix,NA,Groceries,FALSE,c,NA,credit_card
Chase Marriott Bonvoy,2025-09-01,10.62,YALAHA BAKERY LLC,NA,Dining-Restaurants,FALSE,c,NA,credit_card
Chase Marriott Bonvoy,2025-09-01,17.85,GOOGLE *GSUITE_climati,NA,Web-Internet,FALSE,c,NA,credit_card
Citi /AAdvantage Executive World Elite Mastercard,2025-09-01,10,SunPass Operations,NA,Travel,FALSE,c,NA,credit_card
Citi /AAdvantage Executive World Elite Mastercard,2025-09-01,161.95,Payment to Usaa Property And Casualty Insurance,NA,Insurance,FALSE,c,NA,credit_card
Citi /AAdvantage Executive World Elite Mastercard,2025-09-01,72.51,American Airlines,NA,Travel,FALSE,c,NA,credit_card
Citi /AAdvantage Executive World Elite Mastercard,2025-09-01,40,American Airlines,NA,Travel,FALSE,c,NA,credit_card
Citi /AAdvantage Executive World Elite Mastercard,2025-09-01,23.74,Coop-4053 Vernier Rest Vernier CHE,NA,Dining-Restaurants,FALSE,c,NA,credit_card
Citi /AAdvantage Executive World Elite Mastercard,2025-09-01,16.29,"Savul, Ankara Kebab Genève CHE",NA,Dining-Restaurants,FALSE,c,NA,credit_card
Chase Marriott Bonvoy,2025-09-02,28.73,ExxonMobil,NA,Gasoline-Fuel,FALSE,c,NA,credit_card
Chase Marriott Bonvoy,2025-09-02,21.7,Walgreens,NA,Medical-Healthcare,FALSE,c,NA,credit_card
Chase Marriott Bonvoy,2025-09-02,0.74,Burger King,NA,Dining-Restaurants,FALSE,c,NA,credit_card
Chase Marriott Bonvoy,2025-09-02,15.25,YALAHA BAKERY LLC,NA,Dining-Restaurants,FALSE,c,NA,credit_card
Chase Marriott Bonvoy,2025-09-02,59.16,Walmart,NA,Household,FALSE,c,NA,credit_card
Citi /AAdvantage Executive World Elite Mastercard,2025-09-02,21.17,Epicerie Rouge et Blan Genève CHE,NA,Dining-Restaurants,FALSE,c,NA,credit_card
Hilton Honors AMEX 1009,2025-09-02,60.14,UNE TELCO UNE PAGO EMEDELLIN,NA,Miscellaneous Expenses,FALSE,c,NA,credit_card
Chase Marriott Bonvoy,2025-09-03,65.38,Gumbo's,NA,Dining-Restaurants,FALSE,c,NA,credit_card
Chase Marriott Bonvoy,2025-09-03,3.74,McDonald's,NA,Dining-Restaurants,FALSE,c,NA,credit_card
Citi /AAdvantage Executive World Elite Mastercard,2025-09-03,5.5,Sirius XM,NA,Entertainment,FALSE,c,NA,credit_card
Citi /AAdvantage Executive World Elite Mastercard,2025-09-03,21.26,"Savul, Ankara Kebab Genève CHE",NA,Dining-Restaurants,FALSE,c,NA,credit_card
Chase Marriott Bonvoy,2025-09-04,50.58,Sling TV,NA,Entertainment,FALSE,c,NA,credit_card
Chase Marriott Bonvoy,2025-09-04,9.32,CVS Pharmacy,NA,Medical-Healthcare,FALSE,c,NA,credit_card
Chase Marriott Bonvoy,2025-09-04,51.14,Hamlin Pub,NA,Dining-Restaurants,FALSE,c,NA,credit_card
Chase Marriott Bonvoy,2025-09-04,12.1,The Creamery,NA,Dining-Restaurants,FALSE,c,NA,credit_card
Citi /AAdvantage Executive World Elite Mastercard,2025-09-04,36.5,Ted's Coney Island,NA,Dining-Restaurants,FALSE,c,NA,credit_card
Hilton Honors AMEX 1009,2025-09-04,38.91,PROSEGUR VIGILA Y SEBOGOTA D.C.,NA,Miscellaneous Expenses,FALSE,c,NA,credit_card
Chase Marriott Bonvoy,2025-09-05,18.25,The Anchor,NA,Dining-Restaurants,FALSE,c,NA,credit_card
Chase Marriott Bonvoy,2025-09-05,7.36,The Creamery,NA,Dining-Restaurants,FALSE,c,NA,credit_card
Chase Marriott Bonvoy,2025-09-05,27,Great Clips,NA,Fitness-Personal Care,FALSE,c,NA,credit_card
Chase Marriott Bonvoy,2025-09-05,13.11,The Anchor,NA,Dining-Restaurants,FALSE,c,NA,credit_card
Chase Marriott Bonvoy,2025-09-06,123.18,THE ST CLAIR INN-F&B,NA,Travel,FALSE,c,NA,credit_card
Chase Marriott Bonvoy,2025-09-06,10,FS *dall-efree,NA,Web-Internet,FALSE,c,NA,credit_card
Chase Marriott Bonvoy,2025-09-06,30.88,The Anchor,NA,Dining-Restaurants,FALSE,c,NA,credit_card
Chase Marriott Bonvoy,2025-09-06,7.94,CVS Pharmacy,NA,Medical-Healthcare,FALSE,c,NA,credit_card
Hilton Honors AMEX 1009,2025-09-06,15.87,Amazon Marketplace,NA,Household,FALSE,c,NA,credit_card
Chase Amazon Visa 5154,2025-09-07,14.99,Amazon Kindle,NA,Recreation-Hobbies,FALSE,c,NA,credit_card
Chase Marriott Bonvoy,2025-09-07,14,GitHub,NA,Web-Internet,FALSE,c,NA,credit_card
Chase Marriott Bonvoy,2025-09-07,16.54,Starbucks,NA,Dining-Restaurants,FALSE,c,NA,credit_card
Chase Marriott Bonvoy,2025-09-07,15.37,BP#XX0600M TWELVE FUELS,NA,Gasoline-Fuel,FALSE,c,NA,credit_card
Chase Marriott Bonvoy,2025-09-07,22.41,S&g Stores,NA,Groceries,FALSE,c,NA,credit_card
Citi /AAdvantage Executive World Elite Mastercard,2025-09-07,62.85,InSport Mürren-Schilth Mürren CHE,NA,Dining-Restaurants,FALSE,c,NA,credit_card
Chase Marriott Bonvoy,2025-09-08,30.82,Walgreens,NA,Medical-Healthcare,FALSE,c,NA,credit_card
Chase Marriott Bonvoy,2025-09-08,13.95,YALAHA BAKERY LLC,NA,Dining-Restaurants,FALSE,c,NA,credit_card
Citi /AAdvantage Executive World Elite Mastercard,2025-09-08,16.97,DROG.-PARF. SUNSTORE Nyon CHE,NA,Medical-Healthcare,FALSE,c,NA,credit_card
Chase Marriott Bonvoy,2025-09-09,3,Csc Serviceworks,NA,Web-Internet,FALSE,c,NA,credit_card
Chase Marriott Bonvoy,2025-09-09,69.52,Eddie Bauer,NA,Clothing-Shoes,FALSE,c,NA,credit_card
Chase Marriott Bonvoy,2025-09-09,61.22,Publix,NA,Groceries,FALSE,c,NA,credit_card
Citi /AAdvantage Executive World Elite Mastercard,2025-09-09,4.5,Wikipedia,NA,Web-Internet,FALSE,c,NA,credit_card
Citi /AAdvantage Executive World Elite Mastercard,2025-09-09,200.34,RHUDYS INC. FAYETTEVILLE NC,NA,Dining-Restaurants,FALSE,c,NA,credit_card
Chase Amazon Visa 5154,2025-09-10,136.02,Amazon,NA,Household,FALSE,c,NA,credit_card
Chase Amazon Visa 5154,2025-09-10,38.37,Amazon Marketplace,NA,Household,FALSE,c,NA,credit_card
Citi /AAdvantage Executive World Elite Mastercard,2025-09-10,18.96,"Savul, Ankara Kebab Genève CHE",NA,Dining-Restaurants,FALSE,c,NA,credit_card
Hilton Honors AMEX 1009,2025-09-10,3.21,Dollar Tree,NA,Household,FALSE,c,NA,credit_card
Citi /AAdvantage Executive World Elite Mastercard,2025-09-11,3,Csc Serviceworks,NA,Web-Internet,FALSE,c,NA,credit_card
Citi /AAdvantage Executive World Elite Mastercard,2025-09-11,235.4,Payment to AT&T,NA,Telephone-Cellular,FALSE,c,NA,credit_card
Hilton Honors AMEX 1009,2025-09-11,5.34,McDonald's,NA,Dining-Restaurants,FALSE,c,NA,credit_card
Hilton Honors AMEX 1009,2025-09-11,48.69,Ace Hardware,NA,Home Improvement,FALSE,c,NA,credit_card
Hilton Honors AMEX 1009,2025-09-11,25,NAIL SPA,NA,Fitness-Personal Care,FALSE,c,NA,credit_card
Hilton Honors AMEX 1009,2025-09-11,159.16,Total Wine & More,NA,Groceries,FALSE,c,NA,credit_card
Hilton Honors AMEX 1009,2025-09-11,60.58,UEP*SUMI SUSHI 00000LEESBURG FL,NA,Dining-Restaurants,FALSE,c,NA,credit_card
Chase Amazon Visa 5154,2025-09-12,108.01,Amazon Marketplace,NA,Household,FALSE,c,NA,credit_card
Chase Marriott Bonvoy,2025-09-12,62,Nespresso,NA,Groceries,FALSE,c,NA,credit_card
Chase Marriott Bonvoy,2025-09-12,72.9,Nespresso,NA,Groceries,FALSE,c,NA,credit_card
Citi /AAdvantage Executive World Elite Mastercard,2025-09-12,10,SunPass Operations,NA,Travel,FALSE,c,NA,credit_card
Citi /AAdvantage Executive World Elite Mastercard,2025-09-12,115.6,INTEREST CHARGED TO STANDARD PURCH,NA,Service Charges-Fees,FALSE,c,NA,credit_card
Hilton Honors AMEX 1009,2025-09-12,31.89,Amazon Marketplace,NA,Household,FALSE,c,NA,credit_card
Citi /AAdvantage Executive World Elite Mastercard,2025-09-13,12.83,Coop Pronto,NA,Groceries,FALSE,c,NA,credit_card
Hilton Honors AMEX 1009,2025-09-13,1.34,Dollar Tree,NA,Household,FALSE,c,NA,credit_card
Chase Amazon Visa 5154,2025-09-14,90.14,Amazon Marketplace,NA,Household,FALSE,c,NA,credit_card
Chase Amazon Visa 5154,2025-09-14,11.99,Amazon Kindle,NA,Recreation-Hobbies,FALSE,c,NA,credit_card
Citi /AAdvantage Executive World Elite Mastercard,2025-09-14,72.51,American Airlines,NA,Travel,FALSE,c,NA,credit_card
Hilton Honors AMEX 1009,2025-09-14,78.14,ALDI,NA,Groceries,FALSE,c,NA,credit_card
Citi /AAdvantage Executive World Elite Mastercard,2025-09-15,27.89,Apple,NA,Electronics,FALSE,c,NA,credit_card
Citi /AAdvantage Executive World Elite Mastercard,2025-09-15,15.6,Relay Nyon CFF NYON CHE,NA,Dining-Restaurants,FALSE,c,NA,credit_card
Chase Amazon Visa 5154,2025-09-16,31.05,Amazon Marketplace,NA,Household,FALSE,c,NA,credit_card
Chase Amazon Visa 5154,2025-09-16,24.29,Amazon Marketplace,NA,Household,FALSE,c,NA,credit_card
Chase Amazon Visa 5154,2025-09-16,60.39,Amazon Marketplace,NA,Household,FALSE,c,NA,credit_card
Chase Amazon Visa 5154,2025-09-16,35.99,Amazon Marketplace,NA,Household,FALSE,c,NA,credit_card
Chase Amazon Visa 5154,2025-09-16,99.09,Amazon Marketplace,NA,Household,FALSE,c,NA,credit_card
Chase Marriott Bonvoy,2025-09-16,139,ENTRADAS Y BONOS LIBERB,NA,Clothing-Shoes,FALSE,c,NA,credit_card
Chase Marriott Bonvoy,2025-09-16,52.57,ALDI,NA,Groceries,FALSE,c,NA,credit_card
Citi /AAdvantage Executive World Elite Mastercard,2025-09-16,99,SP MUIR WAY SAN DIEGO CA,NA,Clothing-Shoes,FALSE,c,NA,credit_card
Citi /AAdvantage Executive World Elite Mastercard,2025-09-16,13.86,GE TACOS Genève CHE,NA,Dining-Restaurants,FALSE,c,NA,credit_card
Hilton Honors AMEX 1009,2025-09-16,9.97,Walgreens,NA,Medical-Healthcare,FALSE,c,NA,credit_card
Hilton Honors AMEX 1009,2025-09-16,51.92,Amazon Marketplace,NA,Household,FALSE,c,NA,credit_card
Chase Amazon Visa 5154,2025-09-17,5.49,Amazon Prime Video,NA,Entertainment,FALSE,c,NA,credit_card
Chase Marriott Bonvoy,2025-09-17,54.95,Chevron,NA,Gasoline-Fuel,FALSE,c,NA,credit_card
Citi /AAdvantage Executive World Elite Mastercard,2025-09-17,26,CONSUMERREPRTSONHEALTH XX-0663 NY,NA,Medical-Healthcare,FALSE,c,NA,credit_card
Citi /AAdvantage Executive World Elite Mastercard,2025-09-17,4.99,Apple,NA,Electronics,FALSE,c,NA,credit_card
Citi /AAdvantage Executive World Elite Mastercard,2025-09-17,4.83,Relay Nyon CFF NYON CHE,NA,Dining-Restaurants,FALSE,c,NA,credit_card
Citi /AAdvantage Executive World Elite Mastercard,2025-09-17,14.99,SUPER * SUPER+ XX2577 CA,NA,Travel,FALSE,c,NA,credit_card
Chase Amazon Visa 5154,2025-09-18,19.99,Amazon,NA,Household,FALSE,c,NA,credit_card
Chase Amazon Visa 5154,2025-09-18,46.34,Amazon Marketplace,NA,Household,FALSE,c,NA,credit_card
Chase Marriott Bonvoy,2025-09-18,15.37,Publix,NA,Groceries,FALSE,c,NA,credit_card
Chase Marriott Bonvoy,2025-09-18,7.05,SOUTH LEESBURG ACE,NA,Home Improvement,FALSE,c,NA,credit_card
Citi /AAdvantage Executive World Elite Mastercard,2025-09-18,70,SQ *SPEARS PEST CONTRO Leesburg FL,NA,Home Maintenance,FALSE,c,NA,credit_card
Citi /AAdvantage Executive World Elite Mastercard,2025-09-18,11.5,Fisher's Pub,NA,Dining-Restaurants,FALSE,c,NA,credit_card
Citi /AAdvantage Executive World Elite Mastercard,2025-09-18,15.15,Coop Pronto,NA,Groceries,FALSE,c,NA,credit_card
Chase Marriott Bonvoy,2025-09-19,21.3,Walmart,NA,Household,FALSE,c,NA,credit_card
Citi /AAdvantage Executive World Elite Mastercard,2025-09-19,1709.4,WINDSTAR CRUISE RESERV SEATTLE WA,NA,Travel,FALSE,c,NA,credit_card
Hilton Honors AMEX 1009,2025-09-19,9.63,Walmart,NA,Household,FALSE,c,NA,credit_card
Chase Amazon Visa 5154,2025-09-20,6.59,Amazon Prime Video,NA,Entertainment,FALSE,c,NA,credit_card
Chase Marriott Bonvoy,2025-09-20,14.19,YALAHA BAKERY LLC,NA,Dining-Restaurants,FALSE,c,NA,credit_card
Citi /AAdvantage Executive World Elite Mastercard,2025-09-20,9.99,Apple,NA,Electronics,FALSE,c,NA,credit_card
Citi /AAdvantage Executive World Elite Mastercard,2025-09-20,8.85,GONDELBAHN GRÄCHEN-HAN Grächen CHE,NA,Dining-Restaurants,FALSE,c,NA,credit_card
Chase Marriott Bonvoy,2025-09-21,993.05,SONDER.COM,NA,Miscellaneous Expenses,FALSE,c,NA,credit_card
Chase Marriott Bonvoy,2025-09-21,35,Beast,NA,Dining-Restaurants,FALSE,c,NA,credit_card
Chase Marriott Bonvoy,2025-09-21,16.99,Hbo Max,NA,Entertainment,FALSE,c,NA,credit_card
Chase Marriott Bonvoy,2025-09-21,10,Central Florida Expressway,NA,Travel,FALSE,c,NA,credit_card
Citi /AAdvantage Executive World Elite Mastercard,2025-09-21,16.55,Bahnhofkiosk Visp CHE,NA,Dining-Restaurants,FALSE,c,NA,credit_card
Hilton Honors AMEX 1009,2025-09-21,47.94,RFUNEWS.COM TSIM SHA TSUI HK,NA,Miscellaneous Expenses,FALSE,c,NA,credit_card
Chase Amazon Visa 5154,2025-09-22,25.74,Amazon Marketplace,NA,Household,FALSE,c,NA,credit_card
Chase Amazon Visa 5154,2025-09-22,7.48,Amazon Marketplace,NA,Household,FALSE,c,NA,credit_card
Chase Amazon Visa 5154,2025-09-22,56.56,Amazon Marketplace,NA,Household,FALSE,c,NA,credit_card
Chase Amazon Visa 5154,2025-09-22,39.58,Amazon Marketplace,NA,Household,FALSE,c,NA,credit_card
Chase Amazon Visa 5154,2025-09-22,169.99,Amazon Marketplace,NA,Household,FALSE,c,NA,credit_card
Chase Marriott Bonvoy,2025-09-22,28.32,TST*LUNA AZUL AUTHENTIC,NA,Dining-Restaurants,FALSE,c,NA,credit_card
Citi /AAdvantage Executive World Elite Mastercard,2025-09-22,1277.58,Apple,NA,Electronics,FALSE,c,NA,credit_card
Citi /AAdvantage Executive World Elite Mastercard,2025-09-22,1.44,Apple,NA,Electronics,FALSE,c,NA,credit_card
Citi /AAdvantage Executive World Elite Mastercard,2025-09-22,700.85,Apple,NA,Electronics,FALSE,c,NA,credit_card
Hilton Honors AMEX 1009,2025-09-22,34.47,Amazon Marketplace,NA,Household,FALSE,c,NA,credit_card
Chase Marriott Bonvoy,2025-09-23,31,Sunoco,NA,Gasoline-Fuel,FALSE,c,NA,credit_card
Chase Marriott Bonvoy,2025-09-23,15.89,Publix,NA,Groceries,FALSE,c,NA,credit_card
Chase Marriott Bonvoy,2025-09-23,45.56,ALDI,NA,Groceries,FALSE,c,NA,credit_card
Citi /AAdvantage Executive World Elite Mastercard,2025-09-23,7.68,Netflix,NA,Entertainment,FALSE,c,NA,credit_card
Hilton Honors AMEX 1009,2025-09-23,76.03,Amazon Marketplace,NA,Household,FALSE,c,NA,credit_card
Chase Amazon Visa 5154,2025-09-24,5.49,Amazon Prime Video,NA,Entertainment,FALSE,c,NA,credit_card
Chase Amazon Visa 5154,2025-09-24,37.63,Amazon Marketplace,NA,Household,FALSE,c,NA,credit_card
Chase Amazon Visa 5154,2025-09-24,40.65,Amazon Marketplace,NA,Household,FALSE,c,NA,credit_card
Chase Marriott Bonvoy,2025-09-24,10.2,YALAHA BAKERY LLC,NA,Dining-Restaurants,FALSE,c,NA,credit_card
Chase Marriott Bonvoy,2025-09-24,8.26,Publix,NA,Groceries,FALSE,c,NA,credit_card
Chase Marriott Bonvoy,2025-09-24,10.95,Chick-fil-A,NA,Dining-Restaurants,FALSE,c,NA,credit_card
Chase Marriott Bonvoy,2025-09-24,282.2,Apple,NA,Electronics,FALSE,c,NA,credit_card
Hilton Honors AMEX 1009,2025-09-24,59.47,Amazon Marketplace,NA,Household,FALSE,c,NA,credit_card
Chase Amazon Visa 5154,2025-09-25,8.79,Amazon Prime Video,NA,Entertainment,FALSE,c,NA,credit_card
Chase Marriott Bonvoy,2025-09-25,9.3,YALAHA BAKERY LLC,NA,Dining-Restaurants,FALSE,c,NA,credit_card
Citi /AAdvantage Executive World Elite Mastercard,2025-09-25,8.85,SumUp,NA,Dining-Restaurants,FALSE,c,NA,credit_card
Citi /AAdvantage Executive World Elite Mastercard,2025-09-25,9.99,Apple,NA,Electronics,FALSE,c,NA,credit_card
Hilton Honors AMEX 1009,2025-09-25,56.26,Amazon Marketplace,NA,Household,FALSE,c,NA,credit_card
Chase Marriott Bonvoy,2025-09-26,23.34,HARRY'S OF GAINESVILLE,NA,Automotive Maintenance,FALSE,c,NA,credit_card
Chase Marriott Bonvoy,2025-09-26,3.49,Opus Coffee,NA,Dining-Restaurants,FALSE,c,NA,credit_card
Chase Marriott Bonvoy,2025-09-26,36.52,BP Global,NA,Gasoline-Fuel,FALSE,c,NA,credit_card
Citi /AAdvantage Executive World Elite Mastercard,2025-09-26,50,PY *FREEDOM FROM RELI MADISON WI,NA,Charitable Donations,FALSE,c,NA,credit_card
Citi /AAdvantage Executive World Elite Mastercard,2025-09-26,18.51,Relay GE CFF PL Ou GENEVE CHE,NA,Groceries,FALSE,c,NA,credit_card
Citi /AAdvantage Executive World Elite Mastercard,2025-09-26,19.19,HARRY'S OF GAINESVILLE GAINESVILLE FL,NA,Automotive Maintenance,FALSE,c,NA,credit_card
Citi /AAdvantage Executive World Elite Mastercard,2025-09-26,56.08,Payment to AT&T,NA,Telephone-Cellular,FALSE,c,NA,credit_card
Hilton Honors AMEX 1009,2025-09-26,55.84,Amazon Marketplace,NA,Household,FALSE,c,NA,credit_card
Hilton Honors AMEX 1009,2025-09-26,0.85,City Of Gainesville,NA,Web-Internet,FALSE,c,NA,credit_card
Hilton Honors AMEX 1009,2025-09-26,123.05,Amazon Marketplace,NA,Household,FALSE,c,NA,credit_card
Chase Amazon Visa 5154,2025-09-27,11.26,Amazon Marketplace,NA,Household,FALSE,c,NA,credit_card
Chase Marriott Bonvoy,2025-09-27,9.3,YALAHA BAKERY LLC,NA,Dining-Restaurants,FALSE,c,NA,credit_card
Chase Marriott Bonvoy,2025-09-27,26.81,Store,NA,Gasoline-Fuel,FALSE,c,NA,credit_card
Chase Marriott Bonvoy,2025-09-27,118.16,Total Wine & More,NA,Groceries,FALSE,c,NA,credit_card
Chase Marriott Bonvoy,2025-09-27,33.72,Office Depot,NA,Office Supplies,FALSE,c,NA,credit_card
Citi /AAdvantage Executive World Elite Mastercard,2025-09-27,12.92,Drinks of the World Ba Basel CHE,NA,Dining-Restaurants,FALSE,c,NA,credit_card
Citi /AAdvantage Executive World Elite Mastercard,2025-09-27,4.77,167.21 kkiosk Basel CHE,NA,Groceries,FALSE,c,NA,credit_card
Citi /AAdvantage Executive World Elite Mastercard,2025-09-27,21.83,Bahnhofkiosk Welle Bern CHE,NA,Dining-Restaurants,FALSE,c,NA,credit_card
Citi /AAdvantage Executive World Elite Mastercard,2025-09-27,16.39,Raza's Grillhaus Loerrach DEU,NA,Dining-Restaurants,FALSE,c,NA,credit_card
Hilton Honors AMEX 1009,2025-09-27,87.8,Amazon Marketplace,NA,Household,FALSE,c,NA,credit_card
Hilton Honors AMEX 1009,2025-09-27,68.62,Amazon Marketplace,NA,Household,FALSE,c,NA,credit_card
Chase Amazon Visa 5154,2025-09-28,101.97,Amazon Marketplace,NA,Household,FALSE,c,NA,credit_card
Chase Amazon Visa 5154,2025-09-28,50.91,Amazon Marketplace,NA,Household,FALSE,c,NA,credit_card
Chase Marriott Bonvoy,2025-09-28,49,Coursera,NA,Web-Internet,FALSE,c,NA,credit_card
Citi /AAdvantage Executive World Elite Mastercard,2025-09-28,40.27,Apple,NA,Electronics,FALSE,c,NA,credit_card
Citi /AAdvantage Executive World Elite Mastercard,2025-09-28,14.49,Coop Pronto,NA,Groceries,FALSE,c,NA,credit_card
Citi /AAdvantage Executive World Elite Mastercard,2025-09-28,49.99,Seed.com,NA,Medical-Healthcare,FALSE,c,NA,credit_card
Hilton Honors AMEX 1009,2025-09-28,56.06,Amazon Marketplace,NA,Household,FALSE,c,NA,credit_card
Chase Marriott Bonvoy,2025-09-29,28.32,TST*LUNA AZUL AUTHENTIC,NA,Dining-Restaurants,FALSE,c,NA,credit_card
Citi /AAdvantage Executive World Elite Mastercard,2025-09-29,2.63,Migros MM Les Cygnes G Genève CHE,NA,Groceries,FALSE,c,NA,credit_card
Hilton Honors AMEX 1009,2025-09-29,56.2,Amazon Marketplace,NA,Household,FALSE,c,NA,credit_card
Chase Marriott Bonvoy,2025-09-30,62.55,Persis Indian Grill,NA,Dining-Restaurants,FALSE,c,NA,credit_card
Chase Marriott Bonvoy,2025-09-30,14.25,YALAHA BAKERY LLC,NA,Dining-Restaurants,FALSE,c,NA,credit_card
Chase Marriott Bonvoy,2025-09-30,146.59,Carbon2cobalt,NA,Clothing-Shoes,FALSE,c,NA,credit_card
Citi /AAdvantage Executive World Elite Mastercard,2025-09-30,66,American Airlines,NA,Travel,FALSE,c,NA,credit_card
Citi /AAdvantage Executive World Elite Mastercard,2025-09-30,12,Avianca,NA,Travel,FALSE,c,NA,credit_card
Hilton Honors AMEX 1009,2025-09-30,45.38,Amazon Marketplace,NA,Household,FALSE,c,NA,credit_card
Hilton Honors AMEX 1009,2025-09-30,56.18,Amazon Marketplace,NA,Household,FALSE,c,NA,credit_card
Hilton Honors AMEX 1009,2025-09-30,7.08,Payment to Florida Blue,NA,Insurance,FALSE,c,NA,credit_card
Hilton Honors AMEX 1009,2025-09-30,189.53,MEDICINA PREPAGADA CCALI,NA,Medical-Healthcare,FALSE,c,NA,credit_card
Chase Amazon Visa 5154,2025-10-01,109.02,Amazon,NA,Household,FALSE,c,NA,credit_card
Chase Amazon Visa 5154,2025-10-01,14.29,Amazon Prime Video,NA,Entertainment,FALSE,c,NA,credit_card
Chase Marriott Bonvoy,2025-10-01,20.95,UNION CNCRND SCIENTISTS,NA,Miscellaneous Expenses,FALSE,c,NA,credit_card
Chase Marriott Bonvoy,2025-10-01,17.85,GOOGLE *GSUITE_climati,NA,Web-Internet,FALSE,c,NA,credit_card
Chase Marriott Bonvoy,2025-10-01,26.54,Publix,NA,Groceries,FALSE,c,NA,credit_card
Citi /AAdvantage Executive World Elite Mastercard,2025-10-01,161.95,Payment to Usaa Property And Casualty Insurance,NA,Insurance,FALSE,c,NA,credit_card
Hilton Honors AMEX 1009,2025-10-01,246.69,Amazon Marketplace,NA,Household,FALSE,c,NA,credit_card
Hilton Honors AMEX 1009,2025-10-01,70.26,Amazon Marketplace,NA,Household,FALSE,c,NA,credit_card
Hilton Honors AMEX 1009,2025-10-01,192.93,Amazon Marketplace,NA,Household,FALSE,c,NA,credit_card
Chase Marriott Bonvoy,2025-10-02,64.25,ALDI,NA,Groceries,FALSE,c,NA,credit_card
Chase Marriott Bonvoy,2025-10-02,28.12,Publix,NA,Groceries,FALSE,c,NA,credit_card
Citi /AAdvantage Executive World Elite Mastercard,2025-10-02,410.5,American Airlines,NA,Travel,FALSE,c,NA,credit_card
Citi /AAdvantage Executive World Elite Mastercard,2025-10-02,482.5,American Airlines,NA,Travel,FALSE,c,NA,credit_card
Citi /AAdvantage Executive World Elite Mastercard,2025-10-02,3581.36,SP ANKER SOLIX ONTARIO CA,NA,Dining-Restaurants,FALSE,c,NA,credit_card
Citi /AAdvantage Executive World Elite Mastercard,2025-10-02,27.47,Sirius XM,NA,Entertainment,FALSE,c,NA,credit_card
Hilton Honors AMEX 1009,2025-10-02,9.36,Dollar Tree,NA,Household,FALSE,c,NA,credit_card
Hilton Honors AMEX 1009,2025-10-02,115.95,Amazon Marketplace,NA,Household,FALSE,c,NA,credit_card
Chase Marriott Bonvoy,2025-10-03,43.87,Oakwood Smokehouse & Grill,NA,Dining-Restaurants,FALSE,c,NA,credit_card
Chase Marriott Bonvoy,2025-10-03,32.41,ExxonMobil,NA,Gasoline-Fuel,FALSE,c,NA,credit_card
Citi /AAdvantage Executive World Elite Mastercard,2025-10-03,72.83,American Airlines,NA,Travel,FALSE,c,NA,credit_card
Hilton Honors AMEX 1009,2025-10-03,209.02,Amazon Marketplace,NA,Household,FALSE,c,NA,credit_card
Chase Marriott Bonvoy,2025-10-04,50.58,Sling TV,NA,Entertainment,FALSE,c,NA,credit_card
Citi /AAdvantage Executive World Elite Mastercard,2025-10-04,20.6,American Airlines,NA,Travel,FALSE,c,NA,credit_card
Citi /AAdvantage Executive World Elite Mastercard,2025-10-04,24,Duty Free Americas,NA,Household,FALSE,c,NA,credit_card
Chase Marriott Bonvoy,2025-10-05,25,HEARST* POPULAR MECHAN,NA,Household,FALSE,c,NA,credit_card
Chase Marriott Bonvoy,2025-10-05,135.91,Zoom Video Communications,NA,Web-Internet,FALSE,c,NA,credit_card
Citi /AAdvantage Executive World Elite Mastercard,2025-10-05,10,SunPass Operations,NA,Travel,FALSE,c,NA,credit_card
Citi /AAdvantage Executive World Elite Mastercard,2025-10-05,28.32,TST*LUNA AZUL AUTHENTI Leesburg FL,NA,Dining-Restaurants,FALSE,c,NA,credit_card
Chase Marriott Bonvoy,2025-10-06,95.95,PADDLE.NET* MACPAW.COM,NA,Miscellaneous Expenses,FALSE,c,NA,credit_card
Chase Marriott Bonvoy,2025-10-06,10,FS *dall-efree,NA,Web-Internet,FALSE,c,NA,credit_card
Chase Marriott Bonvoy,2025-10-06,6.41,Wendy's,NA,Dining-Restaurants,FALSE,c,NA,credit_card
Citi /AAdvantage Executive World Elite Mastercard,2025-10-06,50.33,Nine Line Apparel,NA,Clothing-Shoes,FALSE,c,NA,credit_card
Chase Marriott Bonvoy,2025-10-07,14,GitHub,NA,Web-Internet,FALSE,c,NA,credit_card
Citi /AAdvantage Executive World Elite Mastercard,2025-10-07,113.92,Digital,NA,Recreation-Hobbies,FALSE,c,NA,credit_card
Hilton Honors AMEX 1009,2025-10-07,40.45,PROSEGUR VIGILA Y SEBOGOTA D.C.,NA,Miscellaneous Expenses,FALSE,c,NA,credit_card
Chase Marriott Bonvoy,2025-10-08,44.22,TST*LUNA AZUL AUTHENTIC,NA,Dining-Restaurants,FALSE,c,NA,credit_card
Citi /AAdvantage Executive World Elite Mastercard,2025-10-08,12.99,Apple,NA,Electronics,FALSE,c,NA,credit_card
Citi /AAdvantage Executive World Elite Mastercard,2025-10-08,34.99,Apple,NA,Electronics,FALSE,c,NA,credit_card
Citi /AAdvantage Executive World Elite Mastercard,2025-10-08,43.92,Arepas La Montana,NA,Groceries,FALSE,c,NA,credit_card
Chase Marriott Bonvoy,2025-10-09,48.2,UEP*SUMI SUSHI,NA,Dining-Restaurants,FALSE,c,NA,credit_card
Citi /AAdvantage Executive World Elite Mastercard,2025-10-09,4.5,Wikipedia,NA,Web-Internet,FALSE,c,NA,credit_card
Chase Marriott Bonvoy,2025-10-10,90.56,"SQ *NO PRESSURE, INC.",NA,Miscellaneous Expenses,FALSE,c,NA,credit_card
Chase Marriott Bonvoy,2025-10-10,110.47,Nespresso,NA,Groceries,FALSE,c,NA,credit_card
Chase Marriott Bonvoy,2025-10-10,168.14,Ryan Air,NA,Travel,FALSE,c,NA,credit_card
Citi /AAdvantage Executive World Elite Mastercard,2025-10-10,9718.6,WINDSTAR CRUISE RESERV SEATTLE WA,NA,Travel,FALSE,c,NA,credit_card
Citi /AAdvantage Executive World Elite Mastercard,2025-10-10,250.22,Booking.com,NA,Travel,FALSE,c,NA,credit_card
Citi /AAdvantage Executive World Elite Mastercard,2025-10-10,95.18,Booking.com,NA,Travel,FALSE,c,NA,credit_card
Citi /AAdvantage Executive World Elite Mastercard,2025-10-11,239.93,Payment to AT&T,NA,Telephone-Cellular,FALSE,c,NA,credit_card
Citi /AAdvantage Executive World Elite Mastercard,2025-10-11,29.99,Apple,NA,Electronics,FALSE,c,NA,credit_card
Citi /AAdvantage Executive World Elite Mastercard,2025-10-11,9.1,J D Wetherspoon,NA,Dining-Restaurants,FALSE,c,NA,credit_card
Citi /AAdvantage Executive World Elite Mastercard,2025-10-11,5.32,J D Wetherspoon,NA,Dining-Restaurants,FALSE,c,NA,credit_card
Hilton Honors AMEX 1009,2025-10-11,117.69,Wayfair,NA,Household,FALSE,c,NA,credit_card
Chase Marriott Bonvoy,2025-10-12,117.43,ALDI,NA,Groceries,FALSE,c,NA,credit_card
Chase Marriott Bonvoy,2025-10-12,160.24,REI,NA,Household,FALSE,c,NA,credit_card
Chase Marriott Bonvoy,2025-10-12,29.32,TST*LUNA AZUL AUTHENTIC,NA,Dining-Restaurants,FALSE,c,NA,credit_card
Citi /AAdvantage Executive World Elite Mastercard,2025-10-12,13.38,NEWS KIOSK LONDON BRID LONDON GBR,NA,Household,FALSE,c,NA,credit_card
Citi /AAdvantage Executive World Elite Mastercard,2025-10-12,408.99,23andme,NA,Medical-Healthcare,FALSE,c,NA,credit_card
Citi /AAdvantage Executive World Elite Mastercard,2025-10-12,8.01,WH Smith Kings Cross W London GBR,NA,Household,FALSE,c,NA,credit_card
Chase Marriott Bonvoy,2025-10-13,120,Docusign,NA,Web-Internet,FALSE,c,NA,credit_card
Chase Marriott Bonvoy,2025-10-13,108,Nespresso,NA,Groceries,FALSE,c,NA,credit_card
Chase Amazon Visa 5154,2025-10-14,11.99,Amazon Kindle,NA,Recreation-Hobbies,FALSE,c,NA,credit_card
Chase Amazon Visa 5154,2025-10-14,85.59,Amazon Marketplace,NA,Household,FALSE,c,NA,credit_card
Chase Amazon Visa 5154,2025-10-14,67.09,Amazon Marketplace,NA,Household,FALSE,c,NA,credit_card
Chase Amazon Visa 5154,2025-10-14,35.99,Amazon Marketplace,NA,Household,FALSE,c,NA,credit_card
Chase Marriott Bonvoy,2025-10-14,364.61,SAN DIEGO AUTOKOREANA,NA,Automotive Maintenance,FALSE,c,NA,credit_card
Chase Marriott Bonvoy,2025-10-14,6.41,Wendy's,NA,Dining-Restaurants,FALSE,c,NA,credit_card
Chase Marriott Bonvoy,2025-10-14,361.56,SQ *THE FRAMEMAKERS' GALL,NA,Dining-Restaurants,FALSE,c,NA,credit_card
Chase Marriott Bonvoy,2025-10-14,80.87,Charlotte's Web,NA,Fitness-Personal Care,FALSE,c,NA,credit_card
Chase Amazon Visa 5154,2025-10-15,95.04,Amazon Marketplace,NA,Household,FALSE,c,NA,credit_card
Chase Marriott Bonvoy,2025-10-15,19.27,Home Center,NA,Home Improvement,FALSE,c,NA,credit_card
Chase Marriott Bonvoy,2025-10-15,1800,IN *HUNDLEY MECHANICAL,NA,Miscellaneous Expenses,FALSE,c,NA,credit_card
Citi /AAdvantage Executive World Elite Mastercard,2025-10-15,20.6,American Airlines,NA,Travel,FALSE,c,NA,credit_card
Citi /AAdvantage Executive World Elite Mastercard,2025-10-15,27.89,Apple,NA,Electronics,FALSE,c,NA,credit_card
Citi /AAdvantage Executive World Elite Mastercard,2025-10-15,124.12,Apple,NA,Electronics,FALSE,c,NA,credit_card
Citi /AAdvantage Executive World Elite Mastercard,2025-10-16,961.93,Apple,NA,Electronics,FALSE,c,NA,credit_card
Chase Amazon Visa 5154,2025-10-17,24.29,Amazon Marketplace,NA,Household,FALSE,c,NA,credit_card
Chase Amazon Visa 5154,2025-10-17,5.49,Amazon Prime Video,NA,Entertainment,FALSE,c,NA,credit_card
Chase Amazon Visa 5154,2025-10-17,96.29,Amazon Marketplace,NA,Household,FALSE,c,NA,credit_card
Chase Marriott Bonvoy,2025-10-17,9.3,YALAHA BAKERY LLC,NA,Dining-Restaurants,FALSE,c,NA,credit_card
Chase Marriott Bonvoy,2025-10-17,43.41,Costco Gas Stations,NA,Gasoline-Fuel,FALSE,c,NA,credit_card
Chase Marriott Bonvoy,2025-10-17,394.29,Costco,NA,Household,FALSE,c,NA,credit_card
Citi /AAdvantage Executive World Elite Mastercard,2025-10-17,14.99,SUPER * SUPER+ XX2577 CA,NA,Travel,FALSE,c,NA,credit_card
Citi /AAdvantage Executive World Elite Mastercard,2025-10-17,10,SunPass Operations,NA,Travel,FALSE,c,NA,credit_card
Hilton Honors AMEX 1009,2025-10-17,20,WWW.PERPLEXITY.AI SAN FRANCISCO CA,NA,Travel,FALSE,c,NA,credit_card
Chase Marriott Bonvoy,2025-10-18,19.12,ALDI,NA,Groceries,FALSE,c,NA,credit_card
Chase Marriott Bonvoy,2025-10-18,41.59,UEP*SUMI SUSHI,NA,Dining-Restaurants,FALSE,c,NA,credit_card
Chase Marriott Bonvoy,2025-10-18,6.34,Publix,NA,Groceries,FALSE,c,NA,credit_card
Citi /AAdvantage Executive World Elite Mastercard,2025-10-18,19.06,MAD CLUB SHOP LAUSANNE CHE,NA,Dining-Restaurants,FALSE,c,NA,credit_card
Chase Marriott Bonvoy,2025-10-19,408.99,23andme,NA,Medical-Healthcare,FALSE,c,NA,credit_card
Citi /AAdvantage Executive World Elite Mastercard,2025-10-19,15.25,Le Mad Lausanne CHE,NA,Dining-Restaurants,FALSE,c,NA,credit_card
Chase Amazon Visa 5154,2025-10-20,41.3,Amazon,NA,Household,FALSE,c,NA,credit_card
Chase Amazon Visa 5154,2025-10-20,6.59,Amazon Prime Video,NA,Entertainment,FALSE,c,NA,credit_card
Chase Marriott Bonvoy,2025-10-20,104.95,ONLINE CITATION,NA,Miscellaneous Expenses,FALSE,c,NA,credit_card
Chase Marriott Bonvoy,2025-10-20,68.4,Nespresso,NA,Groceries,FALSE,c,NA,credit_card
Chase Marriott Bonvoy,2025-10-20,1.92,SOUTH LEESBURG ACE,NA,Home Improvement,FALSE,c,NA,credit_card
Citi /AAdvantage Executive World Elite Mastercard,2025-10-20,9.99,Apple,NA,Electronics,FALSE,c,NA,credit_card
Chase Marriott Bonvoy,2025-10-21,62.55,Persis Indian Grill,NA,Dining-Restaurants,FALSE,c,NA,credit_card
Chase Marriott Bonvoy,2025-10-21,117.14,KIA OF CLERMONT-,NA,Automotive Maintenance,FALSE,c,NA,credit_card
Chase Marriott Bonvoy,2025-10-21,16.99,Hbo Max,NA,Entertainment,FALSE,c,NA,credit_card
Chase Marriott Bonvoy,2025-10-21,2.13,Costco,NA,Household,FALSE,c,NA,credit_card
Citi /AAdvantage Executive World Elite Mastercard,2025-10-21,289.28,Blinds.com,NA,Household,FALSE,c,NA,credit_card
Citi /AAdvantage Executive World Elite Mastercard,2025-10-21,15.69,Coop Pronto,NA,Groceries,FALSE,c,NA,credit_card
Chase Marriott Bonvoy,2025-10-23,17.67,Dry Clean City,NA,Fitness-Personal Care,FALSE,c,NA,credit_card
Chase Marriott Bonvoy,2025-10-23,34.43,VKI JAPANESE STEAKHOUSE,NA,Dining-Restaurants,FALSE,c,NA,credit_card
Chase Marriott Bonvoy,2025-10-23,20.17,Publix,NA,Groceries,FALSE,c,NA,credit_card
Chase Marriott Bonvoy,2025-10-23,366.66,Costco,NA,Household,FALSE,c,NA,credit_card
Chase Marriott Bonvoy,2025-10-23,21.47,Publix,NA,Groceries,FALSE,c,NA,credit_card
Citi /AAdvantage Executive World Elite Mastercard,2025-10-23,7.71,Netflix,NA,Entertainment,FALSE,c,NA,credit_card
Chase Amazon Visa 5154,2025-10-24,5.49,Amazon Prime Video,NA,Entertainment,FALSE,c,NA,credit_card
Chase Amazon Visa 5154,2025-10-24,13,Amazon Marketplace,NA,Household,FALSE,c,NA,credit_card
Chase Amazon Visa 5154,2025-10-24,23.36,Amazon Marketplace,NA,Household,FALSE,c,NA,credit_card
Citi /AAdvantage Executive World Elite Mastercard,2025-10-24,137.97,American Airlines,NA,Travel,FALSE,c,NA,credit_card
Chase Amazon Visa 5154,2025-10-25,8.79,Amazon Prime Video,NA,Entertainment,FALSE,c,NA,credit_card
Chase Marriott Bonvoy,2025-10-25,9.3,Yalaha Bakery,NA,Dining-Restaurants,FALSE,c,NA,credit_card
Chase Amazon Visa 5154,2025-10-26,45.24,Amazon Marketplace,NA,Household,FALSE,c,NA,credit_card
Chase Marriott Bonvoy,2025-10-26,27.25,TST*LUNA AZUL AUTHENTIC,NA,Dining-Restaurants,FALSE,c,NA,credit_card
Citi /AAdvantage Executive World Elite Mastercard,2025-10-26,56.07,Payment to AT&T,NA,Telephone-Cellular,FALSE,c,NA,credit_card
Citi /AAdvantage Executive World Elite Mastercard,2025-10-26,9.99,Apple,NA,Electronics,FALSE,c,NA,credit_card
Citi /AAdvantage Executive World Elite Mastercard,2025-10-26,49.99,Seed.com,NA,Medical-Healthcare,FALSE,c,NA,credit_card
Chase Marriott Bonvoy,2025-10-27,135.89,Carbon2cobalt,NA,Clothing-Shoes,FALSE,c,NA,credit_card
Chase Marriott Bonvoy,2025-10-27,191.87,MEDICINA PREPAGADA COO,NA,Medical-Healthcare,FALSE,c,NA,credit_card
Chase Marriott Bonvoy,2025-10-27,9.3,Yalaha Bakery,NA,Dining-Restaurants,FALSE,c,NA,credit_card
Chase Marriott Bonvoy,2025-10-28,49,Coursera,NA,Web-Internet,FALSE,c,NA,credit_card
Chase Marriott Bonvoy,2025-10-28,15,UEP*SUMI SUSHI & HIBACHI,NA,Dining-Restaurants,FALSE,c,NA,credit_card
Chase Marriott Bonvoy,2025-10-28,67.12,INCOGNI* INCOGNI.CO,NA,Miscellaneous Expenses,FALSE,c,NA,credit_card
Chase Marriott Bonvoy,2025-10-28,28.48,ALDI,NA,Groceries,FALSE,c,NA,credit_card
Chase Marriott Bonvoy,2025-10-28,9.99,Costco,NA,Household,FALSE,c,NA,credit_card
Chase Marriott Bonvoy,2025-10-28,838.41,COOMEVA,NA,Miscellaneous Expenses,FALSE,c,NA,credit_card
Citi /AAdvantage Executive World Elite Mastercard,2025-10-28,136.49,Booking.com,NA,Travel,FALSE,c,NA,credit_card
Chase Marriott Bonvoy,2025-10-29,175.1,First Baptist,NA,Charitable Donations,FALSE,c,NA,credit_card
Chase Marriott Bonvoy,2025-10-29,39.69,UEP*SUMI SUSHI & HIBACHI,NA,Dining-Restaurants,FALSE,c,NA,credit_card
Chase Marriott Bonvoy,2025-10-29,10.2,Yalaha Bakery,NA,Dining-Restaurants,FALSE,c,NA,credit_card
Citi /AAdvantage Executive World Elite Mastercard,2025-10-29,40.27,Apple,NA,Electronics,FALSE,c,NA,credit_card
Chase Marriott Bonvoy,2025-10-30,30.92,Costco Gas Stations,NA,Gasoline-Fuel,FALSE,c,NA,credit_card
Chase Marriott Bonvoy,2025-10-30,20.21,ALDI,NA,Groceries,FALSE,c,NA,credit_card
Chase Marriott Bonvoy,2025-10-30,278.99,Costco,NA,Household,FALSE,c,NA,credit_card
Citi /AAdvantage Executive World Elite Mastercard,2025-10-30,12,Avianca,NA,Travel,FALSE,c,NA,credit_card
Citi /AAdvantage Executive World Elite Mastercard,2025-10-31,190.82,American Airlines,NA,Travel,FALSE,c,NA,credit_card
Chase Amazon Visa 5154,2025-11-01,14.29,Amazon Prime Video,NA,Entertainment,FALSE,c,NA,credit_card
Chase Marriott Bonvoy,2025-11-01,17.85,GSuite,NA,Web-Internet,FALSE,c,NA,credit_card
Chase Marriott Bonvoy,2025-11-01,20.95,UNION CNCRND SCIENTISTS,NA,Miscellaneous Expenses,FALSE,c,NA,credit_card
Citi /AAdvantage Executive World Elite Mastercard,2025-11-01,161.95,Payment to Usaa Property And Casualty Insurance,NA,Insurance,FALSE,c,NA,credit_card
Chase Amazon Visa 5154,2025-11-02,71.64,Amazon Marketplace,NA,Household,FALSE,c,NA,credit_card
Chase Amazon Visa 5154,2025-11-02,24.29,Amazon Marketplace,NA,Household,FALSE,c,NA,credit_card
Chase Marriott Bonvoy,2025-11-02,37.64,"N.E SEAFOOD SHACK, LLC",NA,Dining-Restaurants,FALSE,c,NA,credit_card
Chase Marriott Bonvoy,2025-11-02,6.41,Walgreens,NA,Medical-Healthcare,FALSE,c,NA,credit_card
Citi /AAdvantage Executive World Elite Mastercard,2025-11-02,17.99,Apple,NA,Electronics,FALSE,c,NA,credit_card
Hilton Honors AMEX 1009,2025-11-02,64.81,UNE TELCO UNE PAGO EMEDELLIN,NA,Miscellaneous Expenses,FALSE,c,NA,credit_card
Chase Marriott Bonvoy,2025-11-03,5.34,McDonald's,NA,Dining-Restaurants,FALSE,c,NA,credit_card
Chase Marriott Bonvoy,2025-11-03,50.46,Pho Quyen Restaurant,NA,Dining-Restaurants,FALSE,c,NA,credit_card
Chase Marriott Bonvoy,2025-11-03,6434,Oceania Cruises,NA,Travel,FALSE,c,NA,credit_card
Citi /AAdvantage Executive World Elite Mastercard,2025-11-03,27.47,Sirius XM,NA,Entertainment,FALSE,c,NA,credit_card
Chase Amazon Visa 5154,2025-11-04,13.99,Amazon Kindle,NA,Recreation-Hobbies,FALSE,c,NA,credit_card
Chase Marriott Bonvoy,2025-11-04,50.58,Sling TV,NA,Entertainment,FALSE,c,NA,credit_card
Chase Marriott Bonvoy,2025-11-04,2.62,Super 8,NA,Travel,FALSE,c,NA,credit_card
Chase Marriott Bonvoy,2025-11-04,7.55,JANET S PLUS,NA,Clothing-Shoes,FALSE,c,NA,credit_card
Citi /AAdvantage Executive World Elite Mastercard,2025-11-04,10,SunPass Operations,NA,Travel,FALSE,c,NA,credit_card
Chase Amazon Visa 5154,2025-11-05,32.09,Amazon Marketplace,NA,Household,FALSE,c,NA,credit_card
Chase Marriott Bonvoy,2025-11-05,24.4,TST*OAKWOOD SMOKEHOUSE-L,NA,Dining-Restaurants,FALSE,c,NA,credit_card
Chase Marriott Bonvoy,2025-11-05,68.39,SS.SAILY* SAILY,NA,Miscellaneous Expenses,FALSE,c,NA,credit_card
Chase Marriott Bonvoy,2025-11-06,2.27,JANET S PLUS,NA,Clothing-Shoes,FALSE,c,NA,credit_card
Chase Marriott Bonvoy,2025-11-06,29.47,ALDI,NA,Groceries,FALSE,c,NA,credit_card
Chase Marriott Bonvoy,2025-11-06,5.34,McDonald's,NA,Dining-Restaurants,FALSE,c,NA,credit_card
Chase Marriott Bonvoy,2025-11-06,10,FS *dall-efree,NA,Web-Internet,FALSE,c,NA,credit_card
Citi /AAdvantage Executive World Elite Mastercard,2025-11-06,28.26,UEP*SUMI SUSHI & HIBAC LEESBURG FL,NA,Dining-Restaurants,FALSE,c,NA,credit_card
Chase Marriott Bonvoy,2025-11-07,14,GitHub,NA,Web-Internet,FALSE,c,NA,credit_card
Chase Marriott Bonvoy,2025-11-07,188.26,Wayfair,NA,Household,FALSE,c,NA,credit_card
Citi /AAdvantage Executive World Elite Mastercard,2025-11-07,12.99,Apple,NA,Electronics,FALSE,c,NA,credit_card
Chase Amazon Visa 5154,2025-11-08,114.48,Amazon Marketplace,NA,Household,FALSE,c,NA,credit_card
Chase Marriott Bonvoy,2025-11-08,169.5,Nespresso,NA,Groceries,FALSE,c,NA,credit_card
Chase Marriott Bonvoy,2025-11-09,15.5,Little Caesars,NA,Dining-Restaurants,FALSE,c,NA,credit_card
Chase Marriott Bonvoy,2025-11-09,517.88,TRUVAGA.COM,NA,Miscellaneous Expenses,FALSE,c,NA,credit_card
Citi /AAdvantage Executive World Elite Mastercard,2025-11-09,4.5,Wikipedia,NA,Web-Internet,FALSE,c,NA,credit_card
Chase Amazon Visa 5154,2025-11-10,33.99,Amazon Marketplace,NA,Household,FALSE,c,NA,credit_card
Chase Amazon Visa 5154,2025-11-10,6.59,Amazon Prime Video,NA,Entertainment,FALSE,c,NA,credit_card
Chase Marriott Bonvoy,2025-11-10,72,Nespresso,NA,Groceries,FALSE,c,NA,credit_card
Chase Marriott Bonvoy,2025-11-11,45.18,ENTRADAS Y BONOS LIBERB,NA,Dining-Restaurants,FALSE,c,NA,credit_card
Chase Marriott Bonvoy,2025-11-11,47.44,UEP*SUMI SUSHI & HIBACHI,NA,Dining-Restaurants,FALSE,c,NA,credit_card
Citi /AAdvantage Executive World Elite Mastercard,2025-11-11,270.28,Payment to AT&T,NA,Telephone-Cellular,FALSE,c,NA,credit_card
Chase Amazon Visa 5154,2025-11-12,135.24,Amazon Marketplace,NA,Household,FALSE,c,NA,credit_card
Chase Amazon Visa 5154,2025-11-12,70.33,Amazon Marketplace,NA,Household,FALSE,c,NA,credit_card
Chase Amazon Visa 5154,2025-11-12,31.99,Amazon Marketplace,NA,Household,FALSE,c,NA,credit_card
Chase Marriott Bonvoy,2025-11-12,8.05,Farmacia Andrea,NA,Medical-Healthcare,FALSE,c,NA,credit_card
Chase Marriott Bonvoy,2025-11-12,4.16,JANET S PLUS,NA,Clothing-Shoes,FALSE,c,NA,credit_card
Chase Marriott Bonvoy,2025-11-12,24.74,JANET S PLUS,NA,Clothing-Shoes,FALSE,c,NA,credit_card
Chase Marriott Bonvoy,2025-11-12,773.07,Booking.com,NA,Travel,FALSE,c,NA,credit_card
Citi /AAdvantage Executive World Elite Mastercard,2025-11-12,88.69,Total Wine & More,NA,Groceries,FALSE,c,NA,credit_card
Chase Marriott Bonvoy,2025-11-13,68.4,Nespresso,NA,Groceries,FALSE,c,NA,credit_card
Chase Marriott Bonvoy,2025-11-13,41.24,UEP*SUMI SUSHI & HIBACHI,NA,Dining-Restaurants,FALSE,c,NA,credit_card
Chase Amazon Visa 5154,2025-11-14,11.99,Amazon Kindle,NA,Recreation-Hobbies,FALSE,c,NA,credit_card
Chase Marriott Bonvoy,2025-11-14,23.04,TST*LUNA AZUL AUTHENTIC,NA,Dining-Restaurants,FALSE,c,NA,credit_card
Chase Marriott Bonvoy,2025-11-14,45.13,Chevron,NA,Gasoline-Fuel,FALSE,c,NA,credit_card
Chase Marriott Bonvoy,2025-11-14,6.94,Wendy's,NA,Dining-Restaurants,FALSE,c,NA,credit_card
Citi /AAdvantage Executive World Elite Mastercard,2025-11-14,305,Norton AntiVirus,NA,Web-Internet,FALSE,c,NA,credit_card
Citi /AAdvantage Executive World Elite Mastercard,2025-11-14,152.72,INTEREST CHARGED TO STANDARD PURCH,NA,Service Charges-Fees,FALSE,c,NA,credit_card
Citi /AAdvantage Executive World Elite Mastercard,2025-11-14,138.73,American Airlines,NA,Travel,FALSE,c,NA,credit_card
Citi /AAdvantage Executive World Elite Mastercard,2025-11-14,13.7,American Airlines,NA,Travel,FALSE,c,NA,credit_card
Chase Amazon Visa 5154,2025-11-15,208.52,Amazon Marketplace,NA,Household,FALSE,c,NA,credit_card
Chase Marriott Bonvoy,2025-11-15,9.31,ALDI,NA,Groceries,FALSE,c,NA,credit_card
Chase Marriott Bonvoy,2025-11-15,30.89,Publix,NA,Groceries,FALSE,c,NA,credit_card
Chase Marriott Bonvoy,2025-11-15,38.61,FOOD AT*SUMISUSHIHIBAC,NA,Dining-Restaurants,FALSE,c,NA,credit_card
Chase Marriott Bonvoy,2025-11-15,61.16,Wayfair,NA,Household,FALSE,c,NA,credit_card
Citi /AAdvantage Executive World Elite Mastercard,2025-11-15,27.89,Apple,NA,Electronics,FALSE,c,NA,credit_card
Chase Marriott Bonvoy,2025-11-16,69.15,UEP*SUMI SUSHI & HIBACHI,NA,Dining-Restaurants,FALSE,c,NA,credit_card
Chase Amazon Visa 5154,2025-11-17,5.49,Amazon Prime Video,NA,Entertainment,FALSE,c,NA,credit_card
Chase Marriott Bonvoy,2025-11-17,46.65,ALDI,NA,Groceries,FALSE,c,NA,credit_card
Chase Marriott Bonvoy,2025-11-17,14.99,Costco,NA,Household,FALSE,c,NA,credit_card
Citi /AAdvantage Executive World Elite Mastercard,2025-11-17,14.99,Super.com,NA,Travel,FALSE,c,NA,credit_card
Hilton Honors AMEX 1009,2025-11-17,20,WWW.PERPLEXITY.AI SAN FRANCISCO CA,NA,Travel,FALSE,c,NA,credit_card
Chase Amazon Visa 5154,2025-11-18,132.99,Amazon Marketplace,NA,Household,FALSE,c,NA,credit_card
Chase Amazon Visa 5154,2025-11-18,56.56,Amazon Marketplace,NA,Household,FALSE,c,NA,credit_card
Citi /AAdvantage Executive World Elite Mastercard,2025-11-18,17.54,Beef O'brady's,NA,Dining-Restaurants,FALSE,c,NA,credit_card
Chase Marriott Bonvoy,2025-11-19,10.69,REI,NA,Household,FALSE,c,NA,credit_card
Chase Amazon Visa 5154,2025-11-20,6.59,Amazon Prime Video,NA,Entertainment,FALSE,c,NA,credit_card
Chase Marriott Bonvoy,2025-11-20,1007.65,Best Buy,NA,Electronics,FALSE,c,NA,credit_card
Chase Marriott Bonvoy,2025-11-20,212.13,Best Buy,NA,Electronics,FALSE,c,NA,credit_card
Chase Marriott Bonvoy,2025-11-20,31.88,Ceviche Tapas Bar & Restaurant,NA,Dining-Restaurants,FALSE,c,NA,credit_card
Chase Marriott Bonvoy,2025-11-20,47.44,UEP*SUMI SUSHI & HIBACHI,NA,Dining-Restaurants,FALSE,c,NA,credit_card
Citi /AAdvantage Executive World Elite Mastercard,2025-11-20,10,SunPass Operations,NA,Travel,FALSE,c,NA,credit_card
Citi /AAdvantage Executive World Elite Mastercard,2025-11-20,9.99,Apple,NA,Electronics,FALSE,c,NA,credit_card
Chase Marriott Bonvoy,2025-11-21,27.72,ALDI,NA,Groceries,FALSE,c,NA,credit_card
Chase Marriott Bonvoy,2025-11-21,39.65,UEP*SUMI SUSHI & HIBACHI,NA,Dining-Restaurants,FALSE,c,NA,credit_card
Chase Marriott Bonvoy,2025-11-21,18.49,Hbo Max,NA,Entertainment,FALSE,c,NA,credit_card
Chase Amazon Visa 5154,2025-11-22,96.37,Amazon Marketplace,NA,Household,FALSE,c,NA,credit_card
Chase Amazon Visa 5154,2025-11-22,34.36,Amazon,NA,Household,FALSE,c,NA,credit_card
Chase Marriott Bonvoy,2025-11-22,6.84,Arby's,NA,Dining-Restaurants,FALSE,c,NA,credit_card
Chase Marriott Bonvoy,2025-11-22,36.26,Lowe's,NA,Home Improvement,FALSE,c,NA,credit_card
Chase Marriott Bonvoy,2025-11-22,138.64,Charlotte's Web,NA,Fitness-Personal Care,FALSE,c,NA,credit_card
Chase Marriott Bonvoy,2025-11-22,178,The Creamery,NA,Dining-Restaurants,FALSE,c,NA,credit_card
Citi /AAdvantage Executive World Elite Mastercard,2025-11-22,12,Netflix,NA,Entertainment,FALSE,c,NA,credit_card
Chase Amazon Visa 5154,2025-11-23,233.93,Amazon Marketplace,NA,Household,FALSE,c,NA,credit_card
Chase Marriott Bonvoy,2025-11-23,27.25,TST*LUNA AZUL AUTHENTIC,NA,Dining-Restaurants,FALSE,c,NA,credit_card
Chase Marriott Bonvoy,2025-11-23,4.65,Yalaha Bakery,NA,Dining-Restaurants,FALSE,c,NA,credit_card
Citi /AAdvantage Executive World Elite Mastercard,2025-11-23,49.99,Seed.com,NA,Medical-Healthcare,FALSE,c,NA,credit_card
Chase Amazon Visa 5154,2025-11-24,2.19,Amazon Prime Video,NA,Entertainment,FALSE,c,NA,credit_card
Chase Marriott Bonvoy,2025-11-24,89.99,Costco,NA,Household,FALSE,c,NA,credit_card
Chase Marriott Bonvoy,2025-11-24,42.4,Costco Gas Stations,NA,Gasoline-Fuel,FALSE,c,NA,credit_card
Chase Marriott Bonvoy,2025-11-24,41.59,UEP*SUMI SUSHI & HIBACHI,NA,Dining-Restaurants,FALSE,c,NA,credit_card
Chase Marriott Bonvoy,2025-11-24,23,Klean As A Whistle,NA,Home Improvement,FALSE,c,NA,credit_card
Hilton Honors AMEX 1009,2025-11-24,43.15,PROSEGUR VIGILA Y SEBOGOTA D.C.,NA,Miscellaneous Expenses,FALSE,c,NA,credit_card
Chase Amazon Visa 5154,2025-11-25,8.79,Amazon Prime Video,NA,Entertainment,FALSE,c,NA,credit_card
Chase Amazon Visa 5154,2025-11-25,71.63,Amazon Marketplace,NA,Household,FALSE,c,NA,credit_card
Chase Amazon Visa 5154,2025-11-25,102.62,Amazon Marketplace,NA,Household,FALSE,c,NA,credit_card
Chase Marriott Bonvoy,2025-11-25,13.9,Marshalls,NA,Household,FALSE,c,NA,credit_card
Chase Marriott Bonvoy,2025-11-25,7.52,ALDI,NA,Groceries,FALSE,c,NA,credit_card
Chase Marriott Bonvoy,2025-11-25,9.26,Walmart,NA,Household,FALSE,c,NA,credit_card
Citi /AAdvantage Executive World Elite Mastercard,2025-11-25,1650,Taca International,NA,Dining-Restaurants,FALSE,c,NA,credit_card
Citi /AAdvantage Executive World Elite Mastercard,2025-11-25,56.07,Payment to AT&T,NA,Telephone-Cellular,FALSE,c,NA,credit_card
Citi /AAdvantage Executive World Elite Mastercard,2025-11-25,9.99,Apple,NA,Electronics,FALSE,c,NA,credit_card
Citi /AAdvantage Executive World Elite Mastercard,2025-11-25,11.2,American Airlines,NA,Travel,FALSE,c,NA,credit_card
Chase Amazon Visa 5154,2025-11-26,21.54,Amazon Marketplace,NA,Household,FALSE,c,NA,credit_card
Chase Marriott Bonvoy,2025-11-26,22.19,GoDaddy,NA,Web-Internet,FALSE,c,NA,credit_card
Citi /AAdvantage Executive World Elite Mastercard,2025-11-26,72.83,American Airlines,NA,Travel,FALSE,c,NA,credit_card
Chase Marriott Bonvoy,2025-11-28,48.25,UEP*SUMI SUSHI & HIBACHI,NA,Dining-Restaurants,FALSE,c,NA,credit_card
Chase Marriott Bonvoy,2025-11-28,72.75,Wayfair,NA,Household,FALSE,c,NA,credit_card
Citi /AAdvantage Executive World Elite Mastercard,2025-11-28,40.27,Apple,NA,Electronics,FALSE,c,NA,credit_card
Citi /AAdvantage Executive World Elite Mastercard,2025-11-28,196.19,MEDICINA PREPAGADA COO CALI COL,NA,Medical-Healthcare,FALSE,c,NA,credit_card
Chase Amazon Visa 5154,2025-11-29,24.29,Amazon Marketplace,NA,Household,FALSE,c,NA,credit_card
Chase Amazon Visa 5154,2025-11-29,34.18,Amazon,NA,Household,FALSE,c,NA,credit_card
Chase Marriott Bonvoy,2025-11-29,160.47,Costco,NA,Household,FALSE,c,NA,credit_card
Chase Marriott Bonvoy,2025-11-29,46.47,Publix,NA,Groceries,FALSE,c,NA,credit_card
Chase Marriott Bonvoy,2025-11-29,231.11,Wayfair,NA,Household,FALSE,c,NA,credit_card
Citi /AAdvantage Executive World Elite Mastercard,2025-11-29,9406.25,American Airlines,NA,Travel,FALSE,c,NA,credit_card
Hilton Honors AMEX 1009,2025-11-29,34.24,UNE TELCO UNE PAGO EMEDELLIN,NA,Miscellaneous Expenses,FALSE,c,NA,credit_card
Chase Amazon Visa 5154,2025-11-30,62.32,Amazon Marketplace,NA,Household,FALSE,c,NA,credit_card
Chase Amazon Visa 5154,2025-11-30,137.45,Amazon,NA,Household,FALSE,c,NA,credit_card
Chase Amazon Visa 5154,2025-11-30,6.59,Amazon Prime Video,NA,Entertainment,FALSE,c,NA,credit_card
Chase Amazon Visa 5154,2025-11-30,14.29,Amazon Prime Video,NA,Entertainment,FALSE,c,NA,credit_card
Chase Marriott Bonvoy,2025-11-30,460.09,Costco,NA,Household,FALSE,c,NA,credit_card
Chase Marriott Bonvoy,2025-11-30,16.16,ALDI,NA,Groceries,FALSE,c,NA,credit_card
Chase Marriott Bonvoy,2025-11-30,43.5,UEP*SUMI SUSHI & HIBACHI,NA,Dining-Restaurants,FALSE,c,NA,credit_card
Citi /AAdvantage Executive World Elite Mastercard,2025-11-30,12,Avianca,NA,Travel,FALSE,c,NA,credit_card
Chase Amazon Visa 5154,2025-12-01,54.13,Amazon Marketplace,NA,Household,FALSE,c,NA,credit_card
Chase Marriott Bonvoy,2025-12-01,20.95,UNION CNCRND SCIENTISTS,NA,Miscellaneous Expenses,FALSE,c,NA,credit_card
Chase Marriott Bonvoy,2025-12-01,17.85,GSuite,NA,Web-Internet,FALSE,c,NA,credit_card
Citi /AAdvantage Executive World Elite Mastercard,2025-12-01,19.99,IGG SOFT. BANKTIVITY KEIZER OR,NA,Entertainment,FALSE,c,NA,credit_card
Citi /AAdvantage Executive World Elite Mastercard,2025-12-01,59.99,IGG SOFT. BANKTIVITY KEIZER OR,NA,Entertainment,FALSE,c,NA,credit_card
Citi /AAdvantage Executive World Elite Mastercard,2025-12-01,147.8,Payment to Usaa Property And Casualty Insurance,NA,Insurance,FALSE,c,NA,credit_card
Chase Marriott Bonvoy,2025-12-02,25.61,Publix,NA,Groceries,FALSE,c,NA,credit_card
Chase Marriott Bonvoy,2025-12-02,5.53,Vimeo,NA,Entertainment,FALSE,c,NA,credit_card
Chase Marriott Bonvoy,2025-12-02,18.19,"N.E SEAFOOD SHACK, LLC",NA,Dining-Restaurants,FALSE,c,NA,credit_card
Chase Marriott Bonvoy,2025-12-02,26.04,TST*OAKWOOD SMOKEHOUSE-L,NA,Dining-Restaurants,FALSE,c,NA,credit_card
Chase Marriott Bonvoy,2025-12-02,4.98,Yalaha Bakery,NA,Dining-Restaurants,FALSE,c,NA,credit_card
Chase Marriott Bonvoy,2025-12-02,39.81,ExxonMobil,NA,Gasoline-Fuel,FALSE,c,NA,credit_card
Chase Marriott Bonvoy,2025-12-02,89.87,Costco,NA,Household,FALSE,c,NA,credit_card
Citi /AAdvantage Executive World Elite Mastercard,2025-12-02,46.99,Apple,NA,Electronics,FALSE,c,NA,credit_card
Citi /AAdvantage Executive World Elite Mastercard,2025-12-02,168.92,Avis,NA,Travel,FALSE,c,NA,credit_card
Hilton Honors AMEX 1009,2025-12-02,142.76,Paleovalley,NA,Groceries,FALSE,c,NA,credit_card
Chase Marriott Bonvoy,2025-12-03,55.51,The Anchor,NA,Dining-Restaurants,FALSE,c,NA,credit_card
Chase Marriott Bonvoy,2025-12-03,50.58,Sling TV,NA,Entertainment,FALSE,c,NA,credit_card
Citi /AAdvantage Executive World Elite Mastercard,2025-12-03,27.47,Sirius XM,NA,Entertainment,FALSE,c,NA,credit_card
Citi /AAdvantage Executive World Elite Mastercard,2025-12-03,59.5,SP PEAKVISION SUNGLA CONWAY SC,NA,Clothing-Shoes,FALSE,c,NA,credit_card
Citi /AAdvantage Executive World Elite Mastercard,2025-12-04,11,Payment to American Airlines Wi-fi,NA,Cable-Satellite,FALSE,c,NA,credit_card
Citi /AAdvantage Executive World Elite Mastercard,2025-12-04,1030,American Nails,NA,Fitness-Personal Care,FALSE,c,NA,credit_card
Citi /AAdvantage Executive World Elite Mastercard,2025-12-04,5.5,The Anchor Inn,NA,Dining-Restaurants,FALSE,c,NA,credit_card
Chase Marriott Bonvoy,2025-12-05,10,FS *dall-efree,NA,Web-Internet,FALSE,c,NA,credit_card
Citi /AAdvantage Executive World Elite Mastercard,2025-12-05,22.06,Avis,NA,Travel,FALSE,c,NA,credit_card
Citi /AAdvantage Executive World Elite Mastercard,2025-12-05,20.6,American Airlines,NA,Travel,FALSE,c,NA,credit_card
Citi /AAdvantage Executive World Elite Mastercard,2025-12-05,36.18,BP#XX0600M TWELVE QPS ROMULUS MI,NA,Gasoline-Fuel,FALSE,c,NA,credit_card
Citi /AAdvantage Executive World Elite Mastercard,2025-12-05,5.88,McDonald's,NA,Dining-Restaurants,FALSE,c,NA,credit_card
Chase Marriott Bonvoy,2025-12-06,14,GitHub,NA,Web-Internet,FALSE,c,NA,credit_card
Chase Marriott Bonvoy,2025-12-06,22.58,FRESH CITY,NA,Groceries,FALSE,c,NA,credit_card
Citi /AAdvantage Executive World Elite Mastercard,2025-12-06,12.99,Apple,NA,Electronics,FALSE,c,NA,credit_card
Citi /AAdvantage Executive World Elite Mastercard,2025-12-06,141.42,SP CADENSE GOLETA CA,NA,Clothing-Shoes,FALSE,c,NA,credit_card
Chase Amazon Visa 5154,2025-12-07,20.32,Amazon Marketplace,NA,Household,FALSE,c,NA,credit_card
Chase Amazon Visa 5154,2025-12-07,33.99,Amazon Marketplace,NA,Household,FALSE,c,NA,credit_card
Chase Marriott Bonvoy,2025-12-07,40.37,REI,NA,Household,FALSE,c,NA,credit_card
Chase Marriott Bonvoy,2025-12-07,28.26,UEP*SUMI SUSHI & HIBACHI,NA,Dining-Restaurants,FALSE,c,NA,credit_card
Chase Marriott Bonvoy,2025-12-08,51.15,EDS PREMIUM LA SEBASTI,NA,Insurance,FALSE,c,NA,credit_card
Citi /AAdvantage Executive World Elite Mastercard,2025-12-08,4.5,Wikipedia,NA,Web-Internet,FALSE,c,NA,credit_card
Citi /AAdvantage Executive World Elite Mastercard,2025-12-08,28.25,TST*LUNA AZUL AUTHENTI Leesburg FL,NA,Dining-Restaurants,FALSE,c,NA,credit_card
Citi /AAdvantage Executive World Elite Mastercard,2025-12-08,132.09,ILUNION MERIDAPALACE MERIDA ESP,NA,Travel,FALSE,c,NA,credit_card
Citi /AAdvantage Executive World Elite Mastercard,2025-12-08,37.46,American Airlines,NA,Travel,FALSE,c,NA,credit_card
Citi /AAdvantage Executive World Elite Mastercard,2025-12-08,10,SunPass Operations,NA,Travel,FALSE,c,NA,credit_card
Chase Amazon Visa 5154,2025-12-09,6.59,Amazon Prime Video,NA,Entertainment,FALSE,c,NA,credit_card
Chase Amazon Visa 5154,2025-12-09,32.68,Amazon Marketplace,NA,Household,FALSE,c,NA,credit_card
Chase Marriott Bonvoy,2025-12-09,81.45,Nespresso,NA,Groceries,FALSE,c,NA,credit_card
Citi /AAdvantage Executive World Elite Mastercard,2025-12-09,63.25,Coco Thai Cuisine,NA,Dining-Restaurants,FALSE,c,NA,credit_card
Chase Marriott Bonvoy,2025-12-10,4.65,Yalaha Bakery,NA,Dining-Restaurants,FALSE,c,NA,credit_card
Chase Marriott Bonvoy,2025-12-10,36.88,ExxonMobil,NA,Gasoline-Fuel,FALSE,c,NA,credit_card
Chase Marriott Bonvoy,2025-12-10,4.27,ALDI,NA,Groceries,FALSE,c,NA,credit_card
Chase Marriott Bonvoy,2025-12-10,3.99,Walgreens,NA,Medical-Healthcare,FALSE,c,NA,credit_card
Chase Marriott Bonvoy,2025-12-10,35.99,SS.SAILY* SAILY,NA,Miscellaneous Expenses,FALSE,c,NA,credit_card
Chase Marriott Bonvoy,2025-12-10,51.69,UEP*SUMI SUSHI & HIBACHI,NA,Dining-Restaurants,FALSE,c,NA,credit_card
Citi /AAdvantage Executive World Elite Mastercard,2025-12-10,325,Corporate Filings Llc,NA,Web-Internet,FALSE,c,NA,credit_card
Citi /AAdvantage Executive World Elite Mastercard,2025-12-10,20.45,Beef O'brady's,NA,Dining-Restaurants,FALSE,c,NA,credit_card
Citi /AAdvantage Executive World Elite Mastercard,2025-12-10,239.09,Payment to AT&T,NA,Telephone-Cellular,FALSE,c,NA,credit_card
Citi /AAdvantage Executive World Elite Mastercard,2025-12-10,120,SP PEAKVISION SUNGLA CONWAY SC,NA,Clothing-Shoes,FALSE,c,NA,credit_card
Chase Marriott Bonvoy,2025-12-11,52.26,Walgreens,NA,Medical-Healthcare,FALSE,c,NA,credit_card
Chase Marriott Bonvoy,2025-12-11,55.92,TST*LUNA AZUL AUTHENTIC,NA,Dining-Restaurants,FALSE,c,NA,credit_card
Chase Marriott Bonvoy,2025-12-11,13.26,ALDI,NA,Groceries,FALSE,c,NA,credit_card
Citi /AAdvantage Executive World Elite Mastercard,2025-12-11,177.39,INTEREST CHARGED TO PUR PR-12/05/25.,NA,Service Charges-Fees,FALSE,c,NA,credit_card
Citi /AAdvantage Executive World Elite Mastercard,2025-12-11,3.21,INTEREST CHARGED TO STANDARD PURCH,NA,Service Charges-Fees,FALSE,c,NA,credit_card
Chase Marriott Bonvoy,2025-12-12,48.2,UEP*SUMI SUSHI & HIBACHI,NA,Dining-Restaurants,FALSE,c,NA,credit_card
Chase Marriott Bonvoy,2025-12-12,21.04,Walgreens,NA,Medical-Healthcare,FALSE,c,NA,credit_card
Chase Amazon Visa 5154,2025-12-13,11.99,Amazon Kindle,NA,Recreation-Hobbies,FALSE,c,NA,credit_card
Chase Marriott Bonvoy,2025-12-13,30.48,UEP*SUMI SUSHI & HIBACHI,NA,Dining-Restaurants,FALSE,c,NA,credit_card
Citi /AAdvantage Executive World Elite Mastercard,2025-12-13,126.11,SNCF,NA,Travel,FALSE,c,NA,credit_card
Citi /AAdvantage Executive World Elite Mastercard,2025-12-13,188.31,SP MOTT AND BOW NEW YORK NY,NA,Clothing-Shoes,FALSE,c,NA,credit_card
Chase Marriott Bonvoy,2025-12-14,19.47,THE WATERMAN BAR CLT C,NA,Dining-Restaurants,FALSE,c,NA,credit_card
Citi /AAdvantage Executive World Elite Mastercard,2025-12-14,27.89,Apple,NA,Electronics,FALSE,c,NA,credit_card
Chase Amazon Visa 5154,2025-12-15,24.29,Amazon Marketplace,NA,Household,FALSE,c,NA,credit_card
Chase Marriott Bonvoy,2025-12-15,8.24,La Capilla,NA,Dining-Restaurants,FALSE,c,NA,credit_card
Chase Marriott Bonvoy,2025-12-15,58.26,Auto Arts,NA,Gasoline-Fuel,FALSE,c,NA,credit_card
Chase Amazon Visa 5154,2025-12-16,5.49,Amazon Prime Video,NA,Entertainment,FALSE,c,NA,credit_card
Chase Marriott Bonvoy,2025-12-16,74.25,Zara,NA,Clothing-Shoes,FALSE,c,NA,credit_card
Chase Marriott Bonvoy,2025-12-16,28.57,Holiday Inn,NA,Travel,FALSE,c,NA,credit_card
Chase Marriott Bonvoy,2025-12-16,80.04,MAS DES ARCADES,NA,Miscellaneous Expenses,FALSE,c,NA,credit_card
Chase Marriott Bonvoy,2025-12-16,2.01,Auto Arts,NA,Gasoline-Fuel,FALSE,c,NA,credit_card
Chase Marriott Bonvoy,2025-12-16,49.94,Les 3 brasseurs,NA,Dining-Restaurants,FALSE,c,NA,credit_card
Chase Marriott Bonvoy,2025-12-16,5.78,Auto Arts,NA,Gasoline-Fuel,FALSE,c,NA,credit_card
Chase Marriott Bonvoy,2025-12-16,2.24,EFFIA,NA,Travel,FALSE,c,NA,credit_card
Chase Marriott Bonvoy,2025-12-16,10.62,MA PREMIERE CANTINE,NA,Dining-Restaurants,FALSE,c,NA,credit_card
Citi /AAdvantage Executive World Elite Mastercard,2025-12-16,10,SunPass Operations,NA,Travel,FALSE,c,NA,credit_card
Citi /AAdvantage Executive World Elite Mastercard,2025-12-16,11.69,PHCIE ST CLAIR SETE FRA,NA,Medical-Healthcare,FALSE,c,NA,credit_card
Citi /AAdvantage Executive World Elite Mastercard,2025-12-16,14.99,Super.com,NA,Travel,FALSE,c,NA,credit_card
Hilton Honors AMEX 1009,2025-12-16,20,WWW.PERPLEXITY.AI SAN FRANCISCO CA,NA,Travel,FALSE,c,NA,credit_card
Chase Marriott Bonvoy,2025-12-17,13.17,COMPAGNIE EIFFAG,NA,Dining-Restaurants,FALSE,c,NA,credit_card
Chase Marriott Bonvoy,2025-12-17,4.49,as.Saily*saily,NA,Miscellaneous Expenses,FALSE,c,NA,credit_card
Chase Marriott Bonvoy,2025-12-17,11.76,TABAC BOURRAN,NA,Dining-Restaurants,FALSE,c,NA,credit_card
Chase Marriott Bonvoy,2025-12-17,25.63,Holiday Inn,NA,Travel,FALSE,c,NA,credit_card
Chase Marriott Bonvoy,2025-12-17,3.76,YOANN ROUMIEUX,NA,Miscellaneous Expenses,FALSE,c,NA,credit_card
Chase Marriott Bonvoy,2025-12-17,8.47,YOANN ROUMIEUX,NA,Miscellaneous Expenses,FALSE,c,NA,credit_card
Chase Marriott Bonvoy,2025-12-17,214.48,L'adresse,NA,Dining-Restaurants,FALSE,c,NA,credit_card
Chase Marriott Bonvoy,2025-12-18,5.06,Auto Arts,NA,Gasoline-Fuel,FALSE,c,NA,credit_card
Chase Marriott Bonvoy,2025-12-18,13.65,Auto Arts,NA,Gasoline-Fuel,FALSE,c,NA,credit_card
Chase Marriott Bonvoy,2025-12-18,36.82,Begles,NA,Miscellaneous Expenses,FALSE,c,NA,credit_card
Chase Marriott Bonvoy,2025-12-18,151.29,Atari Inc,NA,Entertainment,FALSE,c,NA,credit_card
Chase Marriott Bonvoy,2025-12-18,2.24,Auto Arts,NA,Gasoline-Fuel,FALSE,c,NA,credit_card
Chase Marriott Bonvoy,2025-12-18,34.47,Begles,NA,Miscellaneous Expenses,FALSE,c,NA,credit_card
Chase Marriott Bonvoy,2025-12-18,3.29,Auto Arts,NA,Gasoline-Fuel,FALSE,c,NA,credit_card
Chase Marriott Bonvoy,2025-12-18,77.4,STATION LAVAGE,NA,Dining-Restaurants,FALSE,c,NA,credit_card
Chase Marriott Bonvoy,2025-12-18,200.85,HOTEL MONTAIGNE,NA,Travel,FALSE,c,NA,credit_card
Chase Marriott Bonvoy,2025-12-18,8.23,Starbucks,NA,Dining-Restaurants,FALSE,c,NA,credit_card
Chase Marriott Bonvoy,2025-12-18,5.18,ATLANDES,NA,Miscellaneous Expenses,FALSE,c,NA,credit_card
Chase Amazon Visa 5154,2025-12-19,6.59,Amazon Prime Video,NA,Entertainment,FALSE,c,NA,credit_card
Chase Marriott Bonvoy,2025-12-19,2.82,PARKING OKENDO-PAGO EMV,NA,Travel,FALSE,c,NA,credit_card
Chase Marriott Bonvoy,2025-12-19,279.98,ROOM MATE GORKA,NA,Dining-Restaurants,FALSE,c,NA,credit_card
Chase Marriott Bonvoy,2025-12-19,128.87,Taco John,NA,Dining-Restaurants,FALSE,c,NA,credit_card
Chase Marriott Bonvoy,2025-12-19,87.89,AREA SERV VIRGEN PENA,NA,Miscellaneous Expenses,FALSE,c,NA,credit_card
Chase Marriott Bonvoy,2025-12-19,34.86,PARKING OKENDO-PAGO EMV,NA,Travel,FALSE,c,NA,credit_card
Chase Marriott Bonvoy,2025-12-19,12.09,PARKING JOVELLANOS,NA,Travel,FALSE,c,NA,credit_card
Chase Marriott Bonvoy,2025-12-20,154.86,Getyourguide,NA,Travel,FALSE,c,NA,credit_card
Chase Marriott Bonvoy,2025-12-20,18.49,Hbo Max,NA,Entertainment,FALSE,c,NA,credit_card
Chase Marriott Bonvoy,2025-12-20,17.89,Castellana de Autopistas,NA,Dining-Restaurants,FALSE,c,NA,credit_card
Citi /AAdvantage Executive World Elite Mastercard,2025-12-20,49.99,Seed.com,NA,Medical-Healthcare,FALSE,c,NA,credit_card
Citi /AAdvantage Executive World Elite Mastercard,2025-12-20,48.43,American Airlines,NA,Travel,FALSE,c,NA,credit_card
Citi /AAdvantage Executive World Elite Mastercard,2025-12-20,27.47,Marriott International,NA,Travel,FALSE,c,NA,credit_card
Citi /AAdvantage Executive World Elite Mastercard,2025-12-20,17.37,PARAISO HOSTELEROS BENAVENTE ESP,NA,Dining-Restaurants,FALSE,c,NA,credit_card
Chase Marriott Bonvoy,2025-12-21,14.09,Crowne Plaza,NA,Travel,FALSE,c,NA,credit_card
Chase Marriott Bonvoy,2025-12-21,388.83,Payment to AT&T,NA,Telephone-Cellular,FALSE,c,NA,credit_card
Chase Marriott Bonvoy,2025-12-21,137.82,SYBARIT,NA,Miscellaneous Expenses,FALSE,c,NA,credit_card
Citi /AAdvantage Executive World Elite Mastercard,2025-12-21,26.94,GASOLINERA EL CRUCE TRUJILLO ESP,NA,Automotive Maintenance,FALSE,c,NA,credit_card
Citi /AAdvantage Executive World Elite Mastercard,2025-12-21,11.59,Netflix,NA,Entertainment,FALSE,c,NA,credit_card
Citi /AAdvantage Executive World Elite Mastercard,2025-12-21,75,SQ *SPEARS PEST CONTRO Leesburg FL,NA,Home Maintenance,FALSE,c,NA,credit_card
Citi /AAdvantage Executive World Elite Mastercard,2025-12-21,70.86,FARRUCO XII SANTA OLALLA ESP,NA,Travel,FALSE,c,NA,credit_card
Citi /AAdvantage Executive World Elite Mastercard,2025-12-21,3.64,ARBITRADE CENTRO S.A.U GETAFE ESP,NA,Groceries,FALSE,c,NA,credit_card
Citi /AAdvantage Executive World Elite Mastercard,2025-12-21,2.47,FARRUCO XII SANTA OLALLA ESP,NA,Travel,FALSE,c,NA,credit_card
Citi /AAdvantage Executive World Elite Mastercard,2025-12-21,3.05,ARBITRADE CENTRO S.A.U GETAFE ESP,NA,Groceries,FALSE,c,NA,credit_card
Citi /AAdvantage Executive World Elite Mastercard,2025-12-21,3.35,HIPERMAXI YIN WIE SANTA OLALLA ESP,NA,Groceries,FALSE,c,NA,credit_card
Citi /AAdvantage Executive World Elite Mastercard,2025-12-21,3.76,ARBITRADE CENTRO S.A.U GETAFE ESP,NA,Groceries,FALSE,c,NA,credit_card
Citi /AAdvantage Executive World Elite Mastercard,2025-12-21,4.34,ARBITRADE CENTRO S.A.U GETAFE ESP,NA,Groceries,FALSE,c,NA,credit_card
Citi /AAdvantage Executive World Elite Mastercard,2025-12-21,5.52,GASOLINERA EL CRUCE TRUJILLO ESP,NA,Automotive Maintenance,FALSE,c,NA,credit_card
Citi /AAdvantage Executive World Elite Mastercard,2025-12-21,6.46,ESTANCO TRINIDAD BARQU MERIDA ESP,NA,Dining-Restaurants,FALSE,c,NA,credit_card
Citi /AAdvantage Executive World Elite Mastercard,2025-12-21,26.41,Uber,NA,Travel,FALSE,c,NA,credit_card
Chase Marriott Bonvoy,2025-12-22,22.72,WOK TWO,NA,Dining-Restaurants,FALSE,c,NA,credit_card
Chase Marriott Bonvoy,2025-12-22,59.85,MARINA WOK ASADOR,NA,Dining-Restaurants,FALSE,c,NA,credit_card
Chase Marriott Bonvoy,2025-12-22,5.89,WOK TWO,NA,Dining-Restaurants,FALSE,c,NA,credit_card
Chase Marriott Bonvoy,2025-12-22,32.37,ILUNION MERIDAPALACE,NA,Miscellaneous Expenses,FALSE,c,NA,credit_card
Citi /AAdvantage Executive World Elite Mastercard,2025-12-22,22.72,PEDRO PABLO LOAIZA CAS MALAGA ESP,NA,Travel,FALSE,c,NA,credit_card
Citi /AAdvantage Executive World Elite Mastercard,2025-12-22,72.79,E.S. AEROPUERTO MALAGA ESP,NA,Web-Internet,FALSE,c,NA,credit_card
Citi /AAdvantage Executive World Elite Mastercard,2025-12-22,2.65,MARINA WOK SEVILLA ESP,NA,Dining-Restaurants,FALSE,c,NA,credit_card
Citi /AAdvantage Executive World Elite Mastercard,2025-12-22,15.89,CENTRO MERIDA MERIDA ESP,NA,Travel,FALSE,c,NA,credit_card
Citi /AAdvantage Executive World Elite Mastercard,2025-12-22,15.3,EXPENDIDURIA N39 MALAGA ESP,NA,Travel,FALSE,c,NA,credit_card
Citi /AAdvantage Executive World Elite Mastercard,2025-12-22,1423.68,Avis,NA,Travel,FALSE,c,NA,credit_card
Chase Amazon Visa 5154,2025-12-23,5.49,Amazon Prime Video,NA,Entertainment,FALSE,c,NA,credit_card
Chase Amazon Visa 5154,2025-12-23,150,Amazon,NA,Household,FALSE,c,NA,credit_card
Chase Marriott Bonvoy,2025-12-23,91.95,Zara,NA,Clothing-Shoes,FALSE,c,NA,credit_card
Chase Marriott Bonvoy,2025-12-23,3.54,CR CAZORLA,NA,Miscellaneous Expenses,FALSE,c,NA,credit_card
Chase Marriott Bonvoy,2025-12-23,24.73,CR CAZORLA,NA,Miscellaneous Expenses,FALSE,c,NA,credit_card
Citi /AAdvantage Executive World Elite Mastercard,2025-12-23,1.18,SumUp,NA,Dining-Restaurants,FALSE,c,NA,credit_card
Citi /AAdvantage Executive World Elite Mastercard,2025-12-23,1.18,"TODO TODO TODO SANTA ISABEL, ESP",NA,Dining-Restaurants,FALSE,c,NA,credit_card
Citi /AAdvantage Executive World Elite Mastercard,2025-12-23,14.05,NANOS FOCACCERIA MALAGA ESP,NA,Dining-Restaurants,FALSE,c,NA,credit_card
Citi /AAdvantage Executive World Elite Mastercard,2025-12-23,96.61,THE GREAT INDIA MALAGA ESP,NA,Dining-Restaurants,FALSE,c,NA,credit_card
Citi /AAdvantage Executive World Elite Mastercard,2025-12-23,36.99,Apple,NA,Electronics,FALSE,c,NA,credit_card
Citi /AAdvantage Executive World Elite Mastercard,2025-12-23,33.05,TABU MALAGA ESP,NA,Dining-Restaurants,FALSE,c,NA,credit_card
Citi /AAdvantage Executive World Elite Mastercard,2025-12-23,38.97,SUPER MARKET MALAGA MALAGA ESP,NA,Groceries,FALSE,c,NA,credit_card
Citi /AAdvantage Executive World Elite Mastercard,2025-12-23,9.44,BARSOVIA MALAGA ESP,NA,Dining-Restaurants,FALSE,c,NA,credit_card
Chase Amazon Visa 5154,2025-12-24,8.79,Amazon Prime Video,NA,Entertainment,FALSE,c,NA,credit_card
Chase Marriott Bonvoy,2025-12-24,21.91,La Canasta,NA,Dining-Restaurants,FALSE,c,NA,credit_card
Citi /AAdvantage Executive World Elite Mastercard,2025-12-24,37.72,KUILI KOREA MALAGA ESP,NA,Dining-Restaurants,FALSE,c,NA,credit_card
Citi /AAdvantage Executive World Elite Mastercard,2025-12-24,142.66,IT S VIETNAM SOHO GRANADA ESP,NA,Clothing-Shoes,FALSE,c,NA,credit_card
Citi /AAdvantage Executive World Elite Mastercard,2025-12-24,2.36,SOL GLOBAL 1977 SL MALAGA ESP,NA,Groceries,FALSE,c,NA,credit_card
Citi /AAdvantage Executive World Elite Mastercard,2025-12-24,56.07,Payment to AT&T,NA,Telephone-Cellular,FALSE,c,NA,credit_card
Citi /AAdvantage Executive World Elite Mastercard,2025-12-24,9.99,Apple,NA,Electronics,FALSE,c,NA,credit_card
Chase Marriott Bonvoy,2025-12-25,4.72,Ingles Markets Inc.,NA,Dining-Restaurants,FALSE,c,NA,credit_card
Chase Marriott Bonvoy,2025-12-25,19.49,Nespresso,NA,Groceries,FALSE,c,NA,credit_card
Chase Marriott Bonvoy,2025-12-25,116.75,BODEGA BAR PIMPI,NA,Dining-Restaurants,FALSE,c,NA,credit_card
Chase Marriott Bonvoy,2025-12-25,35.54,MANGO MALAGA Bolsa 1 ST W,NA,Dining-Restaurants,FALSE,c,NA,credit_card
Chase Marriott Bonvoy,2025-12-25,35.42,Zara Home,NA,Home Improvement,FALSE,c,NA,credit_card
Citi /AAdvantage Executive World Elite Mastercard,2025-12-25,7.09,POPULUS MALAGA ESP,NA,Clothing-Shoes,FALSE,c,NA,credit_card
Citi /AAdvantage Executive World Elite Mastercard,2025-12-25,8.86,CAFE BAR AZUL MALAGA ESP,NA,Dining-Restaurants,FALSE,c,NA,credit_card
Citi /AAdvantage Executive World Elite Mastercard,2025-12-25,6.5,POPULUS MALAGA ESP,NA,Clothing-Shoes,FALSE,c,NA,credit_card
Citi /AAdvantage Executive World Elite Mastercard,2025-12-25,15.53,Healthy Pet,NA,Dining-Restaurants,FALSE,c,NA,credit_card
Citi /AAdvantage Executive World Elite Mastercard,2025-12-25,54.27,"MAMUCHIS MARINA, DE LA ESP",NA,Dining-Restaurants,FALSE,c,NA,credit_card
Citi /AAdvantage Executive World Elite Mastercard,2025-12-25,10.26,MARKET MALAGA ESP,NA,Groceries,FALSE,c,NA,credit_card
Hilton Honors AMEX 1009,2025-12-25,59.99,SPARK DUBLIN 2 CO,NA,Cable-Satellite,FALSE,c,NA,credit_card
Chase Marriott Bonvoy,2025-12-26,8.14,Cafe Andiamo,NA,Dining-Restaurants,FALSE,c,NA,credit_card
Chase Marriott Bonvoy,2025-12-26,4.01,HELARIA CHOCOLATE,NA,Groceries,FALSE,c,NA,credit_card
Chase Marriott Bonvoy,2025-12-26,37.64,KAYSHA THAI SL,NA,Dining-Restaurants,FALSE,c,NA,credit_card
Citi /AAdvantage Executive World Elite Mastercard,2025-12-26,1.42,VENDING PICASSO MALAGA ESP,NA,Groceries,FALSE,c,NA,credit_card
Citi /AAdvantage Executive World Elite Mastercard,2025-12-26,1.77,VENDING PICASSO MALAGA ESP,NA,Groceries,FALSE,c,NA,credit_card
Citi /AAdvantage Executive World Elite Mastercard,2025-12-26,1.42,TIENDA DAT PHUC MALAGA ESP,NA,Groceries,FALSE,c,NA,credit_card
Citi /AAdvantage Executive World Elite Mastercard,2025-12-26,8.92,Los Comales,NA,Dining-Restaurants,FALSE,c,NA,credit_card
Citi /AAdvantage Executive World Elite Mastercard,2025-12-26,16.4,SumUp,NA,Dining-Restaurants,FALSE,c,NA,credit_card
Citi /AAdvantage Executive World Elite Mastercard,2025-12-26,2.12,VENDING PICASSO MALAGA ESP,NA,Groceries,FALSE,c,NA,credit_card
Chase Marriott Bonvoy,2025-12-27,127.42,AC MALAGA PALACIO,NA,Miscellaneous Expenses,FALSE,c,NA,credit_card
Citi /AAdvantage Executive World Elite Mastercard,2025-12-27,5.6,American Airlines,NA,Travel,FALSE,c,NA,credit_card
Citi /AAdvantage Executive World Elite Mastercard,2025-12-27,40.27,Apple,NA,Electronics,FALSE,c,NA,credit_card
Citi /AAdvantage Executive World Elite Mastercard,2025-12-28,49.98,Apple,NA,Electronics,FALSE,c,NA,credit_card
Citi /AAdvantage Executive World Elite Mastercard,2025-12-28,8.14,La Carniceria Steak House,NA,Groceries,FALSE,c,NA,credit_card
Citi /AAdvantage Executive World Elite Mastercard,2025-12-28,8.61,ESTANCO AVENIDA MEJICO MIJAS ESP,NA,Groceries,FALSE,c,NA,credit_card
Citi /AAdvantage Executive World Elite Mastercard,2025-12-28,3.19,Farmacia Genesis,NA,Medical-Healthcare,FALSE,c,NA,credit_card
Citi /AAdvantage Executive World Elite Mastercard,2025-12-28,72.83,American Airlines,NA,Travel,FALSE,c,NA,credit_card
Citi /AAdvantage Executive World Elite Mastercard,2025-12-28,15.3,Uber,NA,Travel,FALSE,c,NA,credit_card
Citi /AAdvantage Executive World Elite Mastercard,2025-12-28,11.7,Uber,NA,Travel,FALSE,c,NA,credit_card
Chase Amazon Visa 5154,2025-12-29,24.29,Amazon Marketplace,NA,Household,FALSE,c,NA,credit_card
Chase Marriott Bonvoy,2025-12-29,168,Brightline,NA,Travel,FALSE,c,NA,credit_card
Citi /AAdvantage Executive World Elite Mastercard,2025-12-29,21.34,SQ *COFFEEART Mijas Pueblo ESP,NA,Dining-Restaurants,FALSE,c,NA,credit_card
Citi /AAdvantage Executive World Elite Mastercard,2025-12-29,4.24,Supermercado Gonzalez,NA,Groceries,FALSE,c,NA,credit_card
Citi /AAdvantage Executive World Elite Mastercard,2025-12-29,8.02,AELIA RELAY MALAGA MALAGA ESP,NA,Recreation-Hobbies,FALSE,c,NA,credit_card
Citi /AAdvantage Executive World Elite Mastercard,2025-12-29,5.07,AELIA RELAY MALAGA MALAGA ESP,NA,Recreation-Hobbies,FALSE,c,NA,credit_card
Citi /AAdvantage Executive World Elite Mastercard,2025-12-29,12,Avianca,NA,Travel,FALSE,c,NA,credit_card
Chase Marriott Bonvoy,2025-12-30,400,Windstar Cruises,NA,Travel,FALSE,c,NA,credit_card
Chase Marriott Bonvoy,2025-12-30,68.22,SAXES NATURAL HAIR,NA,Fitness-Personal Care,FALSE,c,NA,credit_card
Chase Marriott Bonvoy,2025-12-30,2.83,SORBI,NA,Miscellaneous Expenses,FALSE,c,NA,credit_card
Chase Marriott Bonvoy,2025-12-30,72.93,Zara,NA,Clothing-Shoes,FALSE,c,NA,credit_card
Hilton Honors AMEX 1009,2025-12-30,13.63,Payment to Florida Blue,NA,Insurance,FALSE,c,NA,credit_card
Chase Amazon Visa 5154,2025-12-31,14.29,Amazon Prime Video,NA,Entertainment,FALSE,c,NA,credit_card
Chase Amazon Visa 5154,2025-12-31,6.59,Amazon Prime Video,NA,Entertainment,FALSE,c,NA,credit_card
Citi /AAdvantage Executive World Elite Mastercard,2025-12-31,86.71,Payment to Usaa Property And Casualty Insurance,NA,Insurance,FALSE,c,NA,credit_card
Citi /AAdvantage Executive World Elite Mastercard,2025-12-31,13.53,REPSOL E1338 PORTO PRT,NA,Clothing-Shoes,FALSE,c,NA,credit_card
Citi /AAdvantage Executive World Elite Mastercard,2026-01-02,4.35,Aspen Coffee,NA,Dining-Restaurants,FALSE,c,NA,credit_card
Citi /AAdvantage Executive World Elite Mastercard,2026-01-02,27.47,Sirius XM,NA,Entertainment,FALSE,c,NA,credit_card
Citi /AAdvantage Executive World Elite Mastercard,2026-01-03,48.43,American Airlines,NA,Travel,FALSE,c,NA,credit_card
Citi /AAdvantage Executive World Elite Mastercard,2026-01-03,47.06,Omio,NA,Travel,FALSE,c,NA,credit_card
Citi /AAdvantage Executive World Elite Mastercard,2026-01-03,23.3,STREET SMASH BURGER PORTO PRT,NA,Dining-Restaurants,FALSE,c,NA,credit_card
Citi /AAdvantage Executive World Elite Mastercard,2026-01-03,5.6,American Airlines,NA,Travel,FALSE,c,NA,credit_card
Citi /AAdvantage Executive World Elite Mastercard,2026-01-05,12.07,TEIXEIRA E MARTINS PORTO PRT,NA,Gasoline-Fuel,FALSE,c,NA,credit_card
Citi /AAdvantage Executive World Elite Mastercard,2026-01-05,14.12,FOTOSPORT NORTE SHOP SENHORA DA HO PRT,NA,Fitness-Personal Care,FALSE,c,NA,credit_card
Chase Amazon Visa 5154,2026-01-06,33.99,Amazon Marketplace,NA,Household,FALSE,c,NA,credit_card
Citi /AAdvantage Executive World Elite Mastercard,2026-01-06,56,ActBlue,NA,Charitable Donations,FALSE,c,NA,credit_card
Chase Marriott Bonvoy,2026-01-07,14,GitHub,NA,Web-Internet,FALSE,c,NA,credit_card
Citi /AAdvantage Executive World Elite Mastercard,2026-01-07,14.28,A S Fine Foods,NA,Dining-Restaurants,FALSE,c,NA,credit_card
Citi /AAdvantage Executive World Elite Mastercard,2026-01-07,12.85,ARABESCOLAXIA LISBOA PRT,NA,Groceries,FALSE,c,NA,credit_card
Citi /AAdvantage Executive World Elite Mastercard,2026-01-07,4.16,MA FORNO TIJOLO LISBOA PRT,NA,Dining-Restaurants,FALSE,c,NA,credit_card
Citi /AAdvantage Executive World Elite Mastercard,2026-01-07,4.69,Faiza Mini-Mercado Lisboa PRT,NA,Groceries,FALSE,c,NA,credit_card
Citi /AAdvantage Executive World Elite Mastercard,2026-01-07,5.7,BLUE CAFE CAMPANHA PORTO PRT,NA,Dining-Restaurants,FALSE,c,NA,credit_card
Citi /AAdvantage Executive World Elite Mastercard,2026-01-07,7.75,RAINHA DO PAO QUENTE PORTO PRT,NA,Groceries,FALSE,c,NA,credit_card
Citi /AAdvantage Executive World Elite Mastercard,2026-01-07,8.22,TROVADOR COSMOPOLITA ALCABIDECHE PRT,NA,Dining-Restaurants,FALSE,c,NA,credit_card
Citi /AAdvantage Executive World Elite Mastercard,2026-01-07,3.52,IRIN MINI MERCADO LISBOA PRT,NA,Groceries,FALSE,c,NA,credit_card
Citi /AAdvantage Executive World Elite Mastercard,2026-01-07,5.05,MOEVE EN12 PORTO PORTO PRT,NA,Gasoline-Fuel,FALSE,c,NA,credit_card
Citi /AAdvantage Executive World Elite Mastercard,2026-01-07,11.99,Apple,NA,Electronics,FALSE,c,NA,credit_card
Citi /AAdvantage Executive World Elite Mastercard,2026-01-07,12.99,Apple,NA,Electronics,FALSE,c,NA,credit_card
Citi /AAdvantage Executive World Elite Mastercard,2026-01-07,41.99,Apple,NA,Electronics,FALSE,c,NA,credit_card
Citi /AAdvantage Executive World Elite Mastercard,2026-01-08,5.85,Air Astana,NA,Travel,FALSE,c,NA,credit_card
Citi /AAdvantage Executive World Elite Mastercard,2026-01-08,20.25,Whsmith,NA,Household,FALSE,c,NA,credit_card
Citi /AAdvantage Executive World Elite Mastercard,2026-01-09,4.9,Starbucks,NA,Dining-Restaurants,FALSE,c,NA,credit_card
Citi /AAdvantage Executive World Elite Mastercard,2026-01-09,165,VFS SERVICES SCHENGEN NORTHWEST WAS DC,NA,Web-Internet,FALSE,c,NA,credit_card
Citi /AAdvantage Executive World Elite Mastercard,2026-01-09,4.35,Starbucks,NA,Dining-Restaurants,FALSE,c,NA,credit_card
Citi /AAdvantage Executive World Elite Mastercard,2026-01-09,4.5,Wikipedia,NA,Web-Internet,FALSE,c,NA,credit_card
Chase Amazon Visa 5154,2026-01-10,6.59,Amazon Prime Video,NA,Entertainment,FALSE,c,NA,credit_card
Citi /AAdvantage Executive World Elite Mastercard,2026-01-11,242.32,Payment to AT&T,NA,Telephone-Cellular,FALSE,c,NA,credit_card
Citi /AAdvantage Executive World Elite Mastercard,2026-01-11,18.22,CVS Pharmacy,NA,Medical-Healthcare,FALSE,c,NA,credit_card
Chase Marriott Bonvoy,2026-01-12,71.98,GoDaddy,NA,Web-Internet,FALSE,c,NA,credit_card
Chase Marriott Bonvoy,2026-01-12,358.35,STAR SEEKER,NA,Miscellaneous Expenses,FALSE,c,NA,credit_card
Citi /AAdvantage Executive World Elite Mastercard,2026-01-12,22.58,Darna Restaurant And Lounge,NA,Dining-Restaurants,FALSE,c,NA,credit_card
Chase Amazon Visa 5154,2026-01-13,56.56,Amazon Marketplace,NA,Household,FALSE,c,NA,credit_card
Chase Amazon Visa 5154,2026-01-13,11.99,Amazon Kindle,NA,Recreation-Hobbies,FALSE,c,NA,credit_card
Chase Marriott Bonvoy,2026-01-13,68.4,Nespresso,NA,Groceries,FALSE,c,NA,credit_card
Chase Marriott Bonvoy,2026-01-13,12.72,SQ *ONLINE - BRIGHT BLUE,NA,Miscellaneous Expenses,FALSE,c,NA,credit_card
Chase Marriott Bonvoy,2026-01-13,40,Brightline,NA,Travel,FALSE,c,NA,credit_card
Chase Marriott Bonvoy,2026-01-13,4.95,Yalaha Bakery,NA,Dining-Restaurants,FALSE,c,NA,credit_card
Chase Marriott Bonvoy,2026-01-13,39.27,Chevron,NA,Gasoline-Fuel,FALSE,c,NA,credit_card
Chase Marriott Bonvoy,2026-01-13,41.59,UEP*SUMI SUSHI & HIBACHI,NA,Dining-Restaurants,FALSE,c,NA,credit_card
Citi /AAdvantage Executive World Elite Mastercard,2026-01-13,18,FBI IDENTIFICATION REC CLARKSBURG WV,NA,Web-Internet,FALSE,c,NA,credit_card
Citi /AAdvantage Executive World Elite Mastercard,2026-01-13,58.81,Bombay Street Kitchen,NA,Dining-Restaurants,FALSE,c,NA,credit_card
Chase Marriott Bonvoy,2026-01-14,36.31,ALDI,NA,Groceries,FALSE,c,NA,credit_card
Chase Marriott Bonvoy,2026-01-14,28.26,UEP*SUMI SUSHI & HIBACHI,NA,Dining-Restaurants,FALSE,c,NA,credit_card
Chase Marriott Bonvoy,2026-01-15,44.7,UEP*SUMI SUSHI & HIBACHI,NA,Dining-Restaurants,FALSE,c,NA,credit_card
Chase Marriott Bonvoy,2026-01-15,33.39,ALDI,NA,Groceries,FALSE,c,NA,credit_card
Chase Marriott Bonvoy,2026-01-15,3.21,Dollar Tree,NA,Household,FALSE,c,NA,credit_card
Citi /AAdvantage Executive World Elite Mastercard,2026-01-15,8.36,Il Forno,NA,Dining-Restaurants,FALSE,c,NA,credit_card
Citi /AAdvantage Executive World Elite Mastercard,2026-01-15,27.89,Apple,NA,Electronics,FALSE,c,NA,credit_card
Citi /AAdvantage Executive World Elite Mastercard,2026-01-15,8.56,PY *THE MADHATTERS CAF DURHAM NC,NA,Dining-Restaurants,FALSE,c,NA,credit_card
Citi /AAdvantage Executive World Elite Mastercard,2026-01-15,62.97,Uber,NA,Travel,FALSE,c,NA,credit_card
Citi /AAdvantage Executive World Elite Mastercard,2026-01-15,10,SunPass Operations,NA,Travel,FALSE,c,NA,credit_card
Chase Amazon Visa 5154,2026-01-16,5.49,Amazon Prime Video,NA,Entertainment,FALSE,c,NA,credit_card
Chase Marriott Bonvoy,2026-01-16,12.25,The Cheesecake Factory,NA,Dining-Restaurants,FALSE,c,NA,credit_card
Chase Marriott Bonvoy,2026-01-16,95.39,Bombay Street Kitchen,NA,Dining-Restaurants,FALSE,c,NA,credit_card
Chase Marriott Bonvoy,2026-01-16,50.58,Sling TV,NA,Entertainment,FALSE,c,NA,credit_card
Chase Marriott Bonvoy,2026-01-16,21.38,Tiktok Shop,NA,Entertainment,FALSE,c,NA,credit_card
Citi /AAdvantage Executive World Elite Mastercard,2026-01-16,861.59,Apple,NA,Electronics,FALSE,c,NA,credit_card
Citi /AAdvantage Executive World Elite Mastercard,2026-01-16,14.99,SUPER+ *x-XX8471 CA,NA,Web-Internet,FALSE,c,NA,credit_card
Hilton Honors AMEX 1009,2026-01-16,20,WWW.PERPLEXITY.AI SAN FRANCISCO CA,NA,Travel,FALSE,c,NA,credit_card
Chase Amazon Visa 5154,2026-01-17,37.19,Amazon Marketplace,NA,Household,FALSE,c,NA,credit_card
Chase Amazon Visa 5154,2026-01-17,61.67,Amazon Marketplace,NA,Household,FALSE,c,NA,credit_card
Chase Marriott Bonvoy,2026-01-17,41.59,UEP*SUMI SUSHI & HIBACHI,NA,Dining-Restaurants,FALSE,c,NA,credit_card
Citi /AAdvantage Executive World Elite Mastercard,2026-01-17,13.78,Popeyes Louisiana Kitchen,NA,Dining-Restaurants,FALSE,c,NA,credit_card
Citi /AAdvantage Executive World Elite Mastercard,2026-01-17,49.99,Seed.com,NA,Medical-Healthcare,FALSE,c,NA,credit_card
Citi /AAdvantage Executive World Elite Mastercard,2026-01-17,10.95,Publix,NA,Groceries,FALSE,c,NA,credit_card
Citi /AAdvantage Executive World Elite Mastercard,2026-01-17,20.37,Uber,NA,Travel,FALSE,c,NA,credit_card
Chase Marriott Bonvoy,2026-01-18,58.74,UEP*SUMI SUSHI & HIBACHI,NA,Dining-Restaurants,FALSE,c,NA,credit_card
Citi /AAdvantage Executive World Elite Mastercard,2026-01-18,12.81,Popeyes Louisiana Kitchen,NA,Dining-Restaurants,FALSE,c,NA,credit_card
Chase Amazon Visa 5154,2026-01-19,6.59,Amazon Prime Video,NA,Entertainment,FALSE,c,NA,credit_card
Chase Marriott Bonvoy,2026-01-19,34.45,ALDI,NA,Groceries,FALSE,c,NA,credit_card
Chase Marriott Bonvoy,2026-01-19,39.25,Sumi Sushi Hibachi,NA,Dining-Restaurants,FALSE,c,NA,credit_card
Citi /AAdvantage Executive World Elite Mastercard,2026-01-19,17.84,McDonald's,NA,Dining-Restaurants,FALSE,c,NA,credit_card
Citi /AAdvantage Executive World Elite Mastercard,2026-01-19,13.2,The Melrose,NA,Web-Internet,FALSE,c,NA,credit_card
Citi /AAdvantage Executive World Elite Mastercard,2026-01-19,46.43,Shell,NA,Gasoline-Fuel,FALSE,c,NA,credit_card
Chase Marriott Bonvoy,2026-01-20,18.49,Hbo Max,NA,Entertainment,FALSE,c,NA,credit_card
Chase Marriott Bonvoy,2026-01-20,4.95,Yalaha Bakery,NA,Dining-Restaurants,FALSE,c,NA,credit_card
Chase Marriott Bonvoy,2026-01-20,28.88,Marshalls,NA,Household,FALSE,c,NA,credit_card
Citi /AAdvantage Executive World Elite Mastercard,2026-01-20,10,SunPass Operations,NA,Travel,FALSE,c,NA,credit_card
Citi /AAdvantage Executive World Elite Mastercard,2026-01-20,46.1,SP MONSTERSCOOTERPARTS COLORADO SPRI CO,NA,Clothing-Shoes,FALSE,c,NA,credit_card
Chase Amazon Visa 5154,2026-01-21,27.34,Amazon,NA,Household,FALSE,c,NA,credit_card
Chase Marriott Bonvoy,2026-01-21,3.99,ALDI,NA,Groceries,FALSE,c,NA,credit_card
Citi /AAdvantage Executive World Elite Mastercard,2026-01-21,12.19,Netflix,NA,Entertainment,FALSE,c,NA,credit_card
Citi /AAdvantage Executive World Elite Mastercard,2026-01-21,159.87,Total Wine & More,NA,Groceries,FALSE,c,NA,credit_card
Chase Amazon Visa 5154,2026-01-22,9.08,Amazon Marketplace,NA,Household,FALSE,c,NA,credit_card
Citi /AAdvantage Executive World Elite Mastercard,2026-01-22,56.91,Uber,NA,Travel,FALSE,c,NA,credit_card
Citi /AAdvantage Executive World Elite Mastercard,2026-01-22,32.92,Bears,NA,Dining-Restaurants,FALSE,c,NA,credit_card
Chase Amazon Visa 5154,2026-01-23,27.81,Amazon Marketplace,NA,Household,FALSE,c,NA,credit_card
Chase Marriott Bonvoy,2026-01-23,24.54,Oakwood Smokehouse,NA,Dining-Restaurants,FALSE,c,NA,credit_card
Chase Marriott Bonvoy,2026-01-23,8.29,Publix,NA,Groceries,FALSE,c,NA,credit_card
Citi /AAdvantage Executive World Elite Mastercard,2026-01-23,56.07,Payment to AT&T,NA,Telephone-Cellular,FALSE,c,NA,credit_card
Citi /AAdvantage Executive World Elite Mastercard,2026-01-23,41.59,UEP*SUMI SUSHI & HIBAC LEESBURG FL,NA,Dining-Restaurants,FALSE,c,NA,credit_card
Chase Amazon Visa 5154,2026-01-24,5.49,Amazon Prime Video,NA,Entertainment,FALSE,c,NA,credit_card
Chase Amazon Visa 5154,2026-01-24,8.79,Amazon Prime Video,NA,Entertainment,FALSE,c,NA,credit_card
Chase Marriott Bonvoy,2026-01-24,9.9,Yalaha Bakery,NA,Dining-Restaurants,FALSE,c,NA,credit_card
Chase Marriott Bonvoy,2026-01-24,38.38,ExxonMobil,NA,Gasoline-Fuel,FALSE,c,NA,credit_card
Citi /AAdvantage Executive World Elite Mastercard,2026-01-24,9.99,Apple,NA,Electronics,FALSE,c,NA,credit_card
Chase Marriott Bonvoy,2026-01-25,66.46,CARULLA FRESH VIVA PAL,NA,Groceries,FALSE,c,NA,credit_card
Chase Marriott Bonvoy,2026-01-25,826.34,ALKOSTO KTRONIX INTERN,NA,Miscellaneous Expenses,FALSE,c,NA,credit_card
Chase Marriott Bonvoy,2026-01-25,60.1,Texaco,NA,Gasoline-Fuel,FALSE,c,NA,credit_card
Chase Marriott Bonvoy,2026-01-25,13.08,SANCHO PAISA PALMAS,NA,Dining-Restaurants,FALSE,c,NA,credit_card
Citi /AAdvantage Executive World Elite Mastercard,2026-01-25,10,SunPass Operations,NA,Travel,FALSE,c,NA,credit_card
Chase Amazon Visa 5154,2026-01-26,24.29,Amazon Marketplace,NA,Household,FALSE,c,NA,credit_card
Chase Marriott Bonvoy,2026-01-26,10,FS *dall-efree,NA,Web-Internet,FALSE,c,NA,credit_card
Chase Marriott Bonvoy,2026-01-26,23.37,MIGRACION COL MOVIMIEN,NA,Miscellaneous Expenses,FALSE,c,NA,credit_card
Chase Marriott Bonvoy,2026-01-27,71.91,INCOGNI* INCOGNI.CO,NA,Miscellaneous Expenses,FALSE,c,NA,credit_card
Chase Marriott Bonvoy,2026-01-27,65.99,Parallels,NA,Web-Internet,FALSE,c,NA,credit_card
Citi /AAdvantage Executive World Elite Mastercard,2026-01-27,0.2,Apple,NA,Electronics,FALSE,c,NA,credit_card
Citi /AAdvantage Executive World Elite Mastercard,2026-01-27,46.68,Apple,NA,Electronics,FALSE,c,NA,credit_card
Hilton Honors AMEX 1009,2026-01-27,45.42,PROSEGUR VIGILA Y SEBOGOTA D.C.,NA,Miscellaneous Expenses,FALSE,c,NA,credit_card
Hilton Honors AMEX 1009,2026-01-27,442.26,MEDICINA PREPAGADA CCALI,NA,Medical-Healthcare,FALSE,c,NA,credit_card
Chase Marriott Bonvoy,2026-01-28,117.14,PriceSmart,NA,Household,FALSE,c,NA,credit_card
Chase Marriott Bonvoy,2026-01-29,19.83,TIENDA D1 ESCOBERO ALT,NA,Household,FALSE,c,NA,credit_card
Citi /AAdvantage Executive World Elite Mastercard,2026-01-29,2,ActBlue,NA,Charitable Donations,FALSE,c,NA,credit_card
Citi /AAdvantage Executive World Elite Mastercard,2026-01-29,89.93,American Airlines,NA,Travel,FALSE,c,NA,credit_card
Citi /AAdvantage Executive World Elite Mastercard,2026-01-29,3,ActBlue,NA,Charitable Donations,FALSE,c,NA,credit_card
Chase Marriott Bonvoy,2026-01-30,24.82,Nespresso,NA,Groceries,FALSE,c,NA,credit_card
Chase Marriott Bonvoy,2026-01-30,12.64,FRESH CITY,NA,Groceries,FALSE,c,NA,credit_card
Citi /AAdvantage Executive World Elite Mastercard,2026-01-30,12,Avianca,NA,Travel,FALSE,c,NA,credit_card
Citi /AAdvantage Executive World Elite Mastercard,2026-01-30,9.99,Apple,NA,Electronics,FALSE,c,NA,credit_card
Chase Marriott Bonvoy,2026-01-31,257.55,PriceSmart,NA,Household,FALSE,c,NA,credit_card
Chase Marriott Bonvoy,2026-01-31,89.99,VISUAL CAPITALIST,NA,Miscellaneous Expenses,FALSE,c,NA,credit_card
Citi /AAdvantage Executive World Elite Mastercard,2026-01-31,17.12,SP CADENSE GOLETA CA,NA,Clothing-Shoes,FALSE,c,NA,credit_card
Citi /AAdvantage Executive World Elite Mastercard,2026-01-31,69.51,SP CADENSE GOLETA CA,NA,Clothing-Shoes,FALSE,c,NA,credit_card
Citi /AAdvantage Executive World Elite Mastercard,2026-01-31,95.45,EXHALE HEMP COMMERCE CA,NA,Clothing-Shoes,FALSE,c,NA,credit_card
Chase Amazon Visa 5154,2026-02-01,14.29,Amazon Prime Video,NA,Entertainment,FALSE,c,NA,credit_card
Chase Amazon Visa 5154,2026-02-01,6.59,Amazon Prime Video,NA,Entertainment,FALSE,c,NA,credit_card
Chase Marriott Bonvoy,2026-02-01,41.32,VIVERO TIERRA NEGRA,NA,Miscellaneous Expenses,FALSE,c,NA,credit_card
Citi /AAdvantage Executive World Elite Mastercard,2026-02-01,137.86,Payment to Usaa Property And Casualty Insurance,NA,Insurance,FALSE,c,NA,credit_card
Chase Marriott Bonvoy,2026-02-02,37.2,La Caretta,NA,Dining-Restaurants,FALSE,c,NA,credit_card
Chase Marriott Bonvoy,2026-02-02,12.54,SANTORO RISTORANTE PIZ,NA,Dining-Restaurants,FALSE,c,NA,credit_card
Citi /AAdvantage Executive World Elite Mastercard,2026-02-02,27.47,Sirius XM,NA,Entertainment,FALSE,c,NA,credit_card
Chase Amazon Visa 5154,2026-02-03,41.22,Amazon Marketplace,NA,Household,FALSE,c,NA,credit_card
Hilton Honors AMEX 1009,2026-02-03,14.07,Milonga,NA,Dining-Restaurants,FALSE,c,NA,credit_card
Hilton Honors AMEX 1009,2026-02-03,73.07,Nuts.com,NA,Groceries,FALSE,c,NA,credit_card
Hilton Honors AMEX 1009,2026-02-03,25.07,SUSHI Y SAKE SAN LUCMEDELLIN,NA,Dining-Restaurants,FALSE,c,NA,credit_card
Chase Marriott Bonvoy,2026-02-04,6.89,FOTO MILENIO VIVA ENVI,NA,Recreation-Hobbies,FALSE,c,NA,credit_card
Chase Marriott Bonvoy,2026-02-04,50.44,Santoro,NA,Miscellaneous Expenses,FALSE,c,NA,credit_card
Chase Marriott Bonvoy,2026-02-04,19.29,Celebrity Barbershop,NA,Fitness-Personal Care,FALSE,c,NA,credit_card
Citi /AAdvantage Executive World Elite Mastercard,2026-02-04,26.02,REORG TALLINN EST,NA,Household,FALSE,c,NA,credit_card
Chase Marriott Bonvoy,2026-02-05,10.7,FRESH CITY,NA,Groceries,FALSE,c,NA,credit_card
Citi /AAdvantage Executive World Elite Mastercard,2026-02-05,75.83,American Airlines,NA,Travel,FALSE,c,NA,credit_card
Citi /AAdvantage Executive World Elite Mastercard,2026-02-05,14.06,GOOGLE*CLOUD MBSH34 MOUNTAIN VIEW CA,NA,Web-Internet,FALSE,c,NA,credit_card
Chase Marriott Bonvoy,2026-02-06,50.34,Sushi & Sake,NA,Dining-Restaurants,FALSE,c,NA,credit_card
Chase Marriott Bonvoy,2026-02-06,38.94,Carulla Teroso,NA,Groceries,FALSE,c,NA,credit_card
Chase Marriott Bonvoy,2026-02-06,10,Fs *Dall-Efree,NA,Web-Internet,FALSE,c,NA,credit_card
Chase Marriott Bonvoy,2026-02-06,32.35,Crepes Y Waffles Tesor,NA,Dining-Restaurants,FALSE,c,NA,credit_card
Chase Marriott Bonvoy,2026-02-07,14,GitHub,NA,Web-Internet,FALSE,c,NA,credit_card
Chase Marriott Bonvoy,2026-02-07,30.16,Carulla Sao Paulo,NA,Miscellaneous Expenses,FALSE,c,NA,credit_card
Chase Marriott Bonvoy,2026-02-07,53.18,Eds Premium LA Sebasti,NA,Insurance,FALSE,c,NA,credit_card
Citi /AAdvantage Executive World Elite Mastercard,2026-02-07,12.99,Apple,NA,Electronics,FALSE,c,NA,credit_card
Citi /AAdvantage Executive World Elite Mastercard,2026-02-07,11.99,Apple,NA,Electronics,FALSE,c,NA,credit_card
Citi /AAdvantage Executive World Elite Mastercard,2026-02-09,4.5,Wikipedia,NA,Web-Internet,FALSE,c,NA,credit_card
Citi /AAdvantage Executive World Elite Mastercard,2026-02-09,54.19,"Pohja Teenindusburoo Harjumaa, Ta Est",NA,Dining-Restaurants,FALSE,c,NA,credit_card
Chase Amazon Visa 5154,2026-02-10,6.59,Amazon Prime Video,NA,Entertainment,FALSE,c,NA,credit_card
Chase Marriott Bonvoy,2026-02-10,12.23,Crepes Y Waffles Helad,NA,Dining-Restaurants,FALSE,c,NA,credit_card
Chase Marriott Bonvoy,2026-02-10,18.2,Crepes Y Waffles Tesor,NA,Dining-Restaurants,FALSE,c,NA,credit_card
Chase Marriott Bonvoy,2026-02-10,141.09,Distriplaza Vitual X3,NA,Miscellaneous Expenses,FALSE,c,NA,credit_card
Chase Marriott Bonvoy,2026-02-11,137.36,PriceSmart,NA,Household,FALSE,c,NA,credit_card
Chase Marriott Bonvoy,2026-02-11,54.98,Sling Tv,NA,Entertainment,FALSE,c,NA,credit_card
Citi /AAdvantage Executive World Elite Mastercard,2026-02-11,20.6,American Airlines,NA,Travel,FALSE,c,NA,credit_card
Citi /AAdvantage Executive World Elite Mastercard,2026-02-11,328.89,Payment to AT&T,NA,Telephone-Cellular,FALSE,c,NA,credit_card
Chase Amazon Visa 5154,2026-02-13,39.78,Amazon Marketplace,NA,Household,FALSE,c,NA,credit_card
Chase Marriott Bonvoy,2026-02-13,96.82,Carulla Fresh San Luca,NA,Groceries,FALSE,c,NA,credit_card
Chase Marriott Bonvoy,2026-02-13,88.67,JUMBO,NA,Dining-Restaurants,FALSE,c,NA,credit_card
Chase Marriott Bonvoy,2026-02-13,12.52,Santoro Ristorante Piz,NA,Dining-Restaurants,FALSE,c,NA,credit_card
Chase Amazon Visa 5154,2026-02-14,11.99,Amazon Kindle,NA,Recreation-Hobbies,FALSE,c,NA,credit_card
Chase Marriott Bonvoy,2026-02-14,39.53,PriceSmart,NA,Household,FALSE,c,NA,credit_card
Chase Marriott Bonvoy,2026-02-15,128.05,Exhale,NA,Fitness-Personal Care,FALSE,c,NA,credit_card
Citi /AAdvantage Executive World Elite Mastercard,2026-02-15,100.56,Nordvpn,NA,Web-Internet,FALSE,c,NA,credit_card
Citi /AAdvantage Executive World Elite Mastercard,2026-02-15,49.99,Seed.com,NA,Medical-Healthcare,FALSE,c,NA,credit_card
Citi /AAdvantage Executive World Elite Mastercard,2026-02-15,128.05,Exhale Hemp Commerce CA,NA,Clothing-Shoes,FALSE,c,NA,credit_card
Chase Marriott Bonvoy,2026-02-16,35.54,Eds El Escobero,NA,Dining-Restaurants,FALSE,c,NA,credit_card
Chase Marriott Bonvoy,2026-02-16,48.75,Home Center,NA,Home Improvement,FALSE,c,NA,credit_card
Citi /AAdvantage Executive World Elite Mastercard,2026-02-16,18.69,Apple,NA,Electronics,FALSE,c,NA,credit_card
Citi /AAdvantage Executive World Elite Mastercard,2026-02-16,3.99,Apple,NA,Electronics,FALSE,c,NA,credit_card
Citi /AAdvantage Executive World Elite Mastercard,2026-02-16,14.29,Apple,NA,Electronics,FALSE,c,NA,credit_card
Chase Amazon Visa 5154,2026-02-17,5.49,Amazon Prime Video,NA,Entertainment,FALSE,c,NA,credit_card
Chase Marriott Bonvoy,2026-02-17,20.83,Vita Integral Envigado X3,NA,Miscellaneous Expenses,FALSE,c,NA,credit_card
Chase Marriott Bonvoy,2026-02-17,115.63,La Caretta,NA,Dining-Restaurants,FALSE,c,NA,credit_card
Chase Marriott Bonvoy,2026-02-17,30.55,Home Center,NA,Home Improvement,FALSE,c,NA,credit_card
Chase Marriott Bonvoy,2026-02-17,21.3,Crepes Y Waffles Viva,NA,Dining-Restaurants,FALSE,c,NA,credit_card
Citi /AAdvantage Executive World Elite Mastercard,2026-02-17,14.99,Super+ *X-XX8471 CA,NA,Web-Internet,FALSE,c,NA,credit_card
Citi /AAdvantage Executive World Elite Mastercard,2026-02-17,10.69,Sp Keto-Mojo Napa CA,NA,Automotive Maintenance,FALSE,c,NA,credit_card
Citi /AAdvantage Executive World Elite Mastercard,2026-02-17,111.2,Sp Santa Barbara Nutri Santa Barbara CA,NA,Fitness-Personal Care,FALSE,c,NA,credit_card
Hilton Honors AMEX 1009,2026-02-17,20,Www.Perplexity.Ai San Francisco CA,NA,Travel,FALSE,c,NA,credit_card
Chase Marriott Bonvoy,2026-02-18,2729.06,Autolarte X9,NA,Gasoline-Fuel,FALSE,c,NA,credit_card
Citi /AAdvantage Executive World Elite Mastercard,2026-02-18,6.99,Apple,NA,Electronics,FALSE,c,NA,credit_card
Citi /AAdvantage Executive World Elite Mastercard,2026-02-18,2729,Autolarte Itagui Col,NA,Household,FALSE,c,NA,credit_card
Citi /AAdvantage Executive World Elite Mastercard,2026-02-18,154.27,"Aquasana, Inc.",NA,Home Improvement,FALSE,c,NA,credit_card
Citi /AAdvantage Executive World Elite Mastercard,2026-02-19,23913.92,Autolarte Itagui Col,NA,Household,FALSE,c,NA,credit_card
Chase Amazon Visa 5154,2026-02-20,6.59,Amazon Prime Video,NA,Entertainment,FALSE,c,NA,credit_card
Chase Marriott Bonvoy,2026-02-20,52.41,Exito Wow Envigado,NA,Miscellaneous Expenses,FALSE,c,NA,credit_card
Chase Marriott Bonvoy,2026-02-20,12.31,FRESH CITY,NA,Groceries,FALSE,c,NA,credit_card
Chase Marriott Bonvoy,2026-02-20,12.67,Nespresso,NA,Groceries,FALSE,c,NA,credit_card
Chase Marriott Bonvoy,2026-02-20,39.35,Home Center,NA,Home Improvement,FALSE,c,NA,credit_card
Chase Marriott Bonvoy,2026-02-21,18.49,Hbo Max,NA,Entertainment,FALSE,c,NA,credit_card
Chase Marriott Bonvoy,2026-02-21,11.07,El Corral,NA,Dining-Restaurants,FALSE,c,NA,credit_card
Chase Marriott Bonvoy,2026-02-22,260.03,PriceSmart,NA,Household,FALSE,c,NA,credit_card
Citi /AAdvantage Executive World Elite Mastercard,2026-02-22,12.15,Netflix,NA,Entertainment,FALSE,c,NA,credit_card
Chase Marriott Bonvoy,2026-02-23,218.22,Spirit Airlines,NA,Travel,FALSE,c,NA,credit_card
Citi /AAdvantage Executive World Elite Mastercard,2026-02-23,56.07,Payment to AT&T,NA,Telephone-Cellular,FALSE,c,NA,credit_card
Citi /AAdvantage Executive World Elite Mastercard,2026-02-23,20.6,American Airlines,NA,Travel,FALSE,c,NA,credit_card
Chase Amazon Visa 5154,2026-02-24,5.49,Amazon Prime Video,NA,Entertainment,FALSE,c,NA,credit_card
Chase Amazon Visa 5154,2026-02-25,8.79,Amazon Prime Video,NA,Entertainment,FALSE,c,NA,credit_card
Citi /AAdvantage Executive World Elite Mastercard,2026-02-25,9.99,Apple,NA,Electronics,FALSE,c,NA,credit_card
Chase Marriott Bonvoy,2026-02-26,79.39,Cfsm Medellin,NA,Miscellaneous Expenses,FALSE,c,NA,credit_card
Chase Marriott Bonvoy,2026-02-27,60.33,La Caretta,NA,Dining-Restaurants,FALSE,c,NA,credit_card
Chase Marriott Bonvoy,2026-02-27,212.93,Bellroy,NA,Miscellaneous Expenses,FALSE,c,NA,credit_card
Chase Marriott Bonvoy,2026-02-27,127.24,Exhale,NA,Fitness-Personal Care,FALSE,c,NA,credit_card
Citi /AAdvantage Executive World Elite Mastercard,2026-02-28,46.68,Apple,NA,Electronics,FALSE,c,NA,credit_card
Citi /AAdvantage Executive World Elite Mastercard,2026-02-28,100.45,Exhale Hemp Commerce CA,NA,Clothing-Shoes,FALSE,c,NA,credit_card
Citi /AAdvantage Executive World Elite Mastercard,2026-02-28,12,Avianca,NA,Travel,FALSE,c,NA,credit_card
Chase Amazon Visa 5154,2026-03-01,14.29,Amazon Prime Video,NA,Entertainment,FALSE,c,NA,credit_card
Chase Amazon Visa 5154,2026-03-01,6.59,Amazon Prime Video,NA,Entertainment,FALSE,c,NA,credit_card
Chase Marriott Bonvoy,2026-03-01,4.69,Euro Terracina Plaza,NA,Dining-Restaurants,FALSE,c,NA,credit_card
Chase Marriott Bonvoy,2026-03-01,75.69,PriceSmart,NA,Household,FALSE,c,NA,credit_card
Chase Marriott Bonvoy,2026-03-01,3.84,Carulla Fresh San Luca,NA,Groceries,FALSE,c,NA,credit_card
Citi /AAdvantage Executive World Elite Mastercard,2026-03-01,7.99,Apple,NA,Electronics,FALSE,c,NA,credit_card
Citi /AAdvantage Executive World Elite Mastercard,2026-03-01,137.86,Payment to Usaa Property And Casualty Insurance,NA,Insurance,FALSE,c,NA,credit_card
Citi /AAdvantage Executive World Elite Mastercard,2026-03-01,130,Costco,NA,Household,FALSE,c,NA,credit_card
Citi /AAdvantage Executive World Elite Mastercard,2026-03-02,9.99,Apple,NA,Electronics,FALSE,c,NA,credit_card
Citi /AAdvantage Executive World Elite Mastercard,2026-03-02,28.59,Sirius XM,NA,Entertainment,FALSE,c,NA,credit_card
Chase Marriott Bonvoy,2026-03-04,49.45,La Caretta,NA,Dining-Restaurants,FALSE,c,NA,credit_card
Chase Marriott Bonvoy,2026-03-04,12.09,Santoro Ristorante Piz,NA,Dining-Restaurants,FALSE,c,NA,credit_card
Citi /AAdvantage Executive World Elite Mastercard,2026-03-04,135.07,Payu Pagosonline Bogota Col,NA,Web-Internet,FALSE,c,NA,credit_card
Hilton Honors AMEX 1009,2026-03-04,68.63,Une Telco Une Pago Emedellin,NA,Miscellaneous Expenses,FALSE,c,NA,credit_card
Chase Marriott Bonvoy,2026-03-05,91.64,Nespresso,NA,Groceries,FALSE,c,NA,credit_card
Citi /AAdvantage Executive World Elite Mastercard,2026-03-05,62.93,American Airlines,NA,Travel,FALSE,c,NA,credit_card
Citi /AAdvantage Executive World Elite Mastercard,2026-03-05,71.67,Ifixit,NA,Web-Internet,FALSE,c,NA,credit_card
Chase Marriott Bonvoy,2026-03-06,10,Fs *Dall-Efree,NA,Web-Internet,FALSE,c,NA,credit_card
Chase Marriott Bonvoy,2026-03-06,13.2,The Grill,NA,Dining-Restaurants,FALSE,c,NA,credit_card
Chase Marriott Bonvoy,2026-03-06,5.25,FRESH CITY,NA,Groceries,FALSE,c,NA,credit_card
Chase Marriott Bonvoy,2026-03-06,35.69,Rappi Colombia*Dl,NA,Clothing-Shoes,FALSE,c,NA,credit_card
Citi /AAdvantage Executive World Elite Mastercard,2026-03-06,75.83,American Airlines,NA,Travel,FALSE,c,NA,credit_card
Citi /AAdvantage Executive World Elite Mastercard,2026-03-06,316.78,Copa Airlines,NA,Travel,FALSE,c,NA,credit_card
Chase Amazon Visa 5154,2026-03-07,69.55,Amazon Marketplace,NA,Household,FALSE,c,NA,credit_card
Chase Amazon Visa 5154,2026-03-07,171.19,Amazon Marketplace,NA,Household,FALSE,c,NA,credit_card
Chase Marriott Bonvoy,2026-03-07,0.25,Etsy,NA,Household,FALSE,c,NA,credit_card
Chase Marriott Bonvoy,2026-03-07,23.75,Etsy,NA,Household,FALSE,c,NA,credit_card
Chase Marriott Bonvoy,2026-03-07,12.97,Tienda D1 Env City Pla X3,NA,Utilities,FALSE,c,NA,credit_card
Chase Marriott Bonvoy,2026-03-07,14,GitHub,NA,Web-Internet,FALSE,c,NA,credit_card
Citi /AAdvantage Executive World Elite Mastercard,2026-03-07,12.99,Apple,NA,Electronics,FALSE,c,NA,credit_card
Chase Amazon Visa 5154,2026-03-08,33.99,Amazon Marketplace,NA,Household,FALSE,c,NA,credit_card
Chase Amazon Visa 5154,2026-03-08,2.04,Amazon Marketplace,NA,Household,FALSE,c,NA,credit_card
Chase Amazon Visa 5154,2026-03-08,56.56,Amazon Marketplace,NA,Household,FALSE,c,NA,credit_card
Chase Amazon Visa 5154,2026-03-09,1673.45,Amazon Marketplace,NA,Household,FALSE,c,NA,credit_card
Chase Marriott Bonvoy,2026-03-09,331.6,Medicina Prepagada Coo,NA,Medical-Healthcare,FALSE,c,NA,credit_card
Citi /AAdvantage Executive World Elite Mastercard,2026-03-09,4.5,Wikipedia,NA,Web-Internet,FALSE,c,NA,credit_card
Hilton Honors AMEX 1009,2026-03-09,190,Www.Perplexity.Ai San Francisco CA,NA,Travel,FALSE,c,NA,credit_card
Chase Amazon Visa 5154,2026-03-10,6.59,Amazon Prime Video,NA,Entertainment,FALSE,c,NA,credit_card
Chase Amazon Visa 5154,2026-03-10,68.46,Amazon Marketplace,NA,Household,FALSE,c,NA,credit_card
Citi /AAdvantage Executive World Elite Mastercard,2026-03-10,50.8,Uep*Sumi Sushi & Hibac Leesburg FL,NA,Dining-Restaurants,FALSE,c,NA,credit_card
Citi /AAdvantage Executive World Elite Mastercard,2026-03-10,16,Links Car Wash,NA,Automotive Maintenance,FALSE,c,NA,credit_card
Chase Marriott Bonvoy,2026-03-11,54.98,Sling Tv,NA,Entertainment,FALSE,c,NA,credit_card
Chase Marriott Bonvoy,2026-03-11,54.54,Harry'S Of Gainesville,NA,Dining-Restaurants,FALSE,c,NA,credit_card
Citi /AAdvantage Executive World Elite Mastercard,2026-03-11,59.99,Apple,NA,Electronics,FALSE,c,NA,credit_card
Citi /AAdvantage Executive World Elite Mastercard,2026-03-11,19.72,Mogotel Latvia Sia Rix Riga Lva,NA,Travel,FALSE,c,NA,credit_card
Citi /AAdvantage Executive World Elite Mastercard,2026-03-11,204.8,Payment to AT&T,NA,Telephone-Cellular,FALSE,c,NA,credit_card
Hilton Honors AMEX 1009,2026-03-11,134.15,Prosegur Vigila Y Sebogota D.C.,NA,Miscellaneous Expenses,FALSE,c,NA,credit_card
Chase Amazon Visa 5154,2026-03-12,87.72,Amazon Marketplace,NA,Household,FALSE,c,NA,credit_card
Chase Amazon Visa 5154,2026-03-12,103,Amazon Marketplace,NA,Household,FALSE,c,NA,credit_card
Chase Amazon Visa 5154,2026-03-12,32,Amazon Marketplace,NA,Household,FALSE,c,NA,credit_card
Chase Marriott Bonvoy,2026-03-12,17.78,Oakwood Smokehouse,NA,Dining-Restaurants,FALSE,c,NA,credit_card
Chase Marriott Bonvoy,2026-03-12,56.17,JoS. A. BANK,NA,Clothing-Shoes,FALSE,c,NA,credit_card
Citi /AAdvantage Executive World Elite Mastercard,2026-03-12,28.81,Uep*Sumi Sushi & Hibac Leesburg FL,NA,Dining-Restaurants,FALSE,c,NA,credit_card
Chase Amazon Visa 5154,2026-03-13,118.99,Amazon Marketplace,NA,Household,FALSE,c,NA,credit_card
Chase Amazon Visa 5154,2026-03-13,21.16,Amazon Marketplace,NA,Household,FALSE,c,NA,credit_card
Chase Amazon Visa 5154,2026-03-13,25.68,Amazon Marketplace,NA,Household,FALSE,c,NA,credit_card
Chase Amazon Visa 5154,2026-03-13,15.25,Amazon Marketplace,NA,Household,FALSE,c,NA,credit_card
Chase Amazon Visa 5154,2026-03-13,14.4,Amazon Marketplace,NA,Household,FALSE,c,NA,credit_card
Chase Amazon Visa 5154,2026-03-13,29.74,Amazon Marketplace,NA,Household,FALSE,c,NA,credit_card
Chase Marriott Bonvoy,2026-03-13,267.49,JoS. A. BANK,NA,Clothing-Shoes,FALSE,c,NA,credit_card
Citi /AAdvantage Executive World Elite Mastercard,2026-03-13,75,Sq *Spears Pest Contro Leesburg FL,NA,Home Maintenance,FALSE,c,NA,credit_card
Chase Amazon Visa 5154,2026-03-14,93.5,Amazon Marketplace,NA,Household,FALSE,c,NA,credit_card
Chase Amazon Visa 5154,2026-03-14,11.99,Amazon Kindle,NA,Recreation-Hobbies,FALSE,c,NA,credit_card
Chase Marriott Bonvoy,2026-03-14,20,Tst*Luna Azul Authentic,NA,Dining-Restaurants,FALSE,c,NA,credit_card
Citi /AAdvantage Executive World Elite Mastercard,2026-03-14,6.94,Wendy's,NA,Dining-Restaurants,FALSE,c,NA,credit_card
Citi /AAdvantage Executive World Elite Mastercard,2026-03-14,84.98,Apple,NA,Electronics,FALSE,c,NA,credit_card
Chase Marriott Bonvoy,2026-03-15,18.73,Sancho Paisa Palmas X3,NA,Dining-Restaurants,FALSE,c,NA,credit_card
Chase Marriott Bonvoy,2026-03-15,28.81,Sumi Sushi Hibachi,NA,Dining-Restaurants,FALSE,c,NA,credit_card
Citi /AAdvantage Executive World Elite Mastercard,2026-03-15,18.69,Apple,NA,Electronics,FALSE,c,NA,credit_card
Citi /AAdvantage Executive World Elite Mastercard,2026-03-15,14.29,Apple,NA,Electronics,FALSE,c,NA,credit_card
Citi /AAdvantage Executive World Elite Mastercard,2026-03-15,49.99,Seed.com,NA,Medical-Healthcare,FALSE,c,NA,credit_card
Chase Amazon Visa 5154,2026-03-16,18.69,Amazon Prime Video,NA,Entertainment,FALSE,c,NA,credit_card
Chase Amazon Visa 5154,2026-03-16,39.83,Amazon Marketplace,NA,Household,FALSE,c,NA,credit_card
Chase Marriott Bonvoy,2026-03-16,62.71,7-Eleven,NA,Groceries,FALSE,c,NA,credit_card
Chase Marriott Bonvoy,2026-03-16,25,Mccrackens Irish Pub,NA,Dining-Restaurants,FALSE,c,NA,credit_card
Chase Marriott Bonvoy,2026-03-16,18.23,Spirit Airlines,NA,Travel,FALSE,c,NA,credit_card
Chase Amazon Visa 5154,2026-03-17,5.49,Amazon Prime Video,NA,Entertainment,FALSE,c,NA,credit_card
Chase Marriott Bonvoy,2026-03-17,5.29,Publix,NA,Groceries,FALSE,c,NA,credit_card
Chase Marriott Bonvoy,2026-03-17,42.18,GoDaddy,NA,Web-Internet,FALSE,c,NA,credit_card
Chase Marriott Bonvoy,2026-03-17,62.99,ALDI,NA,Groceries,FALSE,c,NA,credit_card
Chase Marriott Bonvoy,2026-03-17,37.75,Dry Clean City,NA,Fitness-Personal Care,FALSE,c,NA,credit_card
Chase Marriott Bonvoy,2026-03-17,40,Central Florida Expressway,NA,Travel,FALSE,c,NA,credit_card
Citi /AAdvantage Executive World Elite Mastercard,2026-03-17,6.99,Apple,NA,Electronics,FALSE,c,NA,credit_card
Citi /AAdvantage Executive World Elite Mastercard,2026-03-17,42.04,Uep*Sumi Sushi & Hibac Leesburg FL,NA,Dining-Restaurants,FALSE,c,NA,credit_card
Citi /AAdvantage Executive World Elite Mastercard,2026-03-17,14.99,Super+ *X-XX8471 CA,NA,Web-Internet,FALSE,c,NA,credit_card
Citi /AAdvantage Executive World Elite Mastercard,2026-03-17,11.99,Apple,NA,Electronics,FALSE,c,NA,credit_card
Hilton Honors AMEX 1009,2026-03-17,20,Www.Perplexity.Ai San Francisco CA,NA,Travel,FALSE,c,NA,credit_card
Chase Marriott Bonvoy,2026-03-18,23.31,ALDI,NA,Groceries,FALSE,c,NA,credit_card
Chase Marriott Bonvoy,2026-03-18,231,Brightline,NA,Travel,FALSE,c,NA,credit_card
Citi /AAdvantage Executive World Elite Mastercard,2026-03-19,27.25,Tst*Luna Azul Authenti Leesburg FL,NA,Dining-Restaurants,FALSE,c,NA,credit_card
Citi /AAdvantage Executive World Elite Mastercard,2026-03-19,20.6,American Airlines,NA,Travel,FALSE,c,NA,credit_card
Chase Amazon Visa 5154,2026-03-20,6.59,Amazon Prime Video,NA,Entertainment,FALSE,c,NA,credit_card
Chase Marriott Bonvoy,2026-03-20,12.67,Arby's,NA,Dining-Restaurants,FALSE,c,NA,credit_card
Chase Marriott Bonvoy,2026-03-20,40.99,ALDI,NA,Groceries,FALSE,c,NA,credit_card
Chase Marriott Bonvoy,2026-03-21,18.49,Hbo Max,NA,Entertainment,FALSE,c,NA,credit_card
Citi /AAdvantage Executive World Elite Mastercard,2026-03-21,10,SunPass Operations,NA,Travel,FALSE,c,NA,credit_card
Chase Marriott Bonvoy,2026-03-22,16.61,Yalaha Bakery,NA,Dining-Restaurants,FALSE,c,NA,credit_card
Chase Marriott Bonvoy,2026-03-22,101.86,Sumi Sushi Hibachi,NA,Dining-Restaurants,FALSE,c,NA,credit_card
Citi /AAdvantage Executive World Elite Mastercard,2026-03-22,12.16,Netflix,NA,Entertainment,FALSE,c,NA,credit_card
Chase Amazon Visa 5154,2026-03-23,5,Amazon,NA,Household,FALSE,c,NA,credit_card
Chase Marriott Bonvoy,2026-03-23,9.9,Yalaha Bakery,NA,Dining-Restaurants,FALSE,c,NA,credit_card
Chase Marriott Bonvoy,2026-03-23,58.05,ExxonMobil,NA,Gasoline-Fuel,FALSE,c,NA,credit_card
Chase Marriott Bonvoy,2026-03-23,36.05,Dollar General,NA,Household,FALSE,c,NA,credit_card
Chase Amazon Visa 5154,2026-03-24,5.49,Amazon Prime Video,NA,Entertainment,FALSE,c,NA,credit_card
Chase Marriott Bonvoy,2026-03-24,205,Sq *Alexandra Vlad Od Llc,NA,Web-Internet,FALSE,c,NA,credit_card
Chase Marriott Bonvoy,2026-03-24,41.59,Sumi Sushi Hibachi,NA,Dining-Restaurants,FALSE,c,NA,credit_card
Chase Marriott Bonvoy,2026-03-24,858.33,Costco,NA,Household,FALSE,c,NA,credit_card
Chase Marriott Bonvoy,2026-03-24,416.62,Payment to AT&T,NA,Telephone-Cellular,FALSE,c,NA,credit_card
Citi /AAdvantage Executive World Elite Mastercard,2026-03-24,4970.15,Nustep Llc Plymouth MI,NA,Household,FALSE,c,NA,credit_card
Citi /AAdvantage Executive World Elite Mastercard,2026-03-24,365.36,Lufthansa,NA,Travel,FALSE,c,NA,credit_card
Chase Amazon Visa 5154,2026-03-25,8.79,Amazon Prime Video,NA,Entertainment,FALSE,c,NA,credit_card
Chase Amazon Visa 5154,2026-03-25,53.46,Amazon Marketplace,NA,Household,FALSE,c,NA,credit_card
Chase Marriott Bonvoy,2026-03-25,409.95,X-800 Contacts,NA,Clothing-Shoes,FALSE,c,NA,credit_card
Chase Marriott Bonvoy,2026-03-25,1250,Marriott International,NA,Travel,FALSE,c,NA,credit_card
Citi /AAdvantage Executive World Elite Mastercard,2026-03-25,9.99,Apple,NA,Electronics,FALSE,c,NA,credit_card
Citi /AAdvantage Executive World Elite Mastercard,2026-03-25,56.07,Payment to AT&T,NA,Telephone-Cellular,FALSE,c,NA,credit_card
Chase Marriott Bonvoy,2026-03-26,63.18,Sumi Sushi Hibachi,NA,Dining-Restaurants,FALSE,c,NA,credit_card
Chase Marriott Bonvoy,2026-03-26,0.89,Publix,NA,Groceries,FALSE,c,NA,credit_card
Citi /AAdvantage Executive World Elite Mastercard,2026-03-26,69.79,Ryan Air,NA,Travel,FALSE,c,NA,credit_card
Chase Amazon Visa 5154,2026-03-27,19.16,Amazon Marketplace,NA,Household,FALSE,c,NA,credit_card
Chase Marriott Bonvoy,2026-03-27,50.4,Tacaintl Air,NA,Travel,FALSE,c,NA,credit_card
Chase Marriott Bonvoy,2026-03-28,5.34,ALDI,NA,Groceries,FALSE,c,NA,credit_card
Chase Marriott Bonvoy,2026-03-28,23.98,Walgreens,NA,Medical-Healthcare,FALSE,c,NA,credit_card
Chase Marriott Bonvoy,2026-03-28,16.25,Yalaha Bakery,NA,Dining-Restaurants,FALSE,c,NA,credit_card
Citi /AAdvantage Executive World Elite Mastercard,2026-03-28,46.68,Apple,NA,Electronics,FALSE,c,NA,credit_card
Citi /AAdvantage Executive World Elite Mastercard,2026-03-28,18.64,Tradgarden Stockholm Swe,NA,Dining-Restaurants,FALSE,c,NA,credit_card
Citi /AAdvantage Executive World Elite Mastercard,2026-03-28,17.47,Tradgarden Stockholm Swe,NA,Dining-Restaurants,FALSE,c,NA,credit_card
Citi /AAdvantage Executive World Elite Mastercard,2026-03-28,8.74,Tradgarden Stockholm Swe,NA,Dining-Restaurants,FALSE,c,NA,credit_card
Chase Marriott Bonvoy,2026-03-29,7.99,Walgreens,NA,Medical-Healthcare,FALSE,c,NA,credit_card
Chase Marriott Bonvoy,2026-03-29,50.02,Speedway,NA,Gasoline-Fuel,FALSE,c,NA,credit_card
Chase Marriott Bonvoy,2026-03-29,17.7,ExxonMobil,NA,Gasoline-Fuel,FALSE,c,NA,credit_card
Citi /AAdvantage Executive World Elite Mastercard,2026-03-29,28.05,Beef O'brady's,NA,Dining-Restaurants,FALSE,c,NA,credit_card
Citi /AAdvantage Executive World Elite Mastercard,2026-03-30,9.99,Apple,NA,Electronics,FALSE,c,NA,credit_card
Citi /AAdvantage Executive World Elite Mastercard,2026-03-30,12,Avianca,NA,Travel,FALSE,c,NA,credit_card
Chase Amazon Visa 5154,2026-03-31,15.39,Amazon Prime Video,NA,Entertainment,FALSE,c,NA,credit_card
Chase Amazon Visa 5154,2026-03-31,6.59,Amazon Prime Video,NA,Entertainment,FALSE,c,NA,credit_card
Chase Marriott Bonvoy,2026-03-31,49.44,Oakwood Smokehouse,NA,Dining-Restaurants,FALSE,c,NA,credit_card
Chase Marriott Bonvoy,2026-03-31,57.57,H&M,NA,Clothing-Shoes,FALSE,c,NA,credit_card
Chase Marriott Bonvoy,2026-03-31,31.84,Zara,NA,Clothing-Shoes,FALSE,c,NA,credit_card
Chase Marriott Bonvoy,2026-03-31,23.96,Rosetta Bakery At Milleni,NA,Dining-Restaurants,FALSE,c,NA,credit_card
Citi /AAdvantage Executive World Elite Mastercard,2026-03-31,10.42,Prisma Vanalinn XX9182 Tallinnestoni Est,NA,Groceries,FALSE,c,NA,credit_card
Citi /AAdvantage Executive World Elite Mastercard,2026-03-31,100.45,Exhale Hemp Commerce CA,NA,Clothing-Shoes,FALSE,c,NA,credit_card
Citi /AAdvantage Executive World Elite Mastercard,2026-03-31,137.86,Payment to Usaa Property And Casualty Insurance,NA,Insurance,FALSE,c,NA,credit_card
Citi /AAdvantage Executive World Elite Mastercard,2026-03-31,10,SunPass Operations,NA,Travel,FALSE,c,NA,credit_card
Citi /AAdvantage Executive World Elite Mastercard,2026-03-31,63.65,Blueair Inc,NA,Travel,FALSE,c,NA,credit_card
Chase Marriott Bonvoy,2026-04-01,21.62,Don Ceviche,NA,Dining-Restaurants,FALSE,c,NA,credit_card
Chase Marriott Bonvoy,2026-04-01,17.55,Yalaha Bakery,NA,Dining-Restaurants,FALSE,c,NA,credit_card
Citi /AAdvantage Executive World Elite Mastercard,2026-04-01,28.59,Sirius XM,NA,Entertainment,FALSE,c,NA,credit_card
Chase Marriott Bonvoy,2026-04-02,148.5,Booking.com,NA,Travel,FALSE,c,NA,credit_card
Chase Marriott Bonvoy,2026-04-02,51.36,N.e. Seafood Shack,NA,Dining-Restaurants,FALSE,c,NA,credit_card
Chase Marriott Bonvoy,2026-04-02,55.68,ExxonMobil,NA,Gasoline-Fuel,FALSE,c,NA,credit_card
Chase Marriott Bonvoy,2026-04-02,7.61,ALDI,NA,Groceries,FALSE,c,NA,credit_card
Citi /AAdvantage Executive World Elite Mastercard,2026-04-02,10,SunPass Operations,NA,Travel,FALSE,c,NA,credit_card
Citi /AAdvantage Executive World Elite Mastercard,2026-04-02,76.43,American Airlines,NA,Travel,FALSE,c,NA,credit_card
Chase Marriott Bonvoy,2026-04-03,67,Peace Nails,NA,Fitness-Personal Care,FALSE,c,NA,credit_card
Citi /AAdvantage Executive World Elite Mastercard,2026-04-03,87.43,American Airlines,NA,Travel,FALSE,c,NA,credit_card
Chase Amazon Visa 5154,2026-04-04,29.38,Yalaha Bakery,NA,Dining-Restaurants,FALSE,c,NA,credit_card
Chase Marriott Bonvoy,2026-04-04,38.54,Sumi Sushi Hibachi,NA,Dining-Restaurants,FALSE,c,NA,credit_card
Chase Marriott Bonvoy,2026-04-04,16.04,Bealls,NA,Household,FALSE,c,NA,credit_card
Chase Marriott Bonvoy,2026-04-04,134.99,Tacaintl Air,NA,Travel,FALSE,c,NA,credit_card
Chase Marriott Bonvoy,2026-04-05,12.99,CVS Pharmacy,NA,Medical-Healthcare,FALSE,c,NA,credit_card
Chase Marriott Bonvoy,2026-04-05,384.95,Coomeva,NA,Miscellaneous Expenses,FALSE,c,NA,credit_card
Chase Marriott Bonvoy,2026-04-05,10,Fs *Dall-Efree,NA,Web-Internet,FALSE,c,NA,credit_card
Chase Marriott Bonvoy,2026-04-05,28.81,Sumi Sushi Hibachi,NA,Dining-Restaurants,FALSE,c,NA,credit_card
Chase Marriott Bonvoy,2026-04-05,4.99,Whole Foods Market,NA,Groceries,FALSE,c,NA,credit_card
Hilton Honors AMEX 1009,2026-04-05,219,Medicina Prepagada Ccali,NA,Medical-Healthcare,FALSE,c,NA,credit_card
Chase Marriott Bonvoy,2026-04-06,14,GitHub,NA,Web-Internet,FALSE,c,NA,credit_card
Citi /AAdvantage Executive World Elite Mastercard,2026-04-06,12.99,Apple,NA,Electronics,FALSE,c,NA,credit_card
Hilton Honors AMEX 1009,2026-04-07,45.17,Prosegur Vigila Y Sebogota D.C.,NA,Miscellaneous Expenses,FALSE,c,NA,credit_card
Chase Marriott Bonvoy,2026-04-08,12.84,Haven Of Lake And Sumter,NA,Miscellaneous Expenses,FALSE,c,NA,credit_card
Citi /AAdvantage Executive World Elite Mastercard,2026-04-08,4.5,Wikipedia,NA,Web-Internet,FALSE,c,NA,credit_card
Chase Amazon Visa 5154,2026-04-09,6.59,Amazon Prime Video,NA,Entertainment,FALSE,c,NA,credit_card
Chase Marriott Bonvoy,2026-04-09,11.43,Mediterranean,NA,Dining-Restaurants,FALSE,c,NA,credit_card
Citi /AAdvantage Executive World Elite Mastercard,2026-04-09,2.56,Kadrioru Selver Tallinn Est,NA,Groceries,FALSE,c,NA,credit_card
Chase Marriott Bonvoy,2026-04-10,54.98,Sling Tv,NA,Entertainment,FALSE,c,NA,credit_card
Chase Marriott Bonvoy,2026-04-10,99.95,Quillbot,NA,Miscellaneous Expenses,FALSE,c,NA,credit_card
Citi /AAdvantage Executive World Elite Mastercard,2026-04-10,188.1,Payment to AT&T,NA,Telephone-Cellular,FALSE,c,NA,credit_card
Chase Amazon Visa 5154,2026-04-11,21.56,Amazon Marketplace,NA,Household,FALSE,c,NA,credit_card
Chase Amazon Visa 5154,2026-04-13,11.99,Amazon Kindle,NA,Recreation-Hobbies,FALSE,c,NA,credit_card
Chase Marriott Bonvoy,2026-04-13,15.94,Tiktok Shop,NA,Entertainment,FALSE,c,NA,credit_card
Chase Marriott Bonvoy,2026-04-13,11.76,Tiktok Shop,NA,Entertainment,FALSE,c,NA,credit_card
Chase Marriott Bonvoy,2026-04-13,129.36,Getyourguide,NA,Travel,FALSE,c,NA,credit_card
Chase Marriott Bonvoy,2026-04-13,7.95,Tiktok Shop,NA,Entertainment,FALSE,c,NA,credit_card
Citi /AAdvantage Executive World Elite Mastercard,2026-04-14,8.27,Hslke 9135 Kaup Vantaa Fin,NA,Travel,FALSE,c,NA,credit_card
Citi /AAdvantage Executive World Elite Mastercard,2026-04-14,222.98,Apple,NA,Electronics,FALSE,c,NA,credit_card
Chase Amazon Visa 5154,2026-04-15,18.69,Amazon Prime Video,NA,Entertainment,FALSE,c,NA,credit_card
Citi /AAdvantage Executive World Elite Mastercard,2026-04-15,14.29,Apple,NA,Electronics,FALSE,c,NA,credit_card
Citi /AAdvantage Executive World Elite Mastercard,2026-04-15,18.69,Apple,NA,Electronics,FALSE,c,NA,credit_card
Chase Amazon Visa 5154,2026-04-16,5.49,Amazon Prime Video,NA,Entertainment,FALSE,c,NA,credit_card
Chase Marriott Bonvoy,2026-04-16,90.76,Gaviao Do Ilheu,NA,Miscellaneous Expenses,FALSE,c,NA,credit_card
Citi /AAdvantage Executive World Elite Mastercard,2026-04-16,6.99,Apple,NA,Electronics,FALSE,c,NA,credit_card
Citi /AAdvantage Executive World Elite Mastercard,2026-04-16,99.99,Apple,NA,Electronics,FALSE,c,NA,credit_card
Citi /AAdvantage Executive World Elite Mastercard,2026-04-16,14.99,Super+ *X-XX8471 CA,NA,Web-Internet,FALSE,c,NA,credit_card
Citi /AAdvantage Executive World Elite Mastercard,2026-04-16,11.99,Apple,NA,Electronics,FALSE,c,NA,credit_card
Citi /AAdvantage Executive World Elite Mastercard,2026-04-17,250,Oceania Cruises,NA,Travel,FALSE,c,NA,credit_card
Chase Marriott Bonvoy,2026-04-18,38.49,As.Saily*Saily,NA,Miscellaneous Expenses,FALSE,c,NA,credit_card
Citi /AAdvantage Executive World Elite Mastercard,2026-04-18,8.18,Shamrock Bar,NA,Dining-Restaurants,FALSE,c,NA,credit_card
Chase Amazon Visa 5154,2026-04-19,6.59,Amazon Prime Video,NA,Entertainment,FALSE,c,NA,credit_card
Chase Marriott Bonvoy,2026-04-19,33.46,Springfield,NA,Clothing-Shoes,FALSE,c,NA,credit_card
Chase Marriott Bonvoy,2026-04-19,199.92,Getyourguide,NA,Travel,FALSE,c,NA,credit_card
Chase Marriott Bonvoy,2026-04-19,103.3,Getyourguide,NA,Travel,FALSE,c,NA,credit_card
Chase Marriott Bonvoy,2026-04-20,6.13,Ssp S.L. Aeropuerto DE Ba,NA,Miscellaneous Expenses,FALSE,c,NA,credit_card
Chase Marriott Bonvoy,2026-04-20,66.25,F.Hu Dulin Taxi,NA,Travel,FALSE,c,NA,credit_card
Chase Marriott Bonvoy,2026-04-20,18.49,Hbo Max,NA,Entertainment,FALSE,c,NA,credit_card
Chase Marriott Bonvoy,2026-04-20,291.94,Indigo Restaurant,NA,Dining-Restaurants,FALSE,c,NA,credit_card
Citi /AAdvantage Executive World Elite Mastercard,2026-04-20,407.9,Oceania Marina,NA,Entertainment,FALSE,c,NA,credit_card
Chase Marriott Bonvoy,2026-04-21,5.94,Pkp Intercity X0424 Kasa,NA,Miscellaneous Expenses,FALSE,c,NA,credit_card
Chase Marriott Bonvoy,2026-04-21,12.56,Nespresso,NA,Groceries,FALSE,c,NA,credit_card
Chase Marriott Bonvoy,2026-04-21,1.5,Karmello,NA,Dining-Restaurants,FALSE,c,NA,credit_card
Chase Marriott Bonvoy,2026-04-21,1.14,Precle 2,NA,Miscellaneous Expenses,FALSE,c,NA,credit_card
Chase Marriott Bonvoy,2026-04-21,10.05,Campana,NA,Dining-Restaurants,FALSE,c,NA,credit_card
Chase Marriott Bonvoy,2026-04-21,75.07,W Starej Kuchni 01,NA,Dining-Restaurants,FALSE,c,NA,credit_card
Chase Marriott Bonvoy,2026-04-21,96.84,Zara,NA,Clothing-Shoes,FALSE,c,NA,credit_card
Citi /AAdvantage Executive World Elite Mastercard,2026-04-21,12.57,Netflix,NA,Entertainment,FALSE,c,NA,credit_card
Chase Marriott Bonvoy,2026-04-22,3.89,Uslugi Gastronomiczne N,NA,Miscellaneous Expenses,FALSE,c,NA,credit_card
Chase Marriott Bonvoy,2026-04-22,8.34,Grifo Marcin Pieta,NA,Dining-Restaurants,FALSE,c,NA,credit_card
Chase Marriott Bonvoy,2026-04-22,84.97,Pierogarnia Stary Mlyn,NA,Miscellaneous Expenses,FALSE,c,NA,credit_card
Chase Amazon Visa 5154,2026-04-23,5.49,Amazon Prime Video,NA,Entertainment,FALSE,c,NA,credit_card
Chase Marriott Bonvoy,2026-04-23,49.5,Sushi 9,NA,Dining-Restaurants,FALSE,c,NA,credit_card
Chase Marriott Bonvoy,2026-04-23,951.19,Booking.com,NA,Travel,FALSE,c,NA,credit_card
Chase Marriott Bonvoy,2026-04-23,4.67,Pijana Wisnia Sopot 1,NA,Miscellaneous Expenses,FALSE,c,NA,credit_card
Chase Marriott Bonvoy,2026-04-23,26.19,Bolt,NA,Household,FALSE,c,NA,credit_card
Chase Marriott Bonvoy,2026-04-23,76.35,Sopot Marriott Resort,NA,Travel,FALSE,c,NA,credit_card
Chase Marriott Bonvoy,2026-04-23,5.53,Apartamenty Zuraw,NA,Miscellaneous Expenses,FALSE,c,NA,credit_card
Citi /AAdvantage Executive World Elite Mastercard,2026-04-23,7.61,Phz Baltona Zoom Palar Warszawa Pol,NA,Household,FALSE,c,NA,credit_card
Citi /AAdvantage Executive World Elite Mastercard,2026-04-23,7.05,Phz Baltona Zoom Palar Warszawa Pol,NA,Household,FALSE,c,NA,credit_card
Citi /AAdvantage Executive World Elite Mastercard,2026-04-23,15.18,Phz Baltona 208 Pizza Warszawa Pol,NA,Dining-Restaurants,FALSE,c,NA,credit_card
Citi /AAdvantage Executive World Elite Mastercard,2026-04-23,4.01,Phz Baltona Zoom Palar Warszawa Pol,NA,Household,FALSE,c,NA,credit_card
Citi /AAdvantage Executive World Elite Mastercard,2026-04-23,56.07,Payment to AT&T,NA,Telephone-Cellular,FALSE,c,NA,credit_card
Citi /AAdvantage Executive World Elite Mastercard,2026-04-23,4.42,Phz Baltona Zoom Palar Warszawa Pol,NA,Household,FALSE,c,NA,credit_card
Chase Amazon Visa 5154,2026-04-24,8.79,Amazon Prime Video,NA,Entertainment,FALSE,c,NA,credit_card
Chase Marriott Bonvoy,2026-04-24,89.09,Spoko,NA,Miscellaneous Expenses,FALSE,c,NA,credit_card
Chase Marriott Bonvoy,2026-04-24,6.94,Bolt,NA,Household,FALSE,c,NA,credit_card
Chase Marriott Bonvoy,2026-04-24,374.25,Marriott International,NA,Travel,FALSE,c,NA,credit_card
Citi /AAdvantage Executive World Elite Mastercard,2026-04-24,9.99,Apple,NA,Electronics,FALSE,c,NA,credit_card
Citi /AAdvantage Executive World Elite Mastercard,2026-04-24,7.68,Bolt,NA,Household,FALSE,c,NA,credit_card
Chase Marriott Bonvoy,2026-04-25,5.99,Bolt,NA,Household,FALSE,c,NA,credit_card
Chase Marriott Bonvoy,2026-04-25,56,Sopot Marriott Resort,NA,Travel,FALSE,c,NA,credit_card
Citi /AAdvantage Executive World Elite Mastercard,2026-04-25,12,Relay,NA,Entertainment,FALSE,c,NA,credit_card
Citi /AAdvantage Executive World Elite Mastercard,2026-04-25,1.99,Piekarnia Cukiernia,NA,Dining-Restaurants,FALSE,c,NA,credit_card
Citi /AAdvantage Executive World Elite Mastercard,2026-04-25,3.32,Zabka,NA,Groceries,FALSE,c,NA,credit_card
Chase Marriott Bonvoy,2026-04-26,23.45,Estonian National Opera,NA,Entertainment,FALSE,c,NA,credit_card
Chase Marriott Bonvoy,2026-04-26,157.01,Saffron Restaurant,NA,Dining-Restaurants,FALSE,c,NA,credit_card
Chase Marriott Bonvoy,2026-04-26,8.68,Bolt,NA,Household,FALSE,c,NA,credit_card
Chase Marriott Bonvoy,2026-04-26,4.81,Bolt,NA,Household,FALSE,c,NA,credit_card
Chase Marriott Bonvoy,2026-04-26,4.94,Bolt,NA,Household,FALSE,c,NA,credit_card
Citi /AAdvantage Executive World Elite Mastercard,2026-04-26,2.58,"R Kiosk Kodutarve Sise Harjumaa, Ta Est",NA,Dining-Restaurants,FALSE,c,NA,credit_card
Citi /AAdvantage Executive World Elite Mastercard,2026-04-26,11.25,"R-Kiosk Tallinna Lennu Harjumaa, Ta Est",NA,Dining-Restaurants,FALSE,c,NA,credit_card
Citi /AAdvantage Executive World Elite Mastercard,2026-04-26,4.69,Bar-Buffee Nikolay Tallinn Est,NA,Dining-Restaurants,FALSE,c,NA,credit_card
Citi /AAdvantage Executive World Elite Mastercard,2026-04-26,7.02,Kreutzwaldi Selver Tallinn Est,NA,Groceries,FALSE,c,NA,credit_card
Citi /AAdvantage Executive World Elite Mastercard,2026-04-26,24.67,Takso/Fie Sven Jarvsoo Tallinn Est,NA,Dining-Restaurants,FALSE,c,NA,credit_card
Citi /AAdvantage Executive World Elite Mastercard,2026-04-27,49.99,Foreign Policy,NA,Recreation-Hobbies,FALSE,c,NA,credit_card
Citi /AAdvantage Executive World Elite Mastercard,2026-04-27,23.19,GoDaddy,NA,Web-Internet,FALSE,c,NA,credit_card
Citi /AAdvantage Executive World Elite Mastercard,2026-04-27,46.68,Apple,NA,Electronics,FALSE,c,NA,credit_card
Chase Amazon Visa 5154,2026-04-28,33.99,Amazon Marketplace,NA,Household,FALSE,c,NA,credit_card
Chase Marriott Bonvoy,2026-04-28,84.41,Estonian National Opera,NA,Entertainment,FALSE,c,NA,credit_card
Chase Marriott Bonvoy,2026-04-28,81.12,Pho Bar,NA,Dining-Restaurants,FALSE,c,NA,credit_card
Citi /AAdvantage Executive World Elite Mastercard,2026-04-28,19.25,Pokebowl+Meze Viru Tallinn Est,NA,Dining-Restaurants,FALSE,c,NA,credit_card
Citi /AAdvantage Executive World Elite Mastercard,2026-04-28,42.19,GoDaddy,NA,Web-Internet,FALSE,c,NA,credit_card
Chase Marriott Bonvoy,2026-04-29,16.42,Pho Bar,NA,Dining-Restaurants,FALSE,c,NA,credit_card
Chase Marriott Bonvoy,2026-04-29,22.29,Sakura Mart,NA,Dining-Restaurants,FALSE,c,NA,credit_card
Chase Marriott Bonvoy,2026-04-29,9.03,Bolt,NA,Household,FALSE,c,NA,credit_card
Hilton Honors AMEX 1009,2026-04-29,1074.28,Apple,NA,Electronics,FALSE,c,NA,credit_card
Chase Marriott Bonvoy,2026-04-30,16.41,Pho Bar,NA,Dining-Restaurants,FALSE,c,NA,credit_card
Chase Marriott Bonvoy,2026-04-30,8.44,It All Greek To Me,NA,Miscellaneous Expenses,FALSE,c,NA,credit_card
Chase Marriott Bonvoy,2026-04-30,12.27,Pavlova Salon,NA,Fitness-Personal Care,FALSE,c,NA,credit_card
Chase Marriott Bonvoy,2026-04-30,17.58,Pho Bar,NA,Dining-Restaurants,FALSE,c,NA,credit_card
Citi /AAdvantage Executive World Elite Mastercard,2026-04-30,9.99,Apple,NA,Electronics,FALSE,c,NA,credit_card
Citi /AAdvantage Executive World Elite Mastercard,2026-04-30,100.45,Exhale Hemp Commerce CA,NA,Clothing-Shoes,FALSE,c,NA,credit_card
Chase Amazon Visa 5154,2026-05-01,6.59,Amazon Prime Video,NA,Entertainment,FALSE,c,NA,credit_card
Chase Amazon Visa 5154,2026-05-01,15.39,Amazon Prime Video,NA,Entertainment,FALSE,c,NA,credit_card
Chase Marriott Bonvoy,2026-05-01,8.57,Real Cafe,NA,Dining-Restaurants,FALSE,c,NA,credit_card
Chase Marriott Bonvoy,2026-05-01,118.9,Radisson Collection,NA,Travel,FALSE,c,NA,credit_card
Chase Marriott Bonvoy,2026-05-01,55.96,Pyd*Cafe Pelmen,NA,Dining-Restaurants,FALSE,c,NA,credit_card
Chase Marriott Bonvoy,2026-05-01,6.09,H&M,NA,Clothing-Shoes,FALSE,c,NA,credit_card
Chase Marriott Bonvoy,2026-05-01,38.16,Radisson Collection,NA,Travel,FALSE,c,NA,credit_card
Chase Marriott Bonvoy,2026-05-01,8.92,Bolt,NA,Household,FALSE,c,NA,credit_card
Chase Marriott Bonvoy,2026-05-01,8.1,Bolt,NA,Household,FALSE,c,NA,credit_card
Chase Marriott Bonvoy,2026-05-01,2.95,Postimaja Euroapteek,NA,Dining-Restaurants,FALSE,c,NA,credit_card
Citi /AAdvantage Executive World Elite Mastercard,2026-05-01,137.86,Payment to Usaa Property And Casualty Insurance,NA,Insurance,FALSE,c,NA,credit_card
Citi /AAdvantage Executive World Elite Mastercard,2026-05-01,179.89,GoDaddy,NA,Web-Internet,FALSE,c,NA,credit_card
Citi /AAdvantage Executive World Elite Mastercard,2026-05-01,5.98,Apple,NA,Electronics,FALSE,c,NA,credit_card
Hilton Honors AMEX 1009,2026-05-01,10,Www.Perplexity.Ai San Francisco CA,NA,Travel,FALSE,c,NA,credit_card
Chase Marriott Bonvoy,2026-05-02,8.13,Samsa Viru Keskus,NA,Dining-Restaurants,FALSE,c,NA,credit_card
Chase Marriott Bonvoy,2026-05-02,7.43,Bolt,NA,Household,FALSE,c,NA,credit_card
Chase Marriott Bonvoy,2026-05-02,10.84,It All Greek To Me,NA,Miscellaneous Expenses,FALSE,c,NA,credit_card
Chase Marriott Bonvoy,2026-05-02,8.84,Valge Saal I,NA,Miscellaneous Expenses,FALSE,c,NA,credit_card
Chase Marriott Bonvoy,2026-05-02,12.38,Pokebowl Station,NA,Dining-Restaurants,FALSE,c,NA,credit_card
Chase Marriott Bonvoy,2026-05-02,8.54,Bar Buffee Nikolay,NA,Dining-Restaurants,FALSE,c,NA,credit_card
Chase Marriott Bonvoy,2026-05-02,319.29,Palace Hotel,NA,Travel,FALSE,c,NA,credit_card
Chase Marriott Bonvoy,2026-05-02,312.52,Palace Hotel,NA,Travel,FALSE,c,NA,credit_card
Chase Marriott Bonvoy,2026-05-02,52.45,Saffron Restaurant,NA,Dining-Restaurants,FALSE,c,NA,credit_card
Chase Marriott Bonvoy,2026-05-02,276.81,Radisson Collection,NA,Travel,FALSE,c,NA,credit_card
Chase Marriott Bonvoy,2026-05-02,7.19,Bolt,NA,Household,FALSE,c,NA,credit_card
Chase Marriott Bonvoy,2026-05-02,2.36,Tallinn.Pilet.Ee,NA,Miscellaneous Expenses,FALSE,c,NA,credit_card
Citi /AAdvantage Executive World Elite Mastercard,2026-05-02,28.59,Sirius XM,NA,Entertainment,FALSE,c,NA,credit_card
Chase Marriott Bonvoy,2026-05-03,4.6,Bolt,NA,Household,FALSE,c,NA,credit_card
Chase Marriott Bonvoy,2026-05-03,18.86,Ou Interalia,NA,Miscellaneous Expenses,FALSE,c,NA,credit_card
Chase Marriott Bonvoy,2026-05-03,7.78,Bolt,NA,Household,FALSE,c,NA,credit_card
Chase Marriott Bonvoy,2026-05-03,27.34,Real Cafe,NA,Dining-Restaurants,FALSE,c,NA,credit_card
Chase Marriott Bonvoy,2026-05-03,10.25,Solaris Key,NA,Web-Internet,FALSE,c,NA,credit_card
Chase Marriott Bonvoy,2026-05-03,3.42,Tallinna Linnaapteek Sola,NA,Dining-Restaurants,FALSE,c,NA,credit_card
Chase Marriott Bonvoy,2026-05-03,4.01,Real Cafe,NA,Dining-Restaurants,FALSE,c,NA,credit_card
Chase Marriott Bonvoy,2026-05-03,27.76,Solaris Key,NA,Web-Internet,FALSE,c,NA,credit_card
Chase Marriott Bonvoy,2026-05-03,9.08,Solaris Caffeine,NA,Dining-Restaurants,FALSE,c,NA,credit_card
Chase Marriott Bonvoy,2026-05-03,25.4,Solaris Key,NA,Web-Internet,FALSE,c,NA,credit_card
Chase Marriott Bonvoy,2026-05-04,47.65,Bolt.Eu/D/XX1455,NA,Miscellaneous Expenses,FALSE,c,NA,credit_card
Chase Marriott Bonvoy,2026-05-04,3.84,As.Saily*Saily,NA,Miscellaneous Expenses,FALSE,c,NA,credit_card
Chase Marriott Bonvoy,2026-05-04,8.84,Bolt,NA,Household,FALSE,c,NA,credit_card
Chase Marriott Bonvoy,2026-05-04,0.35,Bolt,NA,Household,FALSE,c,NA,credit_card
Chase Marriott Bonvoy,2026-05-04,5.54,Real Cafe,NA,Dining-Restaurants,FALSE,c,NA,credit_card
Chase Marriott Bonvoy,2026-05-04,28.64,Real Cafe,NA,Dining-Restaurants,FALSE,c,NA,credit_card
Chase Marriott Bonvoy,2026-05-04,125.33,Radisson Collection,NA,Travel,FALSE,c,NA,credit_card
Chase Marriott Bonvoy,2026-05-04,3.54,Real Cafe,NA,Dining-Restaurants,FALSE,c,NA,credit_card
Citi /AAdvantage Executive World Elite Mastercard,2026-05-04,10,Apple,NA,Electronics,FALSE,c,NA,credit_card
Citi /AAdvantage Executive World Elite Mastercard,2026-05-04,58.69,Estonian National Oper Tallinn Est,NA,Travel,FALSE,c,NA,credit_card
Citi /AAdvantage Executive World Elite Mastercard,2026-05-04,213.59,Radisson Hotels,NA,Travel,FALSE,c,NA,credit_card
Chase Amazon Visa 5154,2026-05-05,56.56,Amazon Marketplace,NA,Household,FALSE,c,NA,credit_card
Chase Marriott Bonvoy,2026-05-05,5.76,Bolt,NA,Household,FALSE,c,NA,credit_card
Chase Marriott Bonvoy,2026-05-05,23.27,Hooaeg,NA,Miscellaneous Expenses,FALSE,c,NA,credit_card
Chase Marriott Bonvoy,2026-05-05,16.92,Real Cafe,NA,Dining-Restaurants,FALSE,c,NA,credit_card
Chase Marriott Bonvoy,2026-05-05,15.75,Real Cafe,NA,Dining-Restaurants,FALSE,c,NA,credit_card
Chase Marriott Bonvoy,2026-05-05,211.53,Kaubamaja Tallinn,NA,Dining-Restaurants,FALSE,c,NA,credit_card
Chase Marriott Bonvoy,2026-05-05,33.26,Kaubamaja Tallinn,NA,Dining-Restaurants,FALSE,c,NA,credit_card
Chase Marriott Bonvoy,2026-05-05,67.58,Sakura Mart,NA,Dining-Restaurants,FALSE,c,NA,credit_card
Chase Marriott Bonvoy,2026-05-06,5.27,Tallinna Linnaapteek Sola,NA,Dining-Restaurants,FALSE,c,NA,credit_card
Chase Marriott Bonvoy,2026-05-06,218.93,Radisson Collection,NA,Travel,FALSE,c,NA,credit_card
Chase Marriott Bonvoy,2026-05-06,6.91,Bolt,NA,Household,FALSE,c,NA,credit_card
Chase Marriott Bonvoy,2026-05-06,18.74,Sakura Mart,NA,Dining-Restaurants,FALSE,c,NA,credit_card
Chase Marriott Bonvoy,2026-05-06,10,Fs *Dall-Efree,NA,Web-Internet,FALSE,c,NA,credit_card
Chase Marriott Bonvoy,2026-05-06,6.09,Bolt,NA,Household,FALSE,c,NA,credit_card
Chase Marriott Bonvoy,2026-05-06,19.68,Samsa Viru Keskus,NA,Dining-Restaurants,FALSE,c,NA,credit_card
Chase Marriott Bonvoy,2026-05-06,12,Tacaintl Air,NA,Travel,FALSE,c,NA,credit_card
Citi /AAdvantage Executive World Elite Mastercard,2026-05-06,23.6,Unibet Sports Bar Tallinn Est,NA,Dining-Restaurants,FALSE,c,NA,credit_card
Citi /AAdvantage Executive World Elite Mastercard,2026-05-06,10.89,KFC,NA,Dining-Restaurants,FALSE,c,NA,credit_card
Chase Marriott Bonvoy,2026-05-07,37.75,City Sightseeing,NA,Travel,FALSE,c,NA,credit_card
Chase Marriott Bonvoy,2026-05-07,32.92,Zara,NA,Clothing-Shoes,FALSE,c,NA,credit_card
Chase Marriott Bonvoy,2026-05-07,14,GitHub,NA,Web-Internet,FALSE,c,NA,credit_card
Chase Marriott Bonvoy,2026-05-07,8.85,Bolt,NA,Household,FALSE,c,NA,credit_card
Chase Marriott Bonvoy,2026-05-07,69.96,Stalker,NA,Miscellaneous Expenses,FALSE,c,NA,credit_card
Citi /AAdvantage Executive World Elite Mastercard,2026-05-07,9.44,Spordibaar Arena14 Tallinn Est,NA,Entertainment,FALSE,c,NA,credit_card
Citi /AAdvantage Executive World Elite Mastercard,2026-05-07,35.39,Astrarium Tallinn Est,NA,Travel,FALSE,c,NA,credit_card
Citi /AAdvantage Executive World Elite Mastercard,2026-05-07,75.83,American Airlines,NA,Travel,FALSE,c,NA,credit_card
Citi /AAdvantage Executive World Elite Mastercard,2026-05-07,20.6,American Airlines,NA,Travel,FALSE,c,NA,credit_card
Citi /AAdvantage Executive World Elite Mastercard,2026-05-07,12.99,Apple,NA,Electronics,FALSE,c,NA,credit_card
Citi /AAdvantage Executive World Elite Mastercard,2026-05-07,12.39,"Reval Cafe Harjumaa, Ta Est",NA,Dining-Restaurants,FALSE,c,NA,credit_card
Chase Amazon Visa 5154,2026-05-08,8.55,Amazon Marketplace,NA,Household,FALSE,c,NA,credit_card
Chase Marriott Bonvoy,2026-05-08,8.83,Bolt,NA,Household,FALSE,c,NA,credit_card
Chase Marriott Bonvoy,2026-05-08,19.79,Samsa Viru Keskus,NA,Dining-Restaurants,FALSE,c,NA,credit_card
Chase Marriott Bonvoy,2026-05-08,8.13,Bolt,NA,Household,FALSE,c,NA,credit_card
Chase Marriott Bonvoy,2026-05-08,111.9,Restoran Peppersack,NA,Dining-Restaurants,FALSE,c,NA,credit_card
Chase Marriott Bonvoy,2026-05-08,3.77,Kalvegoldengate,NA,Miscellaneous Expenses,FALSE,c,NA,credit_card
Citi /AAdvantage Executive World Elite Mastercard,2026-05-08,2.71,"R Kiosk Kodutarve Sise Harjumaa, Ta Est",NA,Dining-Restaurants,FALSE,c,NA,credit_card
Chase Marriott Bonvoy,2026-05-09,6.25,Bolt,NA,Household,FALSE,c,NA,credit_card
Chase Marriott Bonvoy,2026-05-09,70.74,Kaubamaja Tallinn,NA,Dining-Restaurants,FALSE,c,NA,credit_card
Chase Marriott Bonvoy,2026-05-09,21.81,Hooaeg,NA,Miscellaneous Expenses,FALSE,c,NA,credit_card
Chase Marriott Bonvoy,2026-05-09,19.81,Samsa Viru Keskus,NA,Dining-Restaurants,FALSE,c,NA,credit_card
Chase Marriott Bonvoy,2026-05-09,25.82,Coca-Cola,NA,Groceries,FALSE,c,NA,credit_card
Chase Marriott Bonvoy,2026-05-09,8.14,Bolt,NA,Household,FALSE,c,NA,credit_card
Chase Marriott Bonvoy,2026-05-09,16.51,Pho Bar,NA,Dining-Restaurants,FALSE,c,NA,credit_card
Chase Marriott Bonvoy,2026-05-09,6.96,Bolt,NA,Household,FALSE,c,NA,credit_card
Citi /AAdvantage Executive World Elite Mastercard,2026-05-09,4.5,Wikipedia,NA,Web-Internet,FALSE,c,NA,credit_card
Chase Amazon Visa 5154,2026-05-10,124.59,Amazon Marketplace,NA,Household,FALSE,c,NA,credit_card
Chase Amazon Visa 5154,2026-05-10,37.99,Amazon,NA,Household,FALSE,c,NA,credit_card
Chase Amazon Visa 5154,2026-05-10,6.59,Amazon Prime Video,NA,Entertainment,FALSE,c,NA,credit_card
Chase Marriott Bonvoy,2026-05-10,17.21,Bolt,NA,Household,FALSE,c,NA,credit_card
Chase Marriott Bonvoy,2026-05-10,6.96,Bolt,NA,Household,FALSE,c,NA,credit_card
Chase Marriott Bonvoy,2026-05-10,30.36,Plaza Premium Lounge,NA,Travel,FALSE,c,NA,credit_card
Chase Marriott Bonvoy,2026-05-10,16.98,Espresso House,NA,Dining-Restaurants,FALSE,c,NA,credit_card
Chase Marriott Bonvoy,2026-05-10,12.49,Ss.Saily* Saily,NA,Miscellaneous Expenses,FALSE,c,NA,credit_card
Chase Marriott Bonvoy,2026-05-10,246.47,Palace Hotel,NA,Travel,FALSE,c,NA,credit_card
Chase Marriott Bonvoy,2026-05-10,14.12,Lentoaseman Apt,NA,Miscellaneous Expenses,FALSE,c,NA,credit_card
Chase Marriott Bonvoy,2026-05-10,14.68,Sake Sushi,NA,Dining-Restaurants,FALSE,c,NA,credit_card
Chase Marriott Bonvoy,2026-05-10,21.81,Plaza Premium Lounge,NA,Travel,FALSE,c,NA,credit_card
Chase Marriott Bonvoy,2026-05-10,12.91,Megastar,NA,Groceries,FALSE,c,NA,credit_card
Chase Marriott Bonvoy,2026-05-10,4.72,Megastar,NA,Groceries,FALSE,c,NA,credit_card
Citi /AAdvantage Executive World Elite Mastercard,2026-05-10,16.5,"Sessel Salong Harjumaa, Ta Est",NA,Fitness-Personal Care,FALSE,c,NA,credit_card
Citi /AAdvantage Executive World Elite Mastercard,2026-05-10,16.62,HMSHost,NA,Dining-Restaurants,FALSE,c,NA,credit_card
Citi /AAdvantage Executive World Elite Mastercard,2026-05-10,8.25,"Sessel Salong Harjumaa, Ta Est",NA,Fitness-Personal Care,FALSE,c,NA,credit_card
Citi /AAdvantage Executive World Elite Mastercard,2026-05-10,39,Consumer Reports,NA,Recreation-Hobbies,FALSE,c,NA,credit_card
Citi /AAdvantage Executive World Elite Mastercard,2026-05-10,49.99,Seed.com,NA,Medical-Healthcare,FALSE,c,NA,credit_card
Citi /AAdvantage Executive World Elite Mastercard,2026-05-10,30.06,Plaza Premium L Vantaa Fin,NA,Insurance,FALSE,c,NA,credit_card
Chase Marriott Bonvoy,2026-05-11,54.98,Sling Tv,NA,Entertainment,FALSE,c,NA,credit_card
Citi /AAdvantage Executive World Elite Mastercard,2026-05-11,331.81,Payment to AT&T,NA,Telephone-Cellular,FALSE,c,NA,credit_card
Citi /AAdvantage Executive World Elite Mastercard,2026-05-11,10,Phl Philadelph00 Of 00 Philadelphia PA,NA,Home Maintenance,FALSE,c,NA,credit_card
Hilton Honors AMEX 1009,2026-05-11,4.72,Hilton Hotels & Resorts,NA,Travel,FALSE,c,NA,credit_card
Chase Marriott Bonvoy,2026-05-12,59.25,Sumi Sushi Hibachi,NA,Dining-Restaurants,FALSE,c,NA,credit_card
Chase Marriott Bonvoy,2026-05-12,23.3,ALDI,NA,Groceries,FALSE,c,NA,credit_card
Chase Marriott Bonvoy,2026-05-12,38.24,Oakwood Smokehouse,NA,Dining-Restaurants,FALSE,c,NA,credit_card
Chase Marriott Bonvoy,2026-05-12,55.59,ExxonMobil,NA,Gasoline-Fuel,FALSE,c,NA,credit_card
Hilton Honors AMEX 1009,2026-05-12,50,Www.Perplexity.Ai San Francisco CA,NA,Travel,FALSE,c,NA,credit_card
Citi /AAdvantage Executive World Elite Mastercard,2026-05-13,5,Apple,NA,Electronics,FALSE,c,NA,credit_card
Chase Amazon Visa 5154,2026-05-14,11.99,Amazon Kindle,NA,Recreation-Hobbies,FALSE,c,NA,credit_card
Chase Marriott Bonvoy,2026-05-14,48.97,Culver's,NA,Dining-Restaurants,FALSE,c,NA,credit_card
Chase Marriott Bonvoy,2026-05-14,30.81,ALDI,NA,Groceries,FALSE,c,NA,credit_card
Chase Marriott Bonvoy,2026-05-14,9.99,Publix,NA,Groceries,FALSE,c,NA,credit_card
Chase Marriott Bonvoy,2026-05-14,84.02,Sumi Sushi Hibachi,NA,Dining-Restaurants,FALSE,c,NA,credit_card
Chase Marriott Bonvoy,2026-05-14,6.73,South Leesburg Ace,NA,Home Improvement,FALSE,c,NA,credit_card
Chase Marriott Bonvoy,2026-05-14,50.05,Pmt*Vehicle Renew Lake,NA,Household,FALSE,c,NA,credit_card
Citi /AAdvantage Executive World Elite Mastercard,2026-05-14,16,Links Car Wash,NA,Automotive Maintenance,FALSE,c,NA,credit_card
Citi /AAdvantage Executive World Elite Mastercard,2026-05-15,5,Apple,NA,Electronics,FALSE,c,NA,credit_card
Citi /AAdvantage Executive World Elite Mastercard,2026-05-15,9.29,Apple,NA,Electronics,FALSE,c,NA,credit_card
Citi /AAdvantage Executive World Elite Mastercard,2026-05-15,45,American Airlines,NA,Travel,FALSE,c,NA,credit_card
Citi /AAdvantage Executive World Elite Mastercard,2026-05-15,5.6,American Airlines,NA,Travel,FALSE,c,NA,credit_card
Citi /AAdvantage Executive World Elite Mastercard,2026-05-15,12.21,Dunkin' Donuts,NA,Dining-Restaurants,FALSE,c,NA,credit_card
Citi /AAdvantage Executive World Elite Mastercard,2026-05-15,13.69,Apple,NA,Electronics,FALSE,c,NA,credit_card
Hilton Honors AMEX 1009,2026-05-15,43.47,Prosegur Vigila Y Sebogota D.C.,NA,Miscellaneous Expenses,FALSE,c,NA,credit_card
Chase Amazon Visa 5154,2026-05-16,18.69,Amazon Prime Video,NA,Entertainment,FALSE,c,NA,credit_card
Chase Marriott Bonvoy,2026-05-16,125,Nespresso,NA,Groceries,FALSE,c,NA,credit_card
Chase Marriott Bonvoy,2026-05-16,26.55,Publix,NA,Groceries,FALSE,c,NA,credit_card
Chase Marriott Bonvoy,2026-05-16,66.66,Tst*Luna Azul Authentic,NA,Dining-Restaurants,FALSE,c,NA,credit_card
Citi /AAdvantage Executive World Elite Mastercard,2026-05-16,35.4,Coursera,NA,Education,FALSE,c,NA,credit_card
Citi /AAdvantage Executive World Elite Mastercard,2026-05-16,54.49,Luna Azul Authentic ME Leesburg FL,NA,Dining-Restaurants,FALSE,c,NA,credit_card
Chase Amazon Visa 5154,2026-05-17,5.49,Amazon Prime Video,NA,Entertainment,FALSE,c,NA,credit_card
Chase Marriott Bonvoy,2026-05-17,56.82,Speedway,NA,Gasoline-Fuel,FALSE,c,NA,credit_card
Chase Marriott Bonvoy,2026-05-17,32.81,ALDI,NA,Groceries,FALSE,c,NA,credit_card
Chase Marriott Bonvoy,2026-05-17,11.46,Publix,NA,Groceries,FALSE,c,NA,credit_card
Chase Marriott Bonvoy,2026-05-17,9.9,Yalaha Bakery,NA,Dining-Restaurants,FALSE,c,NA,credit_card
Chase Marriott Bonvoy,2026-05-17,7.41,ALDI,NA,Groceries,FALSE,c,NA,credit_card
Citi /AAdvantage Executive World Elite Mastercard,2026-05-17,14.99,Super+ *X-XX8471 CA,NA,Web-Internet,FALSE,c,NA,credit_card
Chase Marriott Bonvoy,2026-05-18,60.64,Sumi Sushi Hibachi,NA,Dining-Restaurants,FALSE,c,NA,credit_card
Citi /AAdvantage Executive World Elite Mastercard,2026-05-18,143.38,Apple,NA,Electronics,FALSE,c,NA,credit_card
Chase Marriott Bonvoy,2026-05-19,7.87,ALDI,NA,Groceries,FALSE,c,NA,credit_card
Chase Marriott Bonvoy,2026-05-19,48.21,Twisted Biscuit Diner,NA,Dining-Restaurants,FALSE,c,NA,credit_card
Chase Marriott Bonvoy,2026-05-19,5.35,Popeyes Louisiana Kitchen,NA,Dining-Restaurants,FALSE,c,NA,credit_card
Citi /AAdvantage Executive World Elite Mastercard,2026-05-19,12.6,Popeyes Louisiana Kitchen,NA,Dining-Restaurants,FALSE,c,NA,credit_card
Citi /AAdvantage Executive World Elite Mastercard,2026-05-19,44.58,La Placita,NA,Dining-Restaurants,FALSE,c,NA,credit_card
Citi /AAdvantage Executive World Elite Mastercard,2026-05-19,101.34,American Airlines,NA,Travel,FALSE,c,NA,credit_card
Citi /AAdvantage Executive World Elite Mastercard,2026-05-19,30.88,Uber Eats,NA,Dining-Restaurants,FALSE,c,NA,credit_card
Citi /AAdvantage Executive World Elite Mastercard,2026-05-19,3.73,7-Eleven,NA,Groceries,FALSE,c,NA,credit_card
Chase Amazon Visa 5154,2026-05-20,6.59,Amazon Prime Video,NA,Entertainment,FALSE,c,NA,credit_card
Chase Amazon Visa 5154,2026-05-20,28.88,Amazon Marketplace,NA,Household,FALSE,c,NA,credit_card
Chase Marriott Bonvoy,2026-05-20,41.59,Sumi Sushi Hibachi,NA,Dining-Restaurants,FALSE,c,NA,credit_card
Chase Marriott Bonvoy,2026-05-20,49.94,Oakwood Smokehouse,NA,Dining-Restaurants,FALSE,c,NA,credit_card
Chase Marriott Bonvoy,2026-05-20,2095,Pmt*Lake CO Assessment,NA,Miscellaneous Expenses,FALSE,c,NA,credit_card
Citi /AAdvantage Executive World Elite Mastercard,2026-05-20,13.47,McDonald's,NA,Dining-Restaurants,FALSE,c,NA,credit_card
Citi /AAdvantage Executive World Elite Mastercard,2026-05-20,30,American Airlines,NA,Travel,FALSE,c,NA,credit_card
Chase Marriott Bonvoy,2026-05-21,25.64,Publix,NA,Groceries,FALSE,c,NA,credit_card
Chase Marriott Bonvoy,2026-05-21,18.49,Hbo Max,NA,Entertainment,FALSE,c,NA,credit_card
Chase Marriott Bonvoy,2026-05-21,25.79,ALDI,NA,Groceries,FALSE,c,NA,credit_card
Citi /AAdvantage Executive World Elite Mastercard,2026-05-21,8.49,Nayax Vending,NA,Groceries,FALSE,c,NA,credit_card
Chase Amazon Visa 5154,2026-05-22,25.9,Amazon Marketplace,NA,Household,FALSE,c,NA,credit_card
Chase Amazon Visa 5154,2026-05-22,36.35,Amazon Marketplace,NA,Household,FALSE,c,NA,credit_card
Chase Amazon Visa 5154,2026-05-22,38.42,Amazon Marketplace,NA,Household,FALSE,c,NA,credit_card
Chase Amazon Visa 5154,2026-05-22,39.27,Amazon Marketplace,NA,Household,FALSE,c,NA,credit_card
Chase Marriott Bonvoy,2026-05-22,73.51,Sq *Tiki West Raw Bar & G,NA,Dining-Restaurants,FALSE,c,NA,credit_card
Citi /AAdvantage Executive World Elite Mastercard,2026-05-22,12.04,Netflix,NA,Entertainment,FALSE,c,NA,credit_card
Citi /AAdvantage Executive World Elite Mastercard,2026-05-22,8.78,Uber,NA,Travel,FALSE,c,NA,credit_card
Citi /AAdvantage Executive World Elite Mastercard,2026-05-22,37.77,Uber Eats,NA,Dining-Restaurants,FALSE,c,NA,credit_card
Chase Amazon Visa 5154,2026-05-23,79.86,Skechers,NA,Clothing-Shoes,FALSE,c,NA,credit_card
Chase Marriott Bonvoy,2026-05-23,75.79,ExxonMobil,NA,Gasoline-Fuel,FALSE,c,NA,credit_card
Chase Marriott Bonvoy,2026-05-23,4.29,Publix,NA,Groceries,FALSE,c,NA,credit_card
Chase Marriott Bonvoy,2026-05-23,18.18,Advance Auto Parts,NA,Automotive Maintenance,FALSE,c,NA,credit_card
Citi /AAdvantage Executive World Elite Mastercard,2026-05-23,102.24,True Asian,NA,Dining-Restaurants,FALSE,c,NA,credit_card
Chase Amazon Visa 5154,2026-05-24,5.49,Amazon Prime Video,NA,Entertainment,FALSE,c,NA,credit_card
Chase Marriott Bonvoy,2026-05-24,27.79,ALDI,NA,Groceries,FALSE,c,NA,credit_card
Chase Marriott Bonvoy,2026-05-24,41.52,Marshalls,NA,Household,FALSE,c,NA,credit_card
Chase Marriott Bonvoy,2026-05-24,14.33,Culver's,NA,Dining-Restaurants,FALSE,c,NA,credit_card
Chase Marriott Bonvoy,2026-05-24,55.5,Sumi Sushi Hibachi,NA,Dining-Restaurants,FALSE,c,NA,credit_card
Chase Marriott Bonvoy,2026-05-24,10.4,Day Dreams FL Inc,NA,Miscellaneous Expenses,FALSE,c,NA,credit_card
Citi /AAdvantage Executive World Elite Mastercard,2026-05-24,56.07,Payment to AT&T,NA,Telephone-Cellular,FALSE,c,NA,credit_card
Chase Amazon Visa 5154,2026-05-25,8.79,Amazon Prime Video,NA,Entertainment,FALSE,c,NA,credit_card
Chase Marriott Bonvoy,2026-05-25,6.98,ALDI,NA,Groceries,FALSE,c,NA,credit_card
Chase Marriott Bonvoy,2026-05-25,184.5,Renaissance Hotels,NA,Travel,FALSE,c,NA,credit_card
Citi /AAdvantage Executive World Elite Mastercard,2026-05-25,4.99,Apple,NA,Electronics,FALSE,c,NA,credit_card
Citi /AAdvantage Executive World Elite Mastercard,2026-05-25,5,Apple,NA,Electronics,FALSE,c,NA,credit_card
Chase Marriott Bonvoy,2026-05-26,63,Duty Free Americas,NA,Household,FALSE,c,NA,credit_card
Chase Marriott Bonvoy,2026-05-26,49.95,Foreign Affairs,NA,Automotive Maintenance,FALSE,c,NA,credit_card
Chase Marriott Bonvoy,2026-05-26,38,Duty Free Americas,NA,Household,FALSE,c,NA,credit_card
Chase Marriott Bonvoy,2026-05-27,28.76,Santoro Ristorante Piz,NA,Dining-Restaurants,FALSE,c,NA,credit_card
Chase Marriott Bonvoy,2026-05-27,56.75,FRESH CITY,NA,Groceries,FALSE,c,NA,credit_card
Chase Marriott Bonvoy,2026-05-28,1.84,FRESH CITY,NA,Groceries,FALSE,c,NA,credit_card
Chase Marriott Bonvoy,2026-05-28,46.98,Crepes Y Waffles Viva,NA,Dining-Restaurants,FALSE,c,NA,credit_card
Chase Marriott Bonvoy,2026-05-28,19.75,FRESH CITY,NA,Groceries,FALSE,c,NA,credit_card
Chase Marriott Bonvoy,2026-05-29,1843.56,Municipio DE Envigado,NA,Miscellaneous Expenses,FALSE,c,NA,credit_card
Citi /AAdvantage Executive World Elite Mastercard,2026-05-29,179.78,WesaluteXX-2774 Cheyenne WY,NA,Dining-Restaurants,FALSE,c,NA,credit_card
Citi /AAdvantage Executive World Elite Mastercard,2026-05-29,34.85,Walmart,NA,Household,FALSE,c,NA,credit_card
Chase Amazon Visa 5154,2026-05-30,14.99,Amazon Prime Video,NA,Entertainment,FALSE,c,NA,credit_card
Chase Amazon Visa 5154,2026-05-30,19.99,Amazon Marketplace,NA,Household,FALSE,c,NA,credit_card
Chase Marriott Bonvoy,2026-05-30,333.12,PriceSmart,NA,Household,FALSE,c,NA,credit_card
Chase Marriott Bonvoy,2026-05-30,43.95,Bold Amsu X3,NA,Dining-Restaurants,FALSE,c,NA,credit_card
Chase Marriott Bonvoy,2026-05-30,12,Suscripcion Lifemiles Plu,NA,Miscellaneous Expenses,FALSE,c,NA,credit_card
Citi /AAdvantage Executive World Elite Mastercard,2026-05-30,48.09,Apple,NA,Electronics,FALSE,c,NA,credit_card
Citi /AAdvantage Executive World Elite Mastercard,2026-05-30,5,Apple,NA,Electronics,FALSE,c,NA,credit_card
Chase Marriott Bonvoy,2026-05-31,15.58,Tienda D1 Env City Pla,NA,Miscellaneous Expenses,FALSE,c,NA,credit_card
Chase Marriott Bonvoy,2026-05-31,12.89,JERONIMO MARTINS COLOM,NA,Electronics,FALSE,c,NA,credit_card
Citi /AAdvantage Executive World Elite Mastercard,2026-05-31,100.45,Exhale Hemp Commerce CA,NA,Clothing-Shoes,FALSE,c,NA,credit_card
Citi /AAdvantage Executive World Elite Mastercard,2026-05-31,12.78,Walmart,NA,Household,FALSE,c,NA,credit_card
Hilton Honors AMEX 1009,2026-05-31,141.41,Nuts.com,NA,Groceries,FALSE,c,NA,credit_card
Hilton Honors AMEX 1009,2026-05-31,50,Www.Perplexity.Ai San Francisco CA,NA,Travel,FALSE,c,NA,credit_card
Chase Amazon Visa 5154,2026-06-01,15.39,Amazon Prime Video,NA,Entertainment,FALSE,c,NA,credit_card
Chase Amazon Visa 5154,2026-06-01,6.59,Amazon Prime Video,NA,Entertainment,FALSE,c,NA,credit_card
Chase Marriott Bonvoy,2026-06-01,49.95,PDF-BILLING.COM,NA,Miscellaneous Expenses,FALSE,c,NA,credit_card
Chase Marriott Bonvoy,2026-06-01,3.46,Coffee Co.,NA,Dining-Restaurants,FALSE,c,NA,credit_card
Chase Marriott Bonvoy,2026-06-01,48.58,H Mart,NA,Groceries,FALSE,c,NA,credit_card
Chase Marriott Bonvoy,2026-06-01,6.42,Dollar Tree,NA,Household,FALSE,c,NA,credit_card
Chase Marriott Bonvoy,2026-06-01,10.58,Publix,NA,Groceries,FALSE,c,NA,credit_card
Citi /AAdvantage Executive World Elite Mastercard,2026-06-01,9.99,Apple,NA,Electronics,FALSE,c,NA,credit_card
Citi /AAdvantage Executive World Elite Mastercard,2026-06-01,137.89,Payment to Usaa Property And Casualty Insurance,NA,Insurance,FALSE,c,NA,credit_card
Citi /AAdvantage Executive World Elite Mastercard,2026-06-01,13.46,Walmart,NA,Household,FALSE,c,NA,credit_card
Chase Marriott Bonvoy,2026-06-02,70.2,Nespresso,NA,Groceries,FALSE,c,NA,credit_card
Chase Marriott Bonvoy,2026-06-02,6.57,Publix,NA,Groceries,FALSE,c,NA,credit_card
Chase Marriott Bonvoy,2026-06-02,47.03,South Leesburg Ace,NA,Home Improvement,FALSE,c,NA,credit_card
Chase Marriott Bonvoy,2026-06-03,36.36,BP Global,NA,Gasoline-Fuel,FALSE,c,NA,credit_card
Chase Marriott Bonvoy,2026-06-03,12.21,ALDI,NA,Groceries,FALSE,c,NA,credit_card
Chase Marriott Bonvoy,2026-06-03,88.48,Nespresso,NA,Groceries,FALSE,c,NA,credit_card
Chase Marriott Bonvoy,2026-06-03,61.43,Kia Of Leesburg,NA,Automotive Maintenance,FALSE,c,NA,credit_card
Chase Marriott Bonvoy,2026-06-03,24.07,Sumi Sushi Hibachi,NA,Dining-Restaurants,FALSE,c,NA,credit_card
Citi /AAdvantage Executive World Elite Mastercard,2026-06-03,28.59,Sirius XM,NA,Entertainment,FALSE,c,NA,credit_card
Hilton Honors AMEX 1009,2026-06-03,46.08,Prosegur Vigila Y Sebogota D.C.,NA,Miscellaneous Expenses,FALSE,c,NA,credit_card
Chase Marriott Bonvoy,2026-06-04,12.83,Walgreens,NA,Medical-Healthcare,FALSE,c,NA,credit_card
Chase Marriott Bonvoy,2026-06-04,12.79,Walgreens,NA,Medical-Healthcare,FALSE,c,NA,credit_card
Chase Marriott Bonvoy,2026-06-05,56.74,FRESH CITY,NA,Groceries,FALSE,c,NA,credit_card
Chase Marriott Bonvoy,2026-06-05,13.57,Publix,NA,Groceries,FALSE,c,NA,credit_card
Chase Marriott Bonvoy,2026-06-06,10,Fs *Dall-Efree,NA,Web-Internet,FALSE,c,NA,credit_card
Chase Marriott Bonvoy,2026-06-07,15,Sumi Sushi Hibachi,NA,Dining-Restaurants,FALSE,c,NA,credit_card
Chase Marriott Bonvoy,2026-06-07,14,GitHub,NA,Web-Internet,FALSE,c,NA,credit_card
Chase Marriott Bonvoy,2026-06-07,16.12,Walgreens,NA,Medical-Healthcare,FALSE,c,NA,credit_card
Citi /AAdvantage Executive World Elite Mastercard,2026-06-07,7.99,Apple,NA,Electronics,FALSE,c,NA,credit_card
Citi /AAdvantage Executive World Elite Mastercard,2026-06-07,49.99,Seed.com,NA,Medical-Healthcare,FALSE,c,NA,credit_card
Citi /AAdvantage Executive World Elite Mastercard,2026-06-07,5,Apple,NA,Electronics,FALSE,c,NA,credit_card
Chase Marriott Bonvoy,2026-06-08,11.3,ALDI,NA,Groceries,FALSE,c,NA,credit_card
Chase Marriott Bonvoy,2026-06-08,5,Sheriffs Ranches Thrif,NA,Miscellaneous Expenses,FALSE,c,NA,credit_card
Chase Marriott Bonvoy,2026-06-08,99.9,Feedspot.Com XX6545,NA,Service Charges-Fees,FALSE,c,NA,credit_card
Chase Marriott Bonvoy,2026-06-09,76.37,1password,NA,Web-Internet,FALSE,c,NA,credit_card
Chase Marriott Bonvoy,2026-06-09,17.12,N.e. Seafood Shack,NA,Dining-Restaurants,FALSE,c,NA,credit_card
Citi /AAdvantage Executive World Elite Mastercard,2026-06-09,4.5,Wikipedia,NA,Web-Internet,FALSE,c,NA,credit_card
Chase Amazon Visa 5154,2026-06-10,7.69,Amazon Prime Video,NA,Entertainment,FALSE,c,NA,credit_card
Chase Marriott Bonvoy,2026-06-10,40.19,FRESH CITY,NA,Groceries,FALSE,c,NA,credit_card
Chase Marriott Bonvoy,2026-06-10,12.77,Sumi Sushi Hibachi,NA,Dining-Restaurants,FALSE,c,NA,credit_card
Chase Marriott Bonvoy,2026-06-11,54.98,Sling Tv,NA,Entertainment,FALSE,c,NA,credit_card
Citi /AAdvantage Executive World Elite Mastercard,2026-06-11,164.31,Payment to AT&T,NA,Telephone-Cellular,FALSE,c,NA,credit_card
Citi /AAdvantage Executive World Elite Mastercard,2026-06-11,5,Apple,NA,Electronics,FALSE,c,NA,credit_card
Citi /AAdvantage Executive World Elite Mastercard,2026-06-11,94.99,Apple,NA,Electronics,FALSE,c,NA,credit_card
Chase Marriott Bonvoy,2026-06-12,10.8,Yalaha Bakery,NA,Dining-Restaurants,FALSE,c,NA,credit_card
Chase Marriott Bonvoy,2026-06-12,12.83,Walgreens,NA,Medical-Healthcare,FALSE,c,NA,credit_card
Chase Marriott Bonvoy,2026-06-12,10300,American Nails,NA,Fitness-Personal Care,FALSE,c,NA,credit_card
Chase Marriott Bonvoy,2026-06-12,304.14,PriceSmart,NA,Household,FALSE,c,NA,credit_card
Chase Marriott Bonvoy,2026-06-12,45.75,ALDI,NA,Groceries,FALSE,c,NA,credit_card
Chase Marriott Bonvoy,2026-06-13,327.2,PriceSmart,NA,Household,FALSE,c,NA,credit_card
Citi /AAdvantage Executive World Elite Mastercard,2026-06-13,20.6,American Airlines,NA,Travel,FALSE,c,NA,credit_card
Hilton Honors AMEX 1009,2026-06-13,20,Anthropic,NA,Web-Internet,FALSE,c,NA,credit_card
Chase Amazon Visa 5154,2026-06-14,11.99,Amazon Kindle,NA,Recreation-Hobbies,FALSE,c,NA,credit_card
Chase Marriott Bonvoy,2026-06-14,22.48,Twisted Biscuit Diner,NA,Dining-Restaurants,FALSE,c,NA,credit_card
Chase Marriott Bonvoy,2026-06-15,9.71,Rappi,NA,Web-Internet,FALSE,c,NA,credit_card
Chase Marriott Bonvoy,2026-06-15,16.56,Publix,NA,Groceries,FALSE,c,NA,credit_card
Chase Marriott Bonvoy,2026-06-15,31.03,Circle K,NA,Groceries,FALSE,c,NA,credit_card
Citi /AAdvantage Executive World Elite Mastercard,2026-06-15,13.69,Apple,NA,Electronics,FALSE,c,NA,credit_card
Citi /AAdvantage Executive World Elite Mastercard,2026-06-15,5,Apple,NA,Electronics,FALSE,c,NA,credit_card
Citi /AAdvantage Executive World Elite Mastercard,2026-06-15,9.29,Apple,NA,Electronics,FALSE,c,NA,credit_card
Chase Amazon Visa 5154,2026-06-16,84.15,Amazon Marketplace,NA,Household,FALSE,c,NA,credit_card
Chase Amazon Visa 5154,2026-06-16,157.49,Amazon Marketplace,NA,Household,FALSE,c,NA,credit_card
Chase Amazon Visa 5154,2026-06-16,24.74,Amazon Marketplace,NA,Household,FALSE,c,NA,credit_card
Chase Amazon Visa 5154,2026-06-16,18.69,Amazon Prime Video,NA,Entertainment,FALSE,c,NA,credit_card
Chase Marriott Bonvoy,2026-06-16,12.4,Rappi,NA,Web-Internet,FALSE,c,NA,credit_card
Chase Marriott Bonvoy,2026-06-16,8.1,ALDI,NA,Groceries,FALSE,c,NA,credit_card
Citi /AAdvantage Executive World Elite Mastercard,2026-06-16,35.4,Coursera,NA,Education,FALSE,c,NA,credit_card
Hilton Honors AMEX 1009,2026-06-16,8.75,Slack T0B3Znwtv3K San Francisco CA,NA,Miscellaneous Expenses,FALSE,c,NA,credit_card
Chase Amazon Visa 5154,2026-06-17,5.49,Amazon Prime Video,NA,Entertainment,FALSE,c,NA,credit_card
Chase Marriott Bonvoy,2026-06-17,97.14,FRESH CITY,NA,Groceries,FALSE,c,NA,credit_card
Chase Marriott Bonvoy,2026-06-17,18.38,Publix,NA,Groceries,FALSE,c,NA,credit_card
Citi /AAdvantage Executive World Elite Mastercard,2026-06-17,14.99,Super+ *X-XX8471 CA,NA,Web-Internet,FALSE,c,NA,credit_card
Chase Marriott Bonvoy,2026-06-18,2.64,ALDI,NA,Groceries,FALSE,c,NA,credit_card
Chase Marriott Bonvoy,2026-06-18,11.3,Publix,NA,Groceries,FALSE,c,NA,credit_card
Chase Marriott Bonvoy,2026-06-18,149.11,Tacaintl Air,NA,Travel,FALSE,c,NA,credit_card
Chase Amazon Visa 5154,2026-06-19,31.45,Amazon Marketplace,NA,Household,FALSE,c,NA,credit_card
Chase Amazon Visa 5154,2026-06-19,33.99,Amazon Marketplace,NA,Household,FALSE,c,NA,credit_card
Chase Marriott Bonvoy,2026-06-19,14.4,Rappi,NA,Web-Internet,FALSE,c,NA,credit_card
Chase Marriott Bonvoy,2026-06-19,10.69,Walgreens,NA,Medical-Healthcare,FALSE,c,NA,credit_card
Chase Amazon Visa 5154,2026-06-20,5.49,Amazon Prime Video,NA,Entertainment,FALSE,c,NA,credit_card
Chase Marriott Bonvoy,2026-06-20,17.5,Publix,NA,Groceries,FALSE,c,NA,credit_card
Chase Marriott Bonvoy,2026-06-20,8.03,Dollar Tree,NA,Household,FALSE,c,NA,credit_card
Chase Marriott Bonvoy,2026-06-20,13.13,Sumi Sushi Hibachi,NA,Dining-Restaurants,FALSE,c,NA,credit_card
Chase Marriott Bonvoy,2026-06-20,5.86,ALDI,NA,Groceries,FALSE,c,NA,credit_card
Citi /AAdvantage Executive World Elite Mastercard,2026-06-20,8.39,Circle K,NA,Groceries,FALSE,c,NA,credit_card
Citi /AAdvantage Executive World Elite Mastercard,2026-06-20,24.58,Domino's Pizza,NA,Dining-Restaurants,FALSE,c,NA,credit_card
Citi /AAdvantage Executive World Elite Mastercard,2026-06-20,4.99,Apple,NA,Electronics,FALSE,c,NA,credit_card
Citi /AAdvantage Executive World Elite Mastercard,2026-06-20,5,Apple,NA,Electronics,FALSE,c,NA,credit_card
Chase Marriott Bonvoy,2026-06-21,18.49,Hbo Max,NA,Entertainment,FALSE,c,NA,credit_card
Chase Marriott Bonvoy,2026-06-21,22.76,ALDI,NA,Groceries,FALSE,c,NA,credit_card
Chase Marriott Bonvoy,2026-06-21,520.28,Alkosto Ktronix Intern,NA,Miscellaneous Expenses,FALSE,c,NA,credit_card
Chase Marriott Bonvoy,2026-06-21,15.99,Rappi,NA,Web-Internet,FALSE,c,NA,credit_card
Chase Marriott Bonvoy,2026-06-22,6.24,Rappi Colombia*Dl,NA,Clothing-Shoes,FALSE,c,NA,credit_card
Chase Marriott Bonvoy,2026-06-22,8,Supreme Carwash Of Leesbu,NA,Automotive Maintenance,FALSE,c,NA,credit_card
Chase Marriott Bonvoy,2026-06-22,28.86,Rappi,NA,Web-Internet,FALSE,c,NA,credit_card
Citi /AAdvantage Executive World Elite Mastercard,2026-06-22,12.98,Netflix,NA,Entertainment,FALSE,c,NA,credit_card
Chase Marriott Bonvoy,2026-06-23,4.99,Publix,NA,Groceries,FALSE,c,NA,credit_card
Chase Marriott Bonvoy,2026-06-23,10.69,South Leesburg Ace,NA,Home Improvement,FALSE,c,NA,credit_card
Chase Marriott Bonvoy,2026-06-23,203.3,L.L.Bean,NA,Clothing-Shoes,FALSE,c,NA,credit_card
Citi /AAdvantage Executive World Elite Mastercard,2026-06-23,56.07,Payment to AT&T,NA,Telephone-Cellular,FALSE,c,NA,credit_card
Chase Amazon Visa 5154,2026-06-24,5.49,Amazon Prime Video,NA,Entertainment,FALSE,c,NA,credit_card
Chase Amazon Visa 5154,2026-06-24,31.78,ALDI,NA,Groceries,FALSE,c,NA,credit_card
Chase Amazon Visa 5154,2026-06-24,4.69,Publix,NA,Groceries,FALSE,c,NA,credit_card
Chase Amazon Visa 5154,2026-06-24,45.11,Amazon Marketplace,NA,Household,FALSE,c,NA,credit_card
Chase Amazon Visa 5154,2026-06-24,88.78,Amazon Marketplace,NA,Household,FALSE,c,NA,credit_card
Chase Marriott Bonvoy,2026-06-24,415.33,PriceSmart,NA,Household,FALSE,c,NA,credit_card
Chase Marriott Bonvoy,2026-06-24,23.28,Rappi,NA,Web-Internet,FALSE,c,NA,credit_card
Chase Marriott Bonvoy,2026-06-24,10.66,Rappi Colombia*Dl,NA,Clothing-Shoes,FALSE,c,NA,credit_card
Chase Amazon Visa 5154,2026-06-25,8.79,Amazon Prime Video,NA,Entertainment,FALSE,c,NA,credit_card
Chase Amazon Visa 5154,2026-06-25,9.99,Amazon Marketplace,NA,Household,FALSE,c,NA,credit_card
Chase Marriott Bonvoy,2026-06-25,13.34,Sumi Sushi Hibachi,NA,Dining-Restaurants,FALSE,c,NA,credit_card
Chase Marriott Bonvoy,2026-06-25,4.95,Yalaha Bakery,NA,Dining-Restaurants,FALSE,c,NA,credit_card
Chase Marriott Bonvoy,2026-06-25,79.86,Skechers,NA,Clothing-Shoes,FALSE,c,NA,credit_card
Citi /AAdvantage Executive World Elite Mastercard,2026-06-25,4.99,Apple,NA,Electronics,FALSE,c,NA,credit_card
Citi /AAdvantage Executive World Elite Mastercard,2026-06-25,5,Apple,NA,Electronics,FALSE,c,NA,credit_card
Citi /AAdvantage Executive World Elite Mastercard,2026-06-25,236.98,Exhale Hemp Commerce CA,NA,Clothing-Shoes,FALSE,c,NA,credit_card
Chase Amazon Visa 5154,2026-06-26,25.47,Amazon Marketplace,NA,Household,FALSE,c,NA,credit_card
Chase Amazon Visa 5154,2026-06-26,56.65,Amazon Marketplace,NA,Household,FALSE,c,NA,credit_card
Chase Marriott Bonvoy,2026-06-26,4.69,Uber,NA,Travel,FALSE,c,NA,credit_card
Chase Marriott Bonvoy,2026-06-26,115.24,FRESH CITY,NA,Groceries,FALSE,c,NA,credit_card
Chase Marriott Bonvoy,2026-06-26,4.19,Uber,NA,Travel,FALSE,c,NA,credit_card
Chase Marriott Bonvoy,2026-06-27,9.1,ALDI,NA,Groceries,FALSE,c,NA,credit_card
Chase Marriott Bonvoy,2026-06-27,29.28,Rappi,NA,Web-Internet,FALSE,c,NA,credit_card
Chase Marriott Bonvoy,2026-06-27,19.69,N.e. Seafood Shack,NA,Dining-Restaurants,FALSE,c,NA,credit_card
Chase Marriott Bonvoy,2026-06-27,151.6,Nespresso,NA,Groceries,FALSE,c,NA,credit_card
Chase Marriott Bonvoy,2026-06-27,13.88,Walgreens,NA,Medical-Healthcare,FALSE,c,NA,credit_card
Citi /AAdvantage Executive World Elite Mastercard,2026-06-27,15.96,Domino's Pizza,NA,Dining-Restaurants,FALSE,c,NA,credit_card
Chase Marriott Bonvoy,2026-06-28,8.34,Rappi,NA,Web-Internet,FALSE,c,NA,credit_card
Chase Marriott Bonvoy,2026-06-28,13.63,Rappi Colombia*Dl,NA,Clothing-Shoes,FALSE,c,NA,credit_card
Chase Marriott Bonvoy,2026-06-28,7.63,Rappi Colombia*Dl,NA,Clothing-Shoes,FALSE,c,NA,credit_card
Chase Marriott Bonvoy,2026-06-28,15.5,Walmart,NA,Household,FALSE,c,NA,credit_card
Citi /AAdvantage Executive World Elite Mastercard,2026-06-28,5,Apple,NA,Electronics,FALSE,c,NA,credit_card
Citi /AAdvantage Executive World Elite Mastercard,2026-06-28,48.09,Apple,NA,Electronics,FALSE,c,NA,credit_card
Chase Marriott Bonvoy,2026-06-29,151.91,FRESH CITY,NA,Groceries,FALSE,c,NA,credit_card
Chase Marriott Bonvoy,2026-06-29,2.61,Uber,NA,Travel,FALSE,c,NA,credit_card
Chase Marriott Bonvoy,2026-06-29,3.41,Uber,NA,Travel,FALSE,c,NA,credit_card
Chase Marriott Bonvoy,2026-06-30,7.48,ALDI,NA,Groceries,FALSE,c,NA,credit_card
Chase Marriott Bonvoy,2026-06-30,31.88,ALDI,NA,Groceries,FALSE,c,NA,credit_card
Chase Marriott Bonvoy,2026-06-30,28.16,Rappi,NA,Web-Internet,FALSE,c,NA,credit_card
Chase Marriott Bonvoy,2026-06-30,99.49,Wayfair,NA,Household,FALSE,c,NA,credit_card
Chase Marriott Bonvoy,2026-06-30,12,Suscripcion Lifemiles Plu,NA,Miscellaneous Expenses,FALSE,c,NA,credit_card
Citi /AAdvantage Executive World Elite Mastercard,2026-06-30,9.99,Apple,NA,Electronics,FALSE,c,NA,credit_card
Chase Amazon Visa 5154,2026-07-01,15.39,Amazon Prime Video,NA,Entertainment,FALSE,c,NA,credit_card
Chase Amazon Visa 5154,2026-07-01,6.59,Amazon Prime Video,NA,Entertainment,FALSE,c,NA,credit_card
Chase Marriott Bonvoy,2026-07-01,19.24,Rappi Colombia*Dl,NA,Clothing-Shoes,FALSE,c,NA,credit_card
Chase Marriott Bonvoy,2026-07-01,45.53,Rappi,NA,Web-Internet,FALSE,c,NA,credit_card
Chase Marriott Bonvoy,2026-07-01,16.07,Publix,NA,Groceries,FALSE,c,NA,credit_card
Chase Marriott Bonvoy,2026-07-01,13.88,Walgreens,NA,Medical-Healthcare,FALSE,c,NA,credit_card
Chase Marriott Bonvoy,2026-07-01,201.98,1-800 Contacts,NA,Clothing-Shoes,FALSE,c,NA,credit_card
Hilton Honors AMEX 1009,2026-07-01,8.96,Google*Workspace_Leamountain View CA,NA,Web-Internet,FALSE,c,NA,credit_card
Chase Marriott Bonvoy,2026-07-02,49.95,PDF-BILLING.COM,NA,Miscellaneous Expenses,FALSE,c,NA,credit_card
Citi /AAdvantage Executive World Elite Mastercard,2026-07-02,28.59,Sirius XM,NA,Entertainment,FALSE,c,NA,credit_card
Chase Marriott Bonvoy,2026-07-03,7.59,Publix,NA,Groceries,FALSE,c,NA,credit_card
Chase Marriott Bonvoy,2026-07-03,13.49,Sumi Sushi Hibachi,NA,Dining-Restaurants,FALSE,c,NA,credit_card
Chase Marriott Bonvoy,2026-07-03,27.38,ALDI,NA,Groceries,FALSE,c,NA,credit_card
Chase Marriott Bonvoy,2026-07-03,82.6,FRESH CITY,NA,Groceries,FALSE,c,NA,credit_card
Chase Marriott Bonvoy,2026-07-03,4.34,Uber,NA,Travel,FALSE,c,NA,credit_card
Chase Marriott Bonvoy,2026-07-04,7.59,Publix,NA,Groceries,FALSE,c,NA,credit_card
Chase Marriott Bonvoy,2026-07-04,2.72,Uber,NA,Travel,FALSE,c,NA,credit_card
Chase Marriott Bonvoy,2026-07-04,2.96,Uber,NA,Travel,FALSE,c,NA,credit_card
Chase Marriott Bonvoy,2026-07-04,396.59,PriceSmart,NA,Household,FALSE,c,NA,credit_card
Citi /AAdvantage Executive World Elite Mastercard,2026-07-04,75.83,American Airlines,NA,Travel,FALSE,c,NA,credit_card
Citi /AAdvantage Executive World Elite Mastercard,2026-07-04,35.52,Uber Eats,NA,Dining-Restaurants,FALSE,c,NA,credit_card
Chase Marriott Bonvoy,2026-07-05,6.83,Uber,NA,Travel,FALSE,c,NA,credit_card
Chase Marriott Bonvoy,2026-07-05,6.54,Uber,NA,Travel,FALSE,c,NA,credit_card
Chase Marriott Bonvoy,2026-07-05,8.55,Publix,NA,Groceries,FALSE,c,NA,credit_card
Chase Marriott Bonvoy,2026-07-05,24.44,ALDI,NA,Groceries,FALSE,c,NA,credit_card
Citi /AAdvantage Executive World Elite Mastercard,2026-07-05,49.99,Seed.com,NA,Medical-Healthcare,FALSE,c,NA,credit_card
Chase Marriott Bonvoy,2026-07-06,10.11,Uber,NA,Travel,FALSE,c,NA,credit_card
Chase Marriott Bonvoy,2026-07-06,5.59,Publix,NA,Groceries,FALSE,c,NA,credit_card
Chase Marriott Bonvoy,2026-07-06,8.55,Walgreens,NA,Medical-Healthcare,FALSE,c,NA,credit_card
Chase Marriott Bonvoy,2026-07-06,6,Sheriffs Ranches Thrif,NA,Miscellaneous Expenses,FALSE,c,NA,credit_card
Chase Marriott Bonvoy,2026-07-06,10,Fs *Dall-Efree,NA,Web-Internet,FALSE,c,NA,credit_card
Chase Marriott Bonvoy,2026-07-06,10.41,Uber,NA,Travel,FALSE,c,NA,credit_card
Chase Marriott Bonvoy,2026-07-06,9.26,Rappi Colombia*Dl,NA,Clothing-Shoes,FALSE,c,NA,credit_card
Chase Marriott Bonvoy,2026-07-07,14,GitHub,NA,Web-Internet,FALSE,c,NA,credit_card
Chase Marriott Bonvoy,2026-07-07,5.57,Rappi Colombia*Dl,NA,Clothing-Shoes,FALSE,c,NA,credit_card
Chase Marriott Bonvoy,2026-07-07,29.14,Rappi,NA,Web-Internet,FALSE,c,NA,credit_card
Citi /AAdvantage Executive World Elite Mastercard,2026-07-07,7.99,Apple,NA,Electronics,FALSE,c,NA,credit_card
Citi /AAdvantage Executive World Elite Mastercard,2026-07-07,5,Apple,NA,Electronics,FALSE,c,NA,credit_card
Chase Amazon Visa 5154,2026-07-08,33.1,Amazon Marketplace,NA,Household,FALSE,c,NA,credit_card
Chase Marriott Bonvoy,2026-07-08,6.86,Rappi Colombia*Dl,NA,Clothing-Shoes,FALSE,c,NA,credit_card
Chase Marriott Bonvoy,2026-07-08,8.98,Uber,NA,Travel,FALSE,c,NA,credit_card
Chase Marriott Bonvoy,2026-07-08,9.83,Uber,NA,Travel,FALSE,c,NA,credit_card
Chase Marriott Bonvoy,2026-07-08,5.59,Publix,NA,Groceries,FALSE,c,NA,credit_card
Citi /AAdvantage Executive World Elite Mastercard,2026-07-08,57.77,Team Fan Shop,NA,Clothing-Shoes,FALSE,c,NA,credit_card
Chase Marriott Bonvoy,2026-07-09,29.41,Etsy,NA,Household,FALSE,c,NA,credit_card
Chase Marriott Bonvoy,2026-07-09,3.07,Uber,NA,Travel,FALSE,c,NA,credit_card
Chase Marriott Bonvoy,2026-07-09,5.05,Uber,NA,Travel,FALSE,c,NA,credit_card
Citi /AAdvantage Executive World Elite Mastercard,2026-07-09,4.5,Wikipedia,NA,Web-Internet,FALSE,c,NA,credit_card
Citi /AAdvantage Executive World Elite Mastercard,2026-07-09,34.12,ALDI,NA,Groceries,FALSE,c,NA,credit_card
Chase Amazon Visa 5154,2026-07-10,7.69,Amazon Prime Video,NA,Entertainment,FALSE,c,NA,credit_card
Chase Marriott Bonvoy,2026-07-10,3.06,Uber,NA,Travel,FALSE,c,NA,credit_card
Chase Marriott Bonvoy,2026-07-10,5.48,Rappi Colombia*Dl,NA,Clothing-Shoes,FALSE,c,NA,credit_card
Chase Marriott Bonvoy,2026-07-10,3.88,Uber,NA,Travel,FALSE,c,NA,credit_card
Chase Marriott Bonvoy,2026-07-10,120.54,FRESH CITY,NA,Groceries,FALSE,c,NA,credit_card
Chase Marriott Bonvoy,2026-07-10,43.89,ExxonMobil,NA,Gasoline-Fuel,FALSE,c,NA,credit_card
Citi /AAdvantage Executive World Elite Mastercard,2026-07-10,8.81,Publix,NA,Groceries,FALSE,c,NA,credit_card
Chase Marriott Bonvoy,2026-07-11,54.98,Sling Tv,NA,Entertainment,FALSE,c,NA,credit_card
Citi /AAdvantage Executive World Elite Mastercard,2026-07-11,202.11,Payment to AT&T,NA,Telephone-Cellular,FALSE,c,NA,credit_card
Citi /AAdvantage Executive World Elite Mastercard,2026-07-11,20.6,American Airlines,NA,Travel,FALSE,c,NA,credit_card
Hilton Honors AMEX 1009,2026-07-11,30,Computer,NA,Electronics,FALSE,c,NA,credit_card
Chase Marriott Bonvoy,2026-07-12,48.3,FRESH CITY,NA,Groceries,FALSE,c,NA,credit_card
Chase Marriott Bonvoy,2026-07-12,2.71,Uber,NA,Travel,FALSE,c,NA,credit_card
Chase Marriott Bonvoy,2026-07-12,2.7,Uber,NA,Travel,FALSE,c,NA,credit_card
Citi /AAdvantage Executive World Elite Mastercard,2026-07-12,7.59,Publix,NA,Groceries,FALSE,c,NA,credit_card
Chase Amazon Visa 5154,2026-07-13,31.49,Amazon Marketplace,NA,Household,FALSE,c,NA,credit_card
Chase Amazon Visa 5154,2026-07-13,24.29,Amazon Marketplace,NA,Household,FALSE,c,NA,credit_card
Chase Marriott Bonvoy,2026-07-13,9.17,Home Center,NA,Home Improvement,FALSE,c,NA,credit_card
Chase Marriott Bonvoy,2026-07-13,20.81,Exito Envigado,NA,Miscellaneous Expenses,FALSE,c,NA,credit_card
Chase Marriott Bonvoy,2026-07-13,74.7,La Caretta,NA,Dining-Restaurants,FALSE,c,NA,credit_card
Chase Marriott Bonvoy,2026-07-13,38.12,Rappi Colombia*Dl,NA,Clothing-Shoes,FALSE,c,NA,credit_card
Chase Marriott Bonvoy,2026-07-13,6.27,Uber,NA,Travel,FALSE,c,NA,credit_card
Chase Marriott Bonvoy,2026-07-13,5.53,Uber,NA,Travel,FALSE,c,NA,credit_card
Chase Amazon Visa 5154,2026-07-14,11.99,Amazon Kindle,NA,Recreation-Hobbies,FALSE,c,NA,credit_card
Chase Marriott Bonvoy,2026-07-14,2.75,Uber,NA,Travel,FALSE,c,NA,credit_card
Chase Marriott Bonvoy,2026-07-14,5.63,Rappi Colombia*Dl,NA,Clothing-Shoes,FALSE,c,NA,credit_card
Chase Marriott Bonvoy,2026-07-14,4.27,Uber,NA,Travel,FALSE,c,NA,credit_card
Citi /AAdvantage Executive World Elite Mastercard,2026-07-14,268.65,Coomeva Cali Col,NA,Dining-Restaurants,FALSE,c,NA,credit_card
Citi /AAdvantage Executive World Elite Mastercard,2026-07-14,50.5,Prosegur Vigila Y Segu Bogota Col,NA,Web-Internet,FALSE,c,NA,credit_card
Citi /AAdvantage Executive World Elite Mastercard,2026-07-14,13.58,Publix,NA,Groceries,FALSE,c,NA,credit_card
Citi /AAdvantage Executive World Elite Mastercard,2026-07-14,491.7,Medicina Prepagada Coo Cali Col,NA,Medical-Healthcare,FALSE,c,NA,credit_card
Chase Marriott Bonvoy,2026-07-15,35.75,Rappi,NA,Web-Internet,FALSE,c,NA,credit_card
Chase Marriott Bonvoy,2026-07-15,17.22,Rappi Colombia*Dl,NA,Clothing-Shoes,FALSE,c,NA,credit_card
Chase Marriott Bonvoy,2026-07-15,83.72,Nespresso,NA,Groceries,FALSE,c,NA,credit_card
Chase Marriott Bonvoy,2026-07-15,323.03,PriceSmart,NA,Household,FALSE,c,NA,credit_card
Citi /AAdvantage Executive World Elite Mastercard,2026-07-15,5,Apple,NA,Electronics,FALSE,c,NA,credit_card
Citi /AAdvantage Executive World Elite Mastercard,2026-07-15,5.59,Publix,NA,Groceries,FALSE,c,NA,credit_card
Citi /AAdvantage Executive World Elite Mastercard,2026-07-15,9.28,Apple,NA,Electronics,FALSE,c,NA,credit_card
Citi /AAdvantage Executive World Elite Mastercard,2026-07-15,13.69,Apple,NA,Electronics,FALSE,c,NA,credit_card
Citi /AAdvantage Executive World Elite Mastercard,2026-07-15,24.24,Irving Oil,NA,Gasoline-Fuel,FALSE,c,NA,credit_card
Citi /AAdvantage Executive World Elite Mastercard,2026-07-15,79,American Airlines,NA,Travel,FALSE,c,NA,credit_card
Citi /AAdvantage Executive World Elite Mastercard,2026-07-15,7.94,Circle K,NA,Groceries,FALSE,c,NA,credit_card
Citi /AAdvantage Executive World Elite Mastercard,2026-07-15,94.83,American Airlines,NA,Travel,FALSE,c,NA,credit_card
Citi /AAdvantage Executive World Elite Mastercard,2026-07-15,60.76,Cushnoc Cantina,NA,Dining-Restaurants,FALSE,c,NA,credit_card
Citi /AAdvantage Executive World Elite Mastercard,2026-07-15,85.27,ALDI,NA,Groceries,FALSE,c,NA,credit_card
Citi /AAdvantage Executive World Elite Mastercard,2026-07-15,9.52,Publix,NA,Groceries,FALSE,c,NA,credit_card
Citi /AAdvantage Executive World Elite Mastercard,2026-07-15,15.17,Circle K,NA,Groceries,FALSE,c,NA,credit_card
Chase Amazon Visa 5154,2026-07-16,18.69,Amazon Prime Video,NA,Entertainment,FALSE,c,NA,credit_card
Citi /AAdvantage Executive World Elite Mastercard,2026-07-16,8.18,McDonald's,NA,Dining-Restaurants,FALSE,c,NA,credit_card
Citi /AAdvantage Executive World Elite Mastercard,2026-07-16,33.25,H Mart,NA,Groceries,FALSE,c,NA,credit_card
Citi /AAdvantage Executive World Elite Mastercard,2026-07-16,8.54,Circle K,NA,Groceries,FALSE,c,NA,credit_card
Citi /AAdvantage Executive World Elite Mastercard,2026-07-16,35.4,Coursera,NA,Education,FALSE,c,NA,credit_card
Citi /AAdvantage Executive World Elite Mastercard,2026-07-16,5,Apple,NA,Electronics,FALSE,c,NA,credit_card
Hilton Honors AMEX 1009,2026-07-16,20,"Posit Software, Pbc Boston MA",NA,Web-Internet,FALSE,c,NA,credit_card
Hilton Honors AMEX 1009,2026-07-16,8.75,Slack T0B3Znwtv3K San Francisco CA,NA,Miscellaneous Expenses,FALSE,c,NA,credit_card
Chase Amazon Visa 5154,2026-07-17,6.59,Amazon Prime Video,NA,Entertainment,FALSE,c,NA,credit_card
Citi /AAdvantage Executive World Elite Mastercard,2026-07-17,12.01,Popeyes Louisiana Kitchen,NA,Dining-Restaurants,FALSE,c,NA,credit_card
Citi /AAdvantage Executive World Elite Mastercard,2026-07-17,14.99,Super+ *X-XX8471 CA,NA,Travel,FALSE,c,NA,credit_card
Citi /AAdvantage Executive World Elite Mastercard,2026-07-17,17.24,ALDI,NA,Groceries,FALSE,c,NA,credit_card
Citi /AAdvantage Executive World Elite Mastercard,2026-07-17,13.91,TJ Maxx,NA,Clothing-Shoes,FALSE,c,NA,credit_card
Citi /AAdvantage Executive World Elite Mastercard,2026-07-17,3.56,McDonald's,NA,Dining-Restaurants,FALSE,c,NA,credit_card
Citi /AAdvantage Executive World Elite Mastercard,2026-07-17,9.04,Portland - 385 Congres Portland ME,NA,Dining-Restaurants,FALSE,c,NA,credit_card
Citi /AAdvantage Executive World Elite Mastercard,2026-07-17,3.42,Big Apple Store,NA,Groceries,FALSE,c,NA,credit_card
Citi /AAdvantage Executive World Elite Mastercard,2026-07-18,37.38,Circle K,NA,Groceries,FALSE,c,NA,credit_card
Citi /AAdvantage Executive World Elite Mastercard,2026-07-18,20.6,American Airlines,NA,Travel,FALSE,c,NA,credit_card
Citi /AAdvantage Executive World Elite Mastercard,2026-07-18,7.49,Circle K,NA,Groceries,FALSE,c,NA,credit_card
Citi /AAdvantage Executive World Elite Mastercard,2026-07-18,5.6,American Airlines,NA,Travel,FALSE,c,NA,credit_card
Hilton Honors AMEX 1009,2026-07-18,79.99,Pdf Expert By Readdldublin 2 CO,NA,Web-Internet,FALSE,c,NA,credit_card
Citi /AAdvantage Executive World Elite Mastercard,2026-07-19,9.79,Irving Oil,NA,Gasoline-Fuel,FALSE,c,NA,credit_card
Citi /AAdvantage Executive World Elite Mastercard,2026-07-19,7.99,Walgreens,NA,Medical-Healthcare,FALSE,c,NA,credit_card
Citi /AAdvantage Executive World Elite Mastercard,2026-07-19,6.48,Dunkin' Donuts,NA,Dining-Restaurants,FALSE,c,NA,credit_card
Citi /AAdvantage Executive World Elite Mastercard,2026-07-19,7.42,Corner Store,NA,Groceries,FALSE,c,NA,credit_card
Citi /AAdvantage Executive World Elite Mastercard,2026-07-19,3.94,Corner Store,NA,Groceries,FALSE,c,NA,credit_card
Hilton Honors AMEX 1009,2026-07-19,30,Computer,NA,Electronics,FALSE,c,NA,credit_card
Hilton Honors AMEX 1009,2026-07-19,1153.42,Max,NA,Dining-Restaurants,FALSE,c,NA,credit_card
Chase Amazon Visa 5154,2026-07-20,6.59,Amazon Prime Video,NA,Entertainment,FALSE,c,NA,credit_card
Citi /AAdvantage Executive World Elite Mastercard,2026-07-20,3,Csc Serviceworks,NA,Fitness-Personal Care,FALSE,c,NA,credit_card
Citi /AAdvantage Executive World Elite Mastercard,2026-07-20,8.18,McDonald's,NA,Dining-Restaurants,FALSE,c,NA,credit_card
Citi /AAdvantage Executive World Elite Mastercard,2026-07-20,8.42,Circle K,NA,Groceries,FALSE,c,NA,credit_card
Citi /AAdvantage Executive World Elite Mastercard,2026-07-20,20.88,Big Apple,NA,Groceries,FALSE,c,NA,credit_card
Citi /AAdvantage Executive World Elite Mastercard,2026-07-20,5.59,Publix,NA,Groceries,FALSE,c,NA,credit_card
Citi /AAdvantage Executive World Elite Mastercard,2026-07-20,46.94,ExxonMobil,NA,Gasoline-Fuel,FALSE,c,NA,credit_card
Chase Amazon Visa 5154,2026-07-21,59.99,Amazon Marketplace,NA,Household,FALSE,c,NA,credit_card
Chase Amazon Visa 5154,2026-07-21,33.99,Amazon Marketplace,NA,Household,FALSE,c,NA,credit_card
Chase Amazon Visa 5154,2026-07-21,39.83,Amazon Marketplace,NA,Household,FALSE,c,NA,credit_card
Chase Marriott Bonvoy,2026-07-21,18.49,Hbo Max,NA,Entertainment,FALSE,c,NA,credit_card
Chase Marriott Bonvoy,2026-07-21,127,Carbon2cobalt,NA,Clothing-Shoes,FALSE,c,NA,credit_card
Citi /AAdvantage Executive World Elite Mastercard,2026-07-21,15.84,Tst*Sunrise Bagel Wate Waterville ME,NA,Dining-Restaurants,FALSE,c,NA,credit_card
Hilton Honors AMEX 1009,2026-07-21,40.03,Anthropic,NA,Web-Internet,FALSE,c,NA,credit_card
Chase Amazon Visa 5154,2026-07-22,294.91,Amazon Marketplace,NA,Household,FALSE,c,NA,credit_card
Chase Marriott Bonvoy,2026-07-22,16.98,Rappi,NA,Web-Internet,FALSE,c,NA,credit_card
Chase Marriott Bonvoy,2026-07-22,11.9,Google Voice,NA,Web-Internet,FALSE,c,NA,credit_card
Citi /AAdvantage Executive World Elite Mastercard,2026-07-22,50,Py *Freedom From Relig Madison WI,NA,Charitable Donations,FALSE,c,NA,credit_card
Citi /AAdvantage Executive World Elite Mastercard,2026-07-22,13.87,Netflix,NA,Entertainment,FALSE,c,NA,credit_card
Citi /AAdvantage Executive World Elite Mastercard,2026-07-22,11.22,Walgreens,NA,Medical-Healthcare,FALSE,c,NA,credit_card
Citi /AAdvantage Executive World Elite Mastercard,2026-07-22,11.63,Yalaha Bakery,NA,Dining-Restaurants,FALSE,c,NA,credit_card
Citi /AAdvantage Executive World Elite Mastercard,2026-07-23,56.07,Payment to AT&T,NA,Telephone-Cellular,FALSE,c,NA,credit_card
Citi /AAdvantage Executive World Elite Mastercard,2026-07-23,75.83,American Airlines,NA,Travel,FALSE,c,NA,credit_card
Citi /AAdvantage Executive World Elite Mastercard,2026-07-23,62.5,Taca International,NA,Travel,FALSE,c,NA,credit_card
Chase Amazon Visa 5154,2026-07-24,5.49,Amazon Prime Video,NA,Entertainment,FALSE,c,NA,credit_card
Citi /AAdvantage Executive World Elite Mastercard,2026-07-24,6.39,H Mart,NA,Groceries,FALSE,c,NA,credit_card
Hilton Honors AMEX 1009,2026-07-24,20.01,"Posit Software, Pbc Boston MA",NA,Web-Internet,FALSE,c,NA,credit_card
Chase Amazon Visa 5154,2026-07-25,8.79,Amazon Prime Video,NA,Entertainment,FALSE,c,NA,credit_card
Citi /AAdvantage Executive World Elite Mastercard,2026-07-25,5,Apple,NA,Electronics,FALSE,c,NA,credit_card
Citi /AAdvantage Executive World Elite Mastercard,2026-07-25,4.98,Apple,NA,Electronics,FALSE,c,NA,credit_card
Citi /AAdvantage Executive World Elite Mastercard,2026-07-26,28.49,Gulf Oil,NA,Gasoline-Fuel,FALSE,c,NA,credit_card
Citi /AAdvantage Executive World Elite Mastercard,2026-07-26,6.13,Taco Bell,NA,Dining-Restaurants,FALSE,c,NA,credit_card
Hilton Honors AMEX 1009,2026-07-26,20.23,"Posit Software, Pbc Boston MA",NA,Web-Internet,FALSE,c,NA,credit_card
Chase Marriott Bonvoy,2026-07-27,27.6,Rappi,NA,Web-Internet,FALSE,c,NA,credit_card
Chase Marriott Bonvoy,2026-07-27,254.96,PriceSmart,NA,Household,FALSE,c,NA,credit_card
Citi /AAdvantage Executive World Elite Mastercard,2026-07-27,6.22,ALDI,NA,Groceries,FALSE,c,NA,credit_card
Citi /AAdvantage Executive World Elite Mastercard,2026-07-27,8.93,Taco Bell,NA,Dining-Restaurants,FALSE,c,NA,credit_card
Chase Marriott Bonvoy,2026-07-28,121.2,FRESH CITY,NA,Groceries,FALSE,c,NA,credit_card
Chase Marriott Bonvoy,2026-07-28,3.67,Uber,NA,Travel,FALSE,c,NA,credit_card
Chase Marriott Bonvoy,2026-07-28,2.8,Uber,NA,Travel,FALSE,c,NA,credit_card
Citi /AAdvantage Executive World Elite Mastercard,2026-07-28,23.51,South Leesburg Ace Leesburg FL,NA,Home Improvement,FALSE,c,NA,credit_card
Citi /AAdvantage Executive World Elite Mastercard,2026-07-28,5.59,Publix,NA,Groceries,FALSE,c,NA,credit_card
Citi /AAdvantage Executive World Elite Mastercard,2026-07-28,48.09,Apple,NA,Electronics,FALSE,c,NA,credit_card
Chase Marriott Bonvoy,2026-07-29,41,Costco Gas Stations,NA,Gasoline-Fuel,FALSE,c,NA,credit_card
Chase Marriott Bonvoy,2026-07-29,159.71,Costco,NA,Household,FALSE,c,NA,credit_card
Citi /AAdvantage Executive World Elite Mastercard,2026-07-29,13.13,Uep*Sumi Sushi & Hibac Leesburg FL,NA,Dining-Restaurants,FALSE,c,NA,credit_card
Citi /AAdvantage Executive World Elite Mastercard,2026-07-29,16.35,ALDI,NA,Groceries,FALSE,c,NA,credit_card
Citi /AAdvantage Executive World Elite Mastercard,2026-07-29,30,The Settlement,NA,Web-Internet,FALSE,c,NA,credit_card
Hilton Honors AMEX 1009,2026-07-29,25,"Posit Software, Pbc Boston MA",NA,Web-Internet,FALSE,c,NA,credit_card
Hilton Honors AMEX 1009,2026-07-29,50,"Posit Software, Pbc Boston MA",NA,Web-Internet,FALSE,c,NA,credit_card
Hilton Honors AMEX 1009,2026-07-29,20,"Posit Software, Pbc Boston MA",NA,Web-Internet,FALSE,c,NA,credit_card
Chase Marriott Bonvoy,2026-07-30,14.63,Rappi,NA,Dining-Restaurants,FALSE,c,NA,credit_card
Chase Marriott Bonvoy,2026-07-30,12,Suscripcion Lifemiles Plu,NA,Miscellaneous Expenses,FALSE,c,NA,credit_card
Citi /AAdvantage Executive World Elite Mastercard,2026-07-30,9.99,Apple,NA,Electronics,FALSE,c,NA,credit_card
Citi /AAdvantage Executive World Elite Mastercard,2026-07-30,13.18,Circle K,NA,Groceries,FALSE,c,NA,credit_card
Chase Amazon Visa 5154,2026-07-31,37.09,Amazon Marketplace,NA,Household,FALSE,c,NA,credit_card
Chase Marriott Bonvoy,2026-07-31,29.26,Rappi,NA,Dining-Restaurants,FALSE,c,NA,credit_card
Chase Marriott Bonvoy,2026-07-31,6.55,Rappi Colombia*Dl,NA,Dining-Restaurants,FALSE,c,NA,credit_card
Citi /AAdvantage Executive World Elite Mastercard,2026-07-31,46.5,Une Telco Une Pago Exp Medellin Col,NA,Web-Internet,FALSE,c,NA,credit_card
Citi /AAdvantage Executive World Elite Mastercard,2026-07-31,5.59,Publix,NA,Groceries,FALSE,c,NA,credit_card
Chase Amazon Visa 5154,2026-08-01,6.59,Amazon Prime Video,NA,Entertainment,FALSE,c,NA,credit_card
Chase Amazon Visa 5154,2026-08-01,15.39,Amazon Prime Video,NA,Entertainment,FALSE,c,NA,credit_card
Chase Marriott Bonvoy,2026-08-01,49.95,PDF-BILLING.COM,NA,Miscellaneous Expenses,FALSE,c,NA,credit_card
Chase Marriott Bonvoy,2026-08-01,16.97,Rappi,NA,Dining-Restaurants,FALSE,c,NA,credit_card
Citi /AAdvantage Executive World Elite Mastercard,2026-08-01,13.13,Uep*Sumi Sushi & Hibac Leesburg FL,NA,Dining-Restaurants,FALSE,c,NA,credit_card
Hilton Honors AMEX 1009,2026-08-01,33.6,Google*Workspace_Leamountain View CA,NA,Web-Internet,FALSE,c,NA,credit_card
Chase Marriott Bonvoy,2026-08-02,5.28,Uber,NA,Travel,FALSE,c,NA,credit_card
Chase Marriott Bonvoy,2026-08-02,7.17,Uber,NA,Travel,FALSE,c,NA,credit_card
Citi /AAdvantage Executive World Elite Mastercard,2026-08-02,28.59,Sirius XM,NA,Entertainment,FALSE,c,NA,credit_card
Chase Marriott Bonvoy,2026-08-03,59.37,Rappi,NA,Dining-Restaurants,FALSE,c,NA,credit_card
Chase Marriott Bonvoy,2026-08-03,13.38,Rappi Colombia*Dl,NA,Dining-Restaurants,FALSE,c,NA,credit_card
Chase Marriott Bonvoy,2026-08-04,5.51,Uber,NA,Travel,FALSE,c,NA,credit_card
Citi /AAdvantage Executive World Elite Mastercard,2026-08-04,117.65,Nespresso,NA,Groceries,FALSE,c,NA,credit_card
Citi /AAdvantage Executive World Elite Mastercard,2026-08-04,25,ActBlue,NA,Charitable Donations,FALSE,c,NA,credit_card
Citi /AAdvantage Executive World Elite Mastercard,2026-08-04,63.19,Exito Envigado Envigado Col,NA,Groceries,FALSE,c,NA,credit_card
Citi /AAdvantage Executive World Elite Mastercard,2026-08-04,26.68,FRESH CITY,NA,Groceries,FALSE,c,NA,credit_card
Citi /AAdvantage Executive World Elite Mastercard,2026-08-04,7.4,Jeronimo Martins Colom Envigado Col,NA,Groceries,FALSE,c,NA,credit_card
Chase Marriott Bonvoy,2026-08-06,28.66,Rappi,NA,Dining-Restaurants,FALSE,c,NA,credit_card
Citi /AAdvantage Executive World Elite Mastercard,2026-08-06,220.01,PriceSmart,NA,Household,FALSE,c,NA,credit_card
Chase Marriott Bonvoy,2026-08-07,14,GitHub,NA,Web-Internet,FALSE,c,NA,credit_card
Citi /AAdvantage Executive World Elite Mastercard,2026-08-07,20.6,American Airlines,NA,Travel,FALSE,c,NA,credit_card
Citi /AAdvantage Executive World Elite Mastercard,2026-08-07,12.99,Apple,NA,Electronics,FALSE,c,NA,credit_card
Citi /AAdvantage Executive World Elite Mastercard,2026-08-08,19.99,Google Cloud Storage,NA,Web-Internet,FALSE,c,NA,credit_card
Citi /AAdvantage Executive World Elite Mastercard,2026-08-08,3.51,Dunkin' Donuts,NA,Dining-Restaurants,FALSE,c,NA,credit_card
Citi /AAdvantage Executive World Elite Mastercard,2026-08-08,33.89,Sushi & Sake,NA,Dining-Restaurants,FALSE,c,NA,credit_card
Citi /AAdvantage Executive World Elite Mastercard,2026-08-09,4.5,Wikipedia,NA,Web-Internet,FALSE,c,NA,credit_card
Chase Amazon Visa 5154,2026-08-10,7.69,Amazon Prime Video,NA,Entertainment,FALSE,c,NA,credit_card
Chase Marriott Bonvoy,2026-08-11,54.98,Sling Tv,NA,Entertainment,FALSE,c,NA,credit_card
Citi /AAdvantage Executive World Elite Mastercard,2026-08-11,192.14,Payment to AT&T,NA,Telephone-Cellular,FALSE,c,NA,credit_card
Citi /AAdvantage Executive World Elite Mastercard,2026-08-11,28.64,"Aquasana, Inc.",NA,Home Improvement,FALSE,c,NA,credit_card
Citi /AAdvantage Executive World Elite Mastercard,2026-08-11,1.64,Carulla City Plaza Envigado Col,NA,Groceries,FALSE,c,NA,credit_card
Citi /AAdvantage Executive World Elite Mastercard,2026-08-12,49.5,Homecenter Envigado Envigado Col,NA,Home Improvement,FALSE,c,NA,credit_card
Citi /AAdvantage Executive World Elite Mastercard,2026-08-13,30.35,Santoro Ristorante Piz Envigado Col,NA,Dining-Restaurants,FALSE,c,NA,credit_card
Citi /AAdvantage Executive World Elite Mastercard,2026-08-13,10.47,Vita Integral Envigado Envigado Col,NA,Dining-Restaurants,FALSE,c,NA,credit_card
Citi /AAdvantage Executive World Elite Mastercard,2026-08-13,64.78,Homecenter Envigado Envigado Col,NA,Home Improvement,FALSE,c,NA,credit_card
Citi /AAdvantage Executive World Elite Mastercard,2026-08-13,14.7,Crepes Y Waffles Campe Medellin Col,NA,Dining-Restaurants,FALSE,c,NA,credit_card
Citi /AAdvantage Executive World Elite Mastercard,2026-08-13,62.44,LA Careta Medellin Col,NA,Groceries,FALSE,c,NA,credit_card
Chase Amazon Visa 5154,2026-08-14,11.99,Amazon Kindle,NA,Recreation-Hobbies,FALSE,c,NA,credit_card
Citi /AAdvantage Executive World Elite Mastercard,2026-08-14,23.11,Carulla San Lucas Medellin Col,NA,Groceries,FALSE,c,NA,credit_card
Chase Amazon Visa 5154,2026-08-15,13.9,Amazon Marketplace,NA,Household,FALSE,c,NA,credit_card
Citi /AAdvantage Executive World Elite Mastercard,2026-08-15,14.29,Apple,NA,Electronics,FALSE,c,NA,credit_card
Citi /AAdvantage Executive World Elite Mastercard,2026-08-15,18.69,Apple,NA,Electronics,FALSE,c,NA,credit_card
Chase Amazon Visa 5154,2026-08-16,18.69,Amazon Prime Video,NA,Entertainment,FALSE,c,NA,credit_card
Citi /AAdvantage Executive World Elite Mastercard,2026-08-16,59,Coursera,NA,Education,FALSE,c,NA,credit_card
Citi /AAdvantage Executive World Elite Mastercard,2026-08-16,13.2,El Corral,NA,Dining-Restaurants,FALSE,c,NA,credit_card
Hilton Honors AMEX 1009,2026-08-16,8.75,Slack T0B3Znwtv3K San Francisco CA,NA,Miscellaneous Expenses,FALSE,c,NA,credit_card
Chase Amazon Visa 5154,2026-08-17,6.59,Amazon Prime Video,NA,Entertainment,FALSE,c,NA,credit_card
Chase Marriott Bonvoy,2026-08-17,13.27,Rappi Colombia*Dl,NA,Dining-Restaurants,FALSE,c,NA,credit_card
Citi /AAdvantage Executive World Elite Mastercard,2026-08-17,13.64,FRESH CITY,NA,Groceries,FALSE,c,NA,credit_card
Citi /AAdvantage Executive World Elite Mastercard,2026-08-17,14.99,Super+ *X-XX8471 CA,NA,Web-Internet,FALSE,c,NA,credit_card
Chase Amazon Visa 5154,2026-08-18,22.4,Amazon Marketplace,NA,Household,FALSE,c,NA,credit_card
Citi /AAdvantage Executive World Elite Mastercard,2026-08-18,21.66,Carulla City Plaza Envigado Col,NA,Groceries,FALSE,c,NA,credit_card
Citi /AAdvantage Executive World Elite Mastercard,2026-08-19,52.94,Prosegur Vigilancia Y 11001Bogota Col,NA,Web-Internet,FALSE,c,NA,credit_card
Citi /AAdvantage Executive World Elite Mastercard,2026-08-19,44.76,Santoro Ristorante Piz Envigado Col,NA,Dining-Restaurants,FALSE,c,NA,credit_card
Hilton Honors AMEX 1009,2026-08-19,25,"Posit Software, Pbc Boston MA",NA,Web-Internet,FALSE,c,NA,credit_card
Chase Amazon Visa 5154,2026-08-20,6.59,Amazon Prime Video,NA,Entertainment,FALSE,c,NA,credit_card
Citi /AAdvantage Executive World Elite Mastercard,2026-08-20,5.8,Fiorgelato Viva Enviga Envigado Col,NA,Dining-Restaurants,FALSE,c,NA,credit_card
Citi /AAdvantage Executive World Elite Mastercard,2026-08-20,39.89,Homecenter Envigado Envigado Col,NA,Home Improvement,FALSE,c,NA,credit_card
Citi /AAdvantage Executive World Elite Mastercard,2026-08-20,58.62,Nespresso,NA,Groceries,FALSE,c,NA,credit_card
Citi /AAdvantage Executive World Elite Mastercard,2026-08-20,203.88,GoDaddy,NA,Web-Internet,FALSE,c,NA,credit_card
Chase Marriott Bonvoy,2026-08-21,18.49,Hbo Max,NA,Entertainment,FALSE,c,NA,credit_card
Chase Marriott Bonvoy,2026-08-21,1053.9,PriceSmart,NA,Household,FALSE,c,NA,credit_card
Citi /AAdvantage Executive World Elite Mastercard,2026-08-21,19.59,CARIOCA,NA,Fitness-Personal Care,FALSE,c,NA,credit_card
Citi /AAdvantage Executive World Elite Mastercard,2026-08-21,9.99,Apple,NA,Electronics,FALSE,c,NA,credit_card
Citi /AAdvantage Executive World Elite Mastercard,2026-08-21,33.94,The Grill,NA,Dining-Restaurants,FALSE,c,NA,credit_card
Citi /AAdvantage Executive World Elite Mastercard,2026-08-21,11.39,Carulla City Plaza Envigado Col,NA,Groceries,FALSE,c,NA,credit_card
Citi /AAdvantage Executive World Elite Mastercard,2026-08-21,23.35,Carulla City Plaza Envigado Col,NA,Groceries,FALSE,c,NA,credit_card
Citi /AAdvantage Executive World Elite Mastercard,2026-08-22,36,FRESH CITY,NA,Groceries,FALSE,c,NA,credit_card
Citi /AAdvantage Executive World Elite Mastercard,2026-08-22,14.66,Netflix,NA,Entertainment,FALSE,c,NA,credit_card
Citi /AAdvantage Executive World Elite Mastercard,2026-08-22,56.07,Payment to AT&T,NA,Telephone-Cellular,FALSE,c,NA,credit_card
Chase Amazon Visa 5154,2026-08-24,5.49,Amazon Prime Video,NA,Entertainment,FALSE,c,NA,credit_card
Citi /AAdvantage Executive World Elite Mastercard,2026-08-24,19.69,Laura Velasquez Lopez Envigado Col,NA,Fitness-Personal Care,FALSE,c,NA,credit_card
Citi /AAdvantage Executive World Elite Mastercard,2026-08-24,17.65,Crepes Y Waffles Viva Envigado Col,NA,Dining-Restaurants,FALSE,c,NA,credit_card
Citi /AAdvantage Executive World Elite Mastercard,2026-08-24,12.76,Crepes Y Waffles Viva Envigado Col,NA,Dining-Restaurants,FALSE,c,NA,credit_card
Citi /AAdvantage Executive World Elite Mastercard,2026-08-24,64.89,Tuk Tuk,NA,Dining-Restaurants,FALSE,c,NA,credit_card
Citi /AAdvantage Executive World Elite Mastercard,2026-08-24,5.24,IKEA,NA,Household,FALSE,c,NA,credit_card
Chase Amazon Visa 5154,2026-08-25,8.79,Amazon Prime Video,NA,Entertainment,FALSE,c,NA,credit_card
Chase Marriott Bonvoy,2026-08-25,18.91,Rappi Colombia*Dl,NA,Clothing-Shoes,FALSE,c,NA,credit_card
Citi /AAdvantage Executive World Elite Mastercard,2026-08-25,44.4,LA Careta Medellin Col,NA,Groceries,FALSE,c,NA,credit_card
Citi /AAdvantage Executive World Elite Mastercard,2026-08-25,9.99,Apple,NA,Electronics,FALSE,c,NA,credit_card
Citi /AAdvantage Executive World Elite Mastercard,2026-08-25,2502.39,Wompi Sas Medellin Col,NA,Dining-Restaurants,FALSE,c,NA,credit_card
Citi /AAdvantage Executive World Elite Mastercard,2026-08-25,53.69,Santoro Ristorante Piz Envigado Col,NA,Dining-Restaurants,FALSE,c,NA,credit_card
Citi /AAdvantage Executive World Elite Mastercard,2026-08-26,8.92,Tienda D1 Escobero Alt Envigado Col,NA,Household,FALSE,c,NA,credit_card
Citi /AAdvantage Executive World Elite Mastercard,2026-08-26,83.66,"Aquasana, Inc.",NA,Home Improvement,FALSE,c,NA,credit_card
Citi /AAdvantage Executive World Elite Mastercard,2026-08-26,12.4,Presto,NA,Gasoline-Fuel,FALSE,c,NA,credit_card
Citi /AAdvantage Executive World Elite Mastercard,2026-08-27,46.92,Crepes Y Waffles Viva Envigado Col,NA,Dining-Restaurants,FALSE,c,NA,credit_card
Chase Marriott Bonvoy,2026-08-28,70.13,Boutique Santa Fe Mede,NA,Clothing-Shoes,FALSE,c,NA,credit_card
Citi /AAdvantage Executive World Elite Mastercard,2026-08-28,13.18,JUMBO,NA,Dining-Restaurants,FALSE,c,NA,credit_card
Citi /AAdvantage Executive World Elite Mastercard,2026-08-28,53.09,Apple,NA,Electronics,FALSE,c,NA,credit_card
Citi /AAdvantage Executive World Elite Mastercard,2026-08-28,47.78,Deposito Los Londono Envigado Col,NA,Home Improvement,FALSE,c,NA,credit_card
Citi /AAdvantage Executive World Elite Mastercard,2026-08-28,117.7,Carbon2cobalt,NA,Clothing-Shoes,FALSE,c,NA,credit_card
Citi /AAdvantage Executive World Elite Mastercard,2026-08-28,50.78,LA Careta Medellin Col,NA,Groceries,FALSE,c,NA,credit_card
Citi /AAdvantage Executive World Elite Mastercard,2026-08-28,306.26,Ferreteria Los Fierros Envigado Col,NA,Dining-Restaurants,FALSE,c,NA,credit_card
Citi /AAdvantage Executive World Elite Mastercard,2026-08-29,6.94,Euro Terracina Plaza Envigado Col,NA,Dining-Restaurants,FALSE,c,NA,credit_card
Hilton Honors AMEX 1009,2026-08-29,20.57,"Posit Software, Pbc Boston MA",NA,Web-Internet,FALSE,c,NA,credit_card
Hilton Honors AMEX 1009,2026-08-29,20,"Posit Software, Pbc Boston MA",NA,Web-Internet,FALSE,c,NA,credit_card
Chase Marriott Bonvoy,2026-08-30,12,Suscripcion Lifemiles Plu,NA,Miscellaneous Expenses,FALSE,c,NA,credit_card
Citi /AAdvantage Executive World Elite Mastercard,2026-08-30,49.99,Seed.com,NA,Medical-Healthcare,FALSE,c,NA,credit_card
Citi /AAdvantage Executive World Elite Mastercard,2026-08-30,254,Medicina Prepagada Coo Cali Col,NA,Medical-Healthcare,FALSE,c,NA,credit_card
Hilton Honors AMEX 1009,2026-08-30,21.26,"Posit Software, Pbc Boston MA",NA,Web-Internet,FALSE,c,NA,credit_card
Hilton Honors AMEX 1009,2026-08-30,20.66,"Posit Software, Pbc Boston MA",NA,Web-Internet,FALSE,c,NA,credit_card
Citi /AAdvantage Executive World Elite Mastercard,2026-08-31,14.6,Crepes Y Waffles Campe Medellin Col,NA,Dining-Restaurants,FALSE,c,NA,credit_card
Citi /AAdvantage Executive World Elite Mastercard,2026-08-31,277.63,Coomeva Cali Col,NA,Dining-Restaurants,FALSE,c,NA,credit_card
Citi /AAdvantage Executive World Elite Mastercard,2026-08-31,207.53,PriceSmart,NA,Household,FALSE,c,NA,credit_card
Citi /AAdvantage Executive World Elite Mastercard,2026-08-31,262.59,Payment to Usaa Property And Casualty Insurance,NA,Insurance,FALSE,c,NA,credit_card
Citi /AAdvantage Executive World Elite Mastercard,2026-08-31,34.86,Carulla Fresh San Luca Medellin Col,NA,Groceries,FALSE,c,NA,credit_card
Citi /AAdvantage Executive World Elite Mastercard,2026-08-31,313.44,eBay,NA,Household,FALSE,c,NA,credit_card
Citi /AAdvantage Executive World Elite Mastercard,2026-08-31,35.97,Santoro Ristorante Piz Envigado Col,NA,Dining-Restaurants,FALSE,c,NA,credit_card
BOA Checking,2025-09-02,9.87,XX-6943 DES:CNCR INS ID:XX9899 INDN:KENNETH *WESTRICK CO ID:XX1930,NA,Insurance,FALSE,c,NA,bank
BOA Checking,2025-09-03,392,Hawthorne,NA,Utilities,FALSE,c,NA,bank
BOA Savings,2025-09-16,0.51,The Huntington National Bank,NA,Web-Internet,FALSE,c,NA,bank
BOA Checking,2025-09-22,170.01,Payment to Duke Energy,NA,Utilities,FALSE,c,NA,bank
BOA Checking,2025-10-03,9.87,XX-6943 DES:CNCR INS ID:XX5326 INDN:KENNETH *WESTRICK CO ID:XX1930,NA,Insurance,FALSE,c,NA,bank
BOA Checking,2025-10-06,392,Hawthorne,NA,Utilities,FALSE,c,NA,bank
BOA Checking,2025-10-06,600,DWP ELECTRICAL S DES:SALE ID: INDN:DWP ELECTRICAL SOLUTIO CO ID:XX6202 WEB,NA,Utilities,FALSE,c,NA,bank
BOA Checking,2025-10-16,217,Tax Payment to IRS,NA,Taxes,FALSE,c,NA,bank
BOA Checking,2025-10-22,168.08,Payment to Duke Energy,NA,Utilities,FALSE,c,NA,bank
BOA Checking,2025-10-27,664,USAA,NA,Web-Internet,FALSE,c,NA,bank
Chase Savings,2025-10-31,1000,WITHDRAWAL,NA,Miscellaneous Expenses,FALSE,c,NA,bank
BOA Checking,2025-11-03,9.87,XX-6943 DES:CNCR INS ID:XX7562 INDN:KENNETH *WESTRICK CO ID:XX1930,NA,Insurance,FALSE,c,NA,bank
BOA Checking,2025-11-06,392,Hawthorne,NA,Utilities,FALSE,c,NA,bank
Chase checking,2025-11-06,46.79,KELIVE SPA SOSUA DO Peso 3000.00 X 0.XX9667 (EXCHG RTE),NA,Fitness-Personal Care,FALSE,c,NA,bank
Chase checking,2025-11-06,1.4,FOREIGN EXCHANGE RATE ADJUSTMENT FEEKELIVE SP,NA,Service Charges-Fees,FALSE,c,NA,bank
Chase checking,2025-11-08,0.15,FOREIGN EXCHANGE RATE ADJUSTMENT FEELIFESTYLE,NA,Service Charges-Fees,FALSE,c,NA,bank
Chase checking,2025-11-08,5.05,LIFESTYLE PRESIDENTIAL SOSUA DO Peso 324.25 X 0.XX7440 (EXCHG RTE),NA,Miscellaneous Expenses,FALSE,c,NA,bank
BOA Checking,2025-11-24,33.59,Tiktok Shop,NA,Entertainment,FALSE,c,NA,bank
BOA Checking,2025-11-24,169.39,Payment to Duke Energy,NA,Utilities,FALSE,c,NA,bank
BOA Checking,2025-12-03,9.87,XX-6943 DES:CNCR INS ID:XX2278 INDN:KENNETH *WESTRICK CO ID:XX1930,NA,Insurance,FALSE,c,NA,bank
BOA Checking,2025-12-07,392,Hawthorne,NA,Utilities,FALSE,c,NA,bank
BOA Checking,2025-12-18,119.04,Payment to Duke Energy,NA,Utilities,FALSE,c,NA,bank
Chase checking,2025-12-19,2.11,FOREIGN EXCHANGE RATE ADJUSTMENT FEE xx2072 12/XX5004,NA,Service Charges-Fees,FALSE,c,NA,bank
Chase checking,2025-12-20,2.93,INCAPTO BARCELONA 12/21 Euro 2.50 X 1.xx2000 (EXCHG RTE),NA,Gasoline-Fuel,FALSE,c,NA,bank
Chase checking,2025-12-20,0.08,FOREIGN EXCHANGE RATE ADJUSTMENT FEE 12/21INCAPTO B,NA,Service Charges-Fees,FALSE,c,NA,bank
Chase checking,2025-12-21,2.93,INCAPTO BARCELONA 12/22 Euro 2.50 X 1.xx2000 (EXCHG RTE),NA,Gasoline-Fuel,FALSE,c,NA,bank
Chase checking,2025-12-21,0.08,FOREIGN EXCHANGE RATE ADJUSTMENT FEE 12/22INCAPTO B,NA,Service Charges-Fees,FALSE,c,NA,bank
BOA Checking,2026-01-06,446,Hawthorne,NA,Utilities,FALSE,c,NA,bank
BOA Checking,2026-01-06,9.87,XX-6943 DES:CNCR INS ID:XX9804 INDN:KENNETH *WESTRICK CO ID:XX1930,NA,Insurance,FALSE,c,NA,bank
BOA Checking,2026-01-07,10,OVERDRAFT ITEM FEE FOR ACTIVITY OF x1-06 ELECTRONIC TRANSACTION POSTING DATE xx-x6-26 POSTING SEQ x0001,NA,Service Charges-Fees,FALSE,c,NA,bank
BOA Checking,2026-01-21,120.16,Payment to Duke Energy,NA,Utilities,FALSE,c,NA,bank
BOA Checking,2026-02-03,9.87,XX-6943 DES:CNCR INS ID:XX6860 INDN:KENNETH *WESTRICK CO ID:XX1930,NA,Insurance,FALSE,c,NA,bank
Chase checking,2026-02-21,134.02,Payment to Duke Energy,NA,Utilities,FALSE,c,NA,bank
BOA Checking,2026-03-03,9.87,XX-6943 Des:Cncr Ins ID:XX9066 Indn:Kenneth *Westrick CO ID:XX1930,NA,Insurance,FALSE,c,NA,bank
Chase checking,2026-03-12,481,Rmtly* H2C8E Remitly.Com WA,NA,Miscellaneous Expenses,FALSE,c,NA,bank
Chase checking,2026-03-12,500,Rmtly* H2E1A Remitly.Com WA,NA,Miscellaneous Expenses,FALSE,c,NA,bank
Chase checking,2026-03-12,1500,Remitly,NA,Web-Internet,FALSE,c,NA,bank
Chase checking,2026-03-21,101.96,Payment to Duke Energy,NA,Utilities,FALSE,c,NA,bank
BOA Checking,2026-04-02,9.87,XX-6943 Des:Cncr Ins ID:XX8333 Indn:Kenneth *Westrick CO ID:XX1930,NA,Insurance,FALSE,c,NA,bank
Chase checking,2026-04-21,107.74,Payment to Duke Energy,NA,Utilities,FALSE,c,NA,bank
Chase checking,2026-04-27,10,Payment to Airalo,NA,Telephone-Cellular,FALSE,c,NA,bank
Chase checking,2026-05-02,4.6,Bolt,NA,Household,FALSE,c,NA,bank
BOA Checking,2026-05-04,12.82,Tiktok Shop,NA,Entertainment,FALSE,c,NA,bank
BOA Checking,2026-05-04,9.87,XX-6943 Des:Cncr Ins ID:XX6415 Indn:Kenneth *Westrick CO ID:XX1930,NA,Insurance,FALSE,c,NA,bank
BOA Checking,2026-05-20,16.26,Tiktok Shop,NA,Entertainment,FALSE,c,NA,bank
Chase checking,2026-05-22,96.53,Payment to Duke Energy,NA,Utilities,FALSE,c,NA,bank
BOA Checking,2026-06-03,9.87,XX-6943 Des:Cncr Ins ID:XX4393 Indn:Kenneth *Westrick CO ID:XX1930,NA,Insurance,FALSE,c,NA,bank
Chase checking,2026-06-22,126.28,Payment to Duke Energy,NA,Utilities,FALSE,c,NA,bank
BOA Checking,2026-07-03,9.87,XX-6943 Des:Cncr Ins ID:XX0311 Indn:Kenneth *Westrick CO ID:XX1930,NA,Insurance,FALSE,c,NA,bank
Chase checking,2026-07-06,2500,Remitly United S PAYMENTS XX4058 ID: XX1988,NA,Travel,FALSE,c,NA,bank
Chase checking,2026-07-16,1.35,Orlando,NA,Web-Internet,FALSE,c,NA,bank
Chase checking,2026-07-21,122.05,Payment to Duke Energy,NA,Utilities,FALSE,c,NA,bank
Chase checking,2026-07-31,5000,Withdrawal,NA,Miscellaneous Expenses,FALSE,c,NA,bank
BOA Checking,2026-08-03,9.87,XX-6943 Des:Cncr Ins ID:XX7441 Indn:Kenneth *Westrick CO ID:XX1930,NA,Insurance,FALSE,c,NA,bank
Chase checking,2026-08-22,146.03,Payment to Duke Energy,NA,Utilities,FALSE,c,NA,bank
