symbol,date,monthly_return
ARGT,2015-01-30,-0.016137747547034453
ARGT,2015-02-27,0.09786735692765292
ARGT,2015-03-31,0.04382485820165982
ARGT,2015-04-30,0.05057258247197027
ARGT,2015-05-29,-0.04586742854965897
ARGT,2015-06-30,-0.04616859361252179
ARGT,2015-07-31,-0.08582817921914243
ARGT,2015-08-31,-0.01528392061448669
ARGT,2015-09-30,-0.11585361980464726
ARGT,2015-10-30,0.2514105094100383
ARGT,2015-11-30,-0.05360694243207831
ARGT,2015-12-31,-0.034408010421064894
ARGT,2016-01-29,-0.051438077289579276
ARGT,2016-02-29,0.07930031070865162
ARGT,2016-03-31,0.04376016925436921
ARGT,2016-04-29,0.07349891485147642
ARGT,2016-05-31,0.002893005203834065
ARGT,2016-06-30,0.07211515724574902
ARGT,2016-07-29,0.013004511412307629
ARGT,2016-08-31,-0.0048695030484675605
ARGT,2016-09-30,0.06227757260726041
ARGT,2016-10-31,-0.0033500167061082387
ARGT,2016-11-30,-0.02899137466127666
ARGT,2016-12-30,0.001521327565797037
ARGT,2017-01-31,0.11361661149563651
ARGT,2017-02-28,0.02336468918823753
ARGT,2017-03-31,0.07496183512497745
ARGT,2017-04-28,0.015221085202507423
ARGT,2017-05-31,0.056834098955476975
ARGT,2017-06-30,-0.033652031139343896
ARGT,2017-07-31,0.01399792162764757
ARGT,2017-08-31,3.3660493874654307e-4
ARGT,2017-09-29,0.0703465238979879
ARGT,2017-10-31,0.006289273547476437
ARGT,2017-11-30,0.008437580613455564
ARGT,2017-12-29,0.09957498441913915
ARGT,2018-01-31,0.0807138461301462
ARGT,2018-02-28,-0.029874360219340645
ARGT,2018-03-29,-0.0361967950194797
ARGT,2018-04-30,-0.019898928723072973
ARGT,2018-05-31,-0.1475550592068946
ARGT,2018-06-29,-0.09526997701772744
ARGT,2018-07-31,0.09862799082133833
ARGT,2018-08-31,-0.11879859115892344
ARGT,2018-09-28,0.019533009504342003
ARGT,2018-10-31,-0.04883559471202481
ARGT,2018-11-30,0.015008002432954415
ARGT,2018-12-31,-0.07427696419171315
ARGT,2019-01-31,0.19088203696388462
ARGT,2019-02-28,0.008229131145252921
ARGT,2019-03-29,-0.02022728508509597
ARGT,2019-04-30,-0.056501159400902945
ARGT,2019-05-31,0.08023029593176889
ARGT,2019-06-28,0.15278235990768385
ARGT,2019-07-31,0.00497053464118169
ARGT,2019-08-30,-0.3069551872041957
ARGT,2019-09-30,0.017395085545296896
ARGT,2019-10-31,-0.04077152852242494
ARGT,2019-11-29,0.08135290011399232
ARGT,2019-12-31,0.12706496647613585
ARGT,2020-01-31,-0.03986449230126976
ARGT,2020-02-28,-0.1018409949859288
ARGT,2020-03-31,-0.28303525766440885
ARGT,2020-04-30,0.09732342769551994
ARGT,2020-05-29,0.20953430905622783
ARGT,2020-06-30,0.09670012547051443
ARGT,2020-07-31,0.11157564524857766
ARGT,2020-08-31,-0.03270692136710862
ARGT,2020-09-30,-0.09483067505482412
ARGT,2020-10-30,0.010304604398104766
ARGT,2020-11-30,0.2133449426952294
ARGT,2020-12-31,0.06707962964967473
ARGT,2021-01-29,-0.05003293709871948
ARGT,2021-02-26,0.014206493049508717
ARGT,2021-03-31,-0.014349074680522267
ARGT,2021-04-30,0.036395027663917334
ARGT,2021-05-28,0.02642149479214395
ARGT,2021-06-30,0.010576481916486413
ARGT,2021-07-30,0.010648513043343133
ARGT,2021-08-31,0.17177510998603385
ARGT,2021-09-30,-0.09128053150806137
ARGT,2021-10-29,-0.0152924433467585
ARGT,2021-11-30,-0.11449452953387163
ARGT,2021-12-31,0.08386766885446639
ARGT,2022-01-31,-0.008639964960444502
ARGT,2022-02-28,0.04422204238164529
ARGT,2022-03-31,0.1007727172134194
ARGT,2022-04-29,-0.10923891778677963
ARGT,2022-05-31,-0.027742710850241714
ARGT,2022-06-30,-0.18370276252358775
ARGT,2022-07-29,0.12137111595336725
ARGT,2022-08-31,0.0733548302433158
ARGT,2022-09-30,-0.03249579443078976
ARGT,2022-10-31,0.07686982918211793
ARGT,2022-11-30,0.057556181777091764
ARGT,2022-12-30,0.04647994447591097
ARGT,2023-01-31,0.19605523066476915
ARGT,2023-02-28,-0.02239721855594423
ARGT,2023-03-31,-0.011329231644568227
ARGT,2023-04-28,5.093363793406969e-4
ARGT,2023-05-31,0.012980451642645718
ARGT,2023-06-30,0.15769695050006094
ARGT,2023-07-31,0.022935929757093687
ARGT,2023-08-31,0.013239415188364578
ARGT,2023-09-29,-0.13003166593873805
ARGT,2023-10-31,-0.06879848538915911
ARGT,2023-11-30,0.31373576855688734
ARGT,2023-12-29,0.026867307798286832
ARGT,2024-01-31,0.020451720863195133
ARGT,2024-02-29,-0.04829154953242809
ARGT,2024-03-28,0.07882076672298544
ARGT,2024-04-30,0.06748465318940422
ARGT,2024-05-31,0.09299886905138544
ARGT,2024-06-28,-0.09141800645175147
ARGT,2024-07-31,0.00756903948536336
ARGT,2024-08-30,0.13888885667565365
ARGT,2024-09-30,0.017027159011334225
ARGT,2024-10-31,0.09969844887453383
ARGT,2024-11-29,0.14552170543266696
ARGT,2024-12-31,0.0010449932425142805
ARGT,2025-01-31,0.04608694466327323
ARGT,2025-02-28,-0.042784570014004375
ARGT,2025-03-31,-0.024281202254392564
ARGT,2025-04-30,0.061037424066152646
ARGT,2025-05-30,0.0528590043910937
ARGT,2025-06-30,-0.06018653108342187
ARGT,2025-07-31,-0.023840479952998317
ARGT,2025-08-29,-0.030951409020131826
ARGT,2025-09-30,-0.12963193104440784
ARGT,2025-10-31,0.3530675935334189
ARGT,2025-11-28,-0.012819196580741044
ARGT,2025-12-31,-0.011494472728386773
ARGT,2026-01-30,0.07428064241622034
ARGT,2026-02-27,-0.08594694940025982
ARGT,2026-03-31,0.03966124319563846
ARGT,2026-04-30,-0.023681930807818663
ARGT,2026-05-29,0.07233007452682538
ARGT,2026-06-30,-0.06212692760926142
ARGT,2026-07-31,0.04216865657647939
ARGT,2026-08-31,-0.006305816757742333
ARGT,2026-09-18,-0.022422027267640754
COPX,2015-01-30,-0.1767879811783445
COPX,2015-02-27,0.18360659210235353
COPX,2015-03-31,-0.06094187091925518
COPX,2015-04-30,0.17846620974572436
COPX,2015-05-29,-0.0888610167292091
COPX,2015-06-30,-0.056318811052581186
COPX,2015-07-31,-0.18340610806163737
COPX,2015-08-31,-0.07486633068858661
COPX,2015-09-30,-0.1830443037817111
COPX,2015-10-30,0.1886793027825091
COPX,2015-11-30,-0.16534388975577208
COPX,2015-12-31,-0.05308942679276074
COPX,2016-01-29,-0.1524135058699142
COPX,2016-02-29,0.19080924572595204
COPX,2016-03-31,0.18372504284713376
COPX,2016-04-29,0.21828457061691742
COPX,2016-05-31,-0.15590445882111326
COPX,2016-06-30,0.062026124322511755
COPX,2016-07-29,0.12913709894248138
COPX,2016-08-31,-0.08908042545233552
COPX,2016-09-30,0.05867501010385401
COPX,2016-10-31,0.04529210253441396
COPX,2016-11-30,0.21208640639662235
COPX,2016-12-30,-0.05371361772500571
COPX,2017-01-31,0.23450037000054924
COPX,2017-02-28,-0.05062783946881877
COPX,2017-03-31,-0.0430887242202499
COPX,2017-04-28,-0.04636663615855463
COPX,2017-05-31,-0.05516593180577223
COPX,2017-06-30,0.0380998543371196
COPX,2017-07-31,0.19828416083296752
COPX,2017-08-31,0.05330140694031793
COPX,2017-09-29,-0.06155594048393587
COPX,2017-10-31,0.029778996585386075
COPX,2017-11-30,-0.044939689344358325
COPX,2017-12-29,0.13684478246058518
COPX,2018-01-31,0.026325235891436316
COPX,2018-02-28,-0.030993877359894895
COPX,2018-03-29,-0.04485297170264835
COPX,2018-04-30,-0.0019245350672747463
COPX,2018-05-31,-0.01002703715347908
COPX,2018-06-29,-0.06038169019307915
COPX,2018-07-31,0.002487702784655932
COPX,2018-08-31,-0.11869320209012646
COPX,2018-09-28,0.03660236140758988
COPX,2018-10-31,-0.1253962642620935
COPX,2018-11-30,0.02173918923607121
COPX,2018-12-31,-0.04827810970171964
COPX,2019-01-31,0.1190604918629452
COPX,2019-02-28,0.0649099852146704
COPX,2019-03-29,0.0018331168497061068
COPX,2019-04-30,-0.012808946559948908
COPX,2019-05-31,-0.14735829744005458
COPX,2019-06-28,0.14262822470396164
COPX,2019-07-31,-0.08557701391987937
COPX,2019-08-30,-0.1298632765347325
COPX,2019-09-30,0.03383710527453143
COPX,2019-10-31,0.021624534702916698
COPX,2019-11-29,0.03718539261980869
COPX,2019-12-31,0.12385432763708626
COPX,2020-01-31,-0.13927170947255285
COPX,2020-02-28,-0.10806171325311453
COPX,2020-03-31,-0.2416665166951869
COPX,2020-04-30,0.21808948179470367
COPX,2020-05-29,0.07911153152769335
COPX,2020-06-30,0.1391487757294294
COPX,2020-07-31,0.12414969290119027
COPX,2020-08-31,0.12002023193211109
COPX,2020-09-30,-0.06708700823631497
COPX,2020-10-30,0.03764487521641513
COPX,2020-11-30,0.25302336378707113
COPX,2020-12-31,0.1391362081384604
COPX,2021-01-29,-0.021739047208252038
COPX,2021-02-26,0.2451177686926691
COPX,2021-03-31,-0.03839898145808085
COPX,2021-04-30,0.10967374151522691
COPX,2021-05-28,0.04510891117192495
COPX,2021-06-30,-0.09526297868182787
COPX,2021-07-30,0.018842448137203593
COPX,2021-08-31,-0.024570683435619634
COPX,2021-09-30,-0.07367276355348862
COPX,2021-10-29,0.0912280059721462
COPX,2021-11-30,-0.048499515272449556
COPX,2021-12-31,0.05033115380576425
COPX,2022-01-31,0.013546401043388778
COPX,2022-02-28,0.13873289972711667
COPX,2022-03-31,0.06830981448820328
COPX,2022-04-29,-0.12019333921265873
COPX,2022-05-31,-0.01248734977175292
COPX,2022-06-30,-0.214366233203936
COPX,2022-07-29,0.003620778529171753
COPX,2022-08-31,-0.0209905072033566
COPX,2022-09-30,-0.05326646434570825
COPX,2022-10-31,0.014508376300482517
COPX,2022-11-30,0.26229489576465714
COPX,2022-12-30,-0.010154531408632317
COPX,2023-01-31,0.16539664235549512
COPX,2023-02-28,-0.08282877063177285
COPX,2023-03-31,0.022181223526842153
COPX,2023-04-28,0.020149681409507902
COPX,2023-05-31,-0.12382882484144331
COPX,2023-06-30,0.10300824062130398
COPX,2023-07-31,0.10889764014009784
COPX,2023-08-31,-0.0931737090758521
COPX,2023-09-29,-0.038299010590718385
COPX,2023-10-31,-0.09777530269272405
COPX,2023-11-30,0.046575328625165335
COPX,2023-12-29,0.10184266442631262
COPX,2024-01-31,-0.034933454515186924
COPX,2024-02-29,-0.005802592715652977
COPX,2024-03-28,0.17926613114098333
COPX,2024-04-30,0.07871805603454951
COPX,2024-05-31,0.052873023870043445
COPX,2024-06-28,-0.06065266589162355
COPX,2024-07-31,-0.03037009321704809
COPX,2024-08-30,-0.009144998299297047
COPX,2024-09-30,0.09067831128041082
COPX,2024-10-31,-0.07573513200741655
COPX,2024-11-29,-0.024261885941498917
COPX,2024-12-31,-0.09212102728819138
COPX,2025-01-31,0
COPX,2025-02-28,0.0010476858522998622
COPX,2025-03-31,0.022239637322520434
COPX,2025-04-30,-0.03224977456804978
COPX,2025-05-30,0.08701388362929396
COPX,2025-06-30,0.10092769922598932
COPX,2025-07-31,-0.04333334319940263
COPX,2025-08-29,0.15702671409659708
COPX,2025-09-30,0.20076289217944687
COPX,2025-10-31,0.032603251522278276
COPX,2025-11-28,0.04112703172030052
COPX,2025-12-31,0.1426640139569444
COPX,2026-01-30,0.1813622205911818
COPX,2026-02-27,0.12840468190473708
COPX,2026-03-31,-0.20219431749569716
COPX,2026-04-30,0.042698142218519086
COPX,2026-05-29,0.10714727708193528
COPX,2026-06-30,-0.12376258950315977
COPX,2026-07-31,0.024555013117760982
COPX,2026-08-31,0.17752979827091564
COPX,2026-09-18,-0.060090478078595466
DFEN,2017-05-31,0.10073124890457419
DFEN,2017-06-30,-0.01033234038453712
DFEN,2017-07-31,0.14653222156962808
DFEN,2017-08-31,0.10286208944765396
DFEN,2017-09-29,0.13968081176751612
DFEN,2017-10-31,0.03492890326807574
DFEN,2017-11-30,0.088249907164619
DFEN,2017-12-29,0.03822194495785558
DFEN,2018-01-31,0.24853954510396914
DFEN,2018-02-28,-0.028617771520786595
DFEN,2018-03-29,-0.07800639967947898
DFEN,2018-04-30,-0.0926445644234628
DFEN,2018-05-31,0.09413060654885563
DFEN,2018-06-29,-0.09731884753958409
DFEN,2018-07-31,0.2083146352136067
DFEN,2018-08-31,0.018225624676922125
DFEN,2018-09-28,0.14455282976334716
DFEN,2018-10-31,-0.3251758771302191
DFEN,2018-11-30,-0.012799203524041292
DFEN,2018-12-31,-0.28583996652587007
DFEN,2019-01-31,0.4005391577026918
DFEN,2019-02-28,0.23615804226027604
DFEN,2019-03-29,-0.13463405981950927
DFEN,2019-04-30,0.1485239599799535
DFEN,2019-05-31,-0.12127162278986625
DFEN,2019-06-28,0.1888408185688779
DFEN,2019-07-31,0.008836525695061104
DFEN,2019-08-30,0.076034195094135
DFEN,2019-09-30,0.038452281746127026
DFEN,2019-10-31,-0.07256283867167579
DFEN,2019-11-29,0.1572020348540999
DFEN,2019-12-31,-0.10293562271533185
DFEN,2020-01-31,0.06688675658902099
DFEN,2020-02-28,-0.3304023163208485
DFEN,2020-03-31,-0.7543538459142723
DFEN,2020-04-30,0.18655959762471896
DFEN,2020-05-29,0.11665244066984126
DFEN,2020-06-30,-0.06661615127299636
DFEN,2020-07-31,-0.1581509975762272
DFEN,2020-08-31,0.1926785335433494
DFEN,2020-09-30,-0.15993524137632797
DFEN,2020-10-30,-0.14519247784051603
DFEN,2020-11-30,0.7615293350613483
DFEN,2020-12-31,0.07988783529381793
DFEN,2021-01-29,-0.18332338774254242
DFEN,2021-02-26,0.21578550753039805
DFEN,2021-03-31,0.27655878526329025
DFEN,2021-04-30,0.06162466281595402
DFEN,2021-05-28,0.10026421866300006
DFEN,2021-06-30,-0.021982444099481246
DFEN,2021-07-30,-0.05435252619969588
DFEN,2021-08-31,-0.0626617335265145
DFEN,2021-09-30,-0.052097901259422486
DFEN,2021-10-29,0.001459182289303751
DFEN,2021-11-30,-0.18552688805459938
DFEN,2021-12-31,0.13597546372718194
DFEN,2022-01-31,-0.06253347099427531
DFEN,2022-02-28,0.33865454083747304
DFEN,2022-03-31,-0.03790462428045094
DFEN,2022-04-29,-0.20540045714349708
DFEN,2022-05-31,-0.04401127316542397
DFEN,2022-06-30,-0.10139863832556073
DFEN,2022-07-29,0.1258105904212372
DFEN,2022-08-31,-0.07200459727690378
DFEN,2022-09-30,-0.28484155260553157
DFEN,2022-10-31,0.576153215816412
DFEN,2022-11-30,0.113197006052838
DFEN,2022-12-30,-0.009714154821057308
DFEN,2023-01-31,0.06227990373075243
DFEN,2023-02-28,-0.007564982018425148
DFEN,2023-03-31,-0.0029231424472903056
DFEN,2023-04-28,-0.04214515559403875
DFEN,2023-05-31,-0.1460000908798016
DFEN,2023-06-30,0.2247135053457756
DFEN,2023-07-31,0.011990387749862164
DFEN,2023-08-31,-0.05497624041412397
DFEN,2023-09-29,-0.24651662516789752
DFEN,2023-10-31,0.09218440901200231
DFEN,2023-11-30,0.2825687769394736
DFEN,2023-12-29,0.17311519067667525
DFEN,2024-01-31,-0.10412413699419598
DFEN,2024-02-29,0.11668183691059575
DFEN,2024-03-28,0.09098801760310571
DFEN,2024-04-30,-0.05666048733424345
DFEN,2024-05-31,0.1360381985812864
DFEN,2024-06-28,-0.09208964091098548
DFEN,2024-07-31,0.25087117733807474
DFEN,2024-08-30,0.07428027939688242
DFEN,2024-09-30,0.02858319931423381
DFEN,2024-10-31,-0.11721830004333245
DFEN,2024-11-29,0.21982234358613573
DFEN,2024-12-31,-0.19604807547424796
DFEN,2025-01-31,0.22973471746414154
DFEN,2025-02-28,-0.04611296182431124
DFEN,2025-03-31,-0.04797835098313008
DFEN,2025-04-30,-0.0022801712040848576
DFEN,2025-05-30,0.4214823042379612
DFEN,2025-06-30,0.1929741433990182
DFEN,2025-07-31,0.11777165497054987
DFEN,2025-08-29,0.01500261543061221
DFEN,2025-09-30,0.16895183643051603
DFEN,2025-10-31,0.07549084990554644
DFEN,2025-11-28,-0.15499053698996612
DFEN,2025-12-31,0.12684975931004994
DFEN,2026-01-30,0.24405138721674002
DFEN,2026-02-27,0.13640358568167876
DFEN,2026-03-31,-0.3009054777973956
DFEN,2026-04-30,-0.026465846157344264
DFEN,2026-05-29,0.22204132653999298
DFEN,2026-06-30,0.06464423306732092
DFEN,2026-07-31,-0.05644558260452248
DFEN,2026-08-31,-0.1525401259199245
DFEN,2026-09-18,-0.18359680160111003
ECH,2015-01-30,-0.03298645777439224
ECH,2015-02-27,0.0839674007331932
ECH,2015-03-31,-0.02469132899038118
ECH,2015-04-30,0.04790283675459128
ECH,2015-05-29,-0.02273808377830644
ECH,2015-06-30,-0.06268198500964806
ECH,2015-07-31,-0.06295908912112869
ECH,2015-08-31,-0.019316540119328818
ECH,2015-09-30,-0.059092649742589654
ECH,2015-10-30,0.05855576552223396
ECH,2015-11-30,-0.07022058091958239
ECH,2015-12-31,-0.012497366828342793
ECH,2016-01-29,0.02224337058691317
ECH,2016-02-29,0.01716203653123438
ECH,2016-03-31,0.11178072648116766
ECH,2016-04-29,0.033333153759433465
ECH,2016-05-31,-0.07684251194780667
ECH,2016-06-30,0.06495952134170091
ECH,2016-07-29,0.04483648511890603
ECH,2016-08-31,-0.05019483969846672
ECH,2016-09-30,0.0101314285677645
ECH,2016-10-31,0.0834916978617104
ECH,2016-11-30,-0.06254706585104952
ECH,2016-12-30,-9.331528413802914e-4
ECH,2017-01-31,0.039016615042088754
ECH,2017-02-28,0.03626547174092676
ECH,2017-03-31,0.08116148698635173
ECH,2017-04-28,-0.014233123486191213
ECH,2017-05-31,-6.988085063596161e-4
ECH,2017-06-30,-0.013123838760266127
ECH,2017-07-31,0.09095268758188757
ECH,2017-08-31,0.05917290083727811
ECH,2017-09-29,0.009761250617114303
ECH,2017-10-31,0.05183036698933141
ECH,2017-11-30,-0.12162710233078056
ECH,2017-12-29,0.16226445366742692
ECH,2018-01-31,0.0728526693098972
ECH,2018-02-28,-0.040207038274153506
ECH,2018-03-29,-0.012846841732778835
ECH,2018-04-30,0.01433417471963705
ECH,2018-05-31,-0.07195972699465136
ECH,2018-06-29,-0.059961791721334645
ECH,2018-07-31,0.047350045092582116
ECH,2018-08-31,-0.10120254527353845
ECH,2018-09-28,0.045454213878030725
ECH,2018-10-31,-0.08364579910331049
ECH,2018-11-30,0.0366087840196323
ECH,2018-12-31,-0.036474756326600466
ECH,2019-01-31,0.12823015235218893
ECH,2019-02-28,-0.03424675091915752
ECH,2019-03-29,-0.042996455869848904
ECH,2019-04-30,-0.010421797007694966
ECH,2019-05-31,-0.09852541815742999
ECH,2019-06-28,0.08106873323323471
ECH,2019-07-31,-0.05849266641829909
ECH,2019-08-30,-0.0722639813311935
ECH,2019-09-30,0.049033110781808276
ECH,2019-10-31,-0.07772419055618629
ECH,2019-11-29,-0.1314798721828183
ECH,2019-12-31,0.11379895386172634
ECH,2020-01-31,-0.07980803977864448
ECH,2020-02-28,-0.12096492128217762
ECH,2020-03-31,-0.1958458366468251
ECH,2020-04-30,0.16097808189914642
ECH,2020-05-29,-0.05085444825238783
ECH,2020-06-30,0.07522719170272829
ECH,2020-07-31,0.08412695244626311
ECH,2020-08-31,-0.07210854859756655
ECH,2020-09-30,-0.04970414010196256
ECH,2020-10-30,-0.00788688124444692
ECH,2020-11-30,0.12510441688456275
ECH,2020-12-31,0.12925809744743044
ECH,2021-01-29,-0.009268271149791674
ECH,2021-02-26,0.04944855095389178
ECH,2021-03-31,0.09041704070157919
ECH,2021-04-30,-0.06861312154202759
ECH,2021-05-28,-0.0780563948525298
ECH,2021-06-30,0.002223875688295962
ECH,2021-07-30,-0.05624558230266585
ECH,2021-08-31,0.04497262760608378
ECH,2021-09-30,-0.09027297783640564
ECH,2021-10-29,-0.05653844579910616
ECH,2021-11-30,0.03139010698858846
ECH,2021-12-31,-0.05848301004973788
ECH,2022-01-31,0.13945413597882084
ECH,2022-02-28,-0.011022536810447514
ECH,2022-03-31,0.1172175607723338
ECH,2022-04-29,-0.12659107256838775
ECH,2022-05-31,0.19653423602132358
ECH,2022-06-30,-0.17660237522669298
ECH,2022-07-29,0.09846295722815102
ECH,2022-08-31,0.05030260634569017
ECH,2022-09-30,-0.13575813236111145
ECH,2022-10-31,0.02791670665214041
ECH,2022-11-30,0.0989055742273286
ECH,2022-12-30,0.025429769955722437
ECH,2023-01-31,0.08010334611193537
ECH,2023-02-28,-0.03930289222640759
ECH,2023-03-31,0.023835110648171565
ECH,2023-04-28,-0.012856415052778458
ECH,2023-05-31,-0.00527982118435244
ECH,2023-06-30,0.07419657774629607
ECH,2023-07-31,0.06100065772094765
ECH,2023-08-31,-0.08947030232519981
ECH,2023-09-29,-0.07094711298515588
ECH,2023-10-31,-0.07521959960862346
ECH,2023-11-30,0.10941385468349973
ECH,2023-12-29,0.056460828482909786
ECH,2024-01-31,-0.09854658308684439
ECH,2024-02-29,0.03539123444088865
ECH,2024-03-28,0.00911512072237275
ECH,2024-04-30,0.004892688458733474
ECH,2024-05-31,0.05730339177218413
ECH,2024-06-28,-0.06017886951219098
ECH,2024-07-31,0.005411507686761352
ECH,2024-08-30,0.024990462898241583
ECH,2024-09-30,0.023255796569636944
ECH,2024-10-31,-0.062316667662604686
ECH,2024-11-29,-0.008991430200120942
ECH,2024-12-31,-0.00897568612998445
ECH,2025-01-31,0.09145363100563753
ECH,2025-02-28,0.047200878714325656
ECH,2025-03-31,0.04192873455987067
ECH,2025-04-30,0.04393025273475426
ECH,2025-05-30,0.011885627435429091
ECH,2025-06-30,0.019946003941718526
ECH,2025-07-31,-0.05151042851631671
ECH,2025-08-29,0.09989952224997167
ECH,2025-09-30,0.004571795248333954
ECH,2025-10-31,0.07160188962851621
ECH,2025-11-28,0.0719139490492775
ECH,2025-12-31,0.07089627894450423
ECH,2026-01-30,0.11980202986432875
ECH,2026-02-27,-0.038461594465131865
ECH,2026-03-31,-0.085977032135929
ECH,2026-04-30,0.05030176831319655
ECH,2026-05-29,0.005268260871703401
ECH,2026-06-30,-0.039381500451320384
ECH,2026-07-31,-0.00931987216056085
ECH,2026-08-31,0.02974823581171293
ECH,2026-09-18,-0.025925907087914757
EIDO,2015-01-30,-0.006348095148558941
EIDO,2015-02-27,0.03645253835692697
EIDO,2015-03-31,0.00616377846532945
EIDO,2015-04-30,-0.10774772153405388
EIDO,2015-05-29,0.038368036759102164
EIDO,2015-06-30,-0.08706327644825185
EIDO,2015-07-31,-0.027190393838863125
EIDO,2015-08-31,-0.11579401592230876
EIDO,2015-09-30,-0.11239347811279388
EIDO,2015-10-30,0.1390617176263551
EIDO,2015-11-30,0.013399359090044527
EIDO,2015-12-31,0.024011861298278925
EIDO,2016-01-29,0.03737373215129658
EIDO,2016-02-29,0.048037213778395316
EIDO,2016-03-31,0.0383429999809779
EIDO,2016-04-29,-0.019949104827442943
EIDO,2016-05-31,-0.031182481987496624
EIDO,2016-06-30,0.10527724192093735
EIDO,2016-07-29,0.062142417049483756
EIDO,2016-08-31,-0.0177057905484016
EIDO,2016-09-30,0.03604996765439972
EIDO,2016-10-31,-0.007185902693068735
EIDO,2016-11-30,-0.11047626423657364
EIDO,2016-12-30,0.03451853566568319
EIDO,2017-01-31,0.011603826624434266
EIDO,2017-02-28,0.0032771365000967556
EIDO,2017-03-31,0.05308335383367635
EIDO,2017-04-28,0.020938066184631232
EIDO,2017-05-31,0.008735382468433084
EIDO,2017-06-30,0.0370536129362089
EIDO,2017-07-31,-0.012495399569039778
EIDO,2017-08-31,3.72156824765435e-4
EIDO,2017-09-29,-0.007068616326770583
EIDO,2017-10-31,3.7502554138324484e-4
EIDO,2017-11-30,-7.492319162395455e-4
EIDO,2017-12-29,0.06676178769263386
EIDO,2018-01-31,0.04783697479033999
EIDO,2018-02-28,-0.039610744854852165
EIDO,2018-03-29,-0.057672010698372356
EIDO,2018-04-30,-0.0593473191943138
EIDO,2018-05-31,0.006309305329528003
EIDO,2018-06-29,-0.08295786502482017
EIDO,2018-07-31,0.034828175632150904
EIDO,2018-08-31,-0.01682809804574059
EIDO,2018-09-28,-0.01711592908888393
EIDO,2018-10-31,-0.041793545080292094
EIDO,2018-11-30,0.1231258269331934
EIDO,2018-12-31,0.005989639240122413
EIDO,2019-01-31,0.11522958847789067
EIDO,2019-02-28,-0.07044804894469558
EIDO,2019-03-29,-0.001943389770695525
EIDO,2019-04-30,0.01713403553225179
EIDO,2019-05-31,-0.031010599679906492
EIDO,2019-06-28,0.043974875836499505
EIDO,2019-07-31,-0.010388582179071015
EIDO,2019-08-30,-0.020606457514243615
EIDO,2019-09-30,-0.028582810595475183
EIDO,2019-10-31,0.02002456411317355
EIDO,2019-11-29,-0.037259620821570194
EIDO,2019-12-31,0.06979485750970538
EIDO,2020-01-31,-0.05767748359068481
EIDO,2020-02-28,-0.10587253427687704
EIDO,2020-03-31,-0.31868639995472314
EIDO,2020-04-30,0.10590638360861782
EIDO,2020-05-29,0.06261494319615002
EIDO,2020-06-30,0.050204293766603625
EIDO,2020-07-31,0.04111127818778337
EIDO,2020-08-31,0.04642465206317037
EIDO,2020-09-30,-0.11932690957651215
EIDO,2020-10-30,0.05848298039532174
EIDO,2020-11-30,0.1903720013337753
EIDO,2020-12-31,0.08434676358003856
EIDO,2021-01-29,-0.04141753979305951
EIDO,2021-02-26,0.017817437866571195
EIDO,2021-03-31,-0.043763835251039995
EIDO,2021-04-30,-0.009610922241760855
EIDO,2021-05-28,-0.012939196472890657
EIDO,2021-06-30,-0.04443865931814528
EIDO,2021-07-30,-0.009368746951690876
EIDO,2021-08-31,0.05823801006148677
EIDO,2021-09-30,0.020225674388985704
EIDO,2021-10-29,0.10327340895483816
EIDO,2021-11-30,-0.025490893917133217
EIDO,2021-12-31,-0.008125956417644908
EIDO,2022-01-31,0.009142350341895034
EIDO,2022-02-28,0.04961180818227473
EIDO,2022-03-31,0.01726243683733686
EIDO,2022-04-29,0.018990165586645347
EIDO,2022-05-31,-0.009516271386096786
EIDO,2022-06-30,-0.09169905215851393
EIDO,2022-07-29,0.03261847328999168
EIDO,2022-08-31,0.028126262223848064
EIDO,2022-09-30,-0.018518489369627522
EIDO,2022-10-31,0.018439035609513654
EIDO,2022-11-30,8.420955516772466e-4
EIDO,2022-12-30,-0.048356014348466925
EIDO,2023-01-31,0.03751679341843883
EIDO,2023-02-28,-0.013775230569079033
EIDO,2023-03-31,0.02706255406988589
EIDO,2023-04-28,0.05184856624671452
EIDO,2023-05-31,-0.055353634460929
EIDO,2023-06-30,0.006238645514283103
EIDO,2023-07-31,0.017787323686843548
EIDO,2023-08-31,-0.018755008024206377
EIDO,2023-09-29,-0.032580463658926084
EIDO,2023-10-31,-0.08666365469119008
EIDO,2023-11-30,0.06932150638555323
EIDO,2023-12-29,0.03444127620909865
EIDO,2024-01-31,-0.020609415351108495
EIDO,2024-02-29,0.02333048971023799
EIDO,2024-03-28,0.00715238672919849
EIDO,2024-04-30,-0.07811809090426569
EIDO,2024-05-31,-0.04862782653833697
EIDO,2024-06-28,0.008952600477497796
EIDO,2024-07-31,0.0451477867837935
EIDO,2024-08-30,0.08093349398285477
EIDO,2024-09-30,0.03353249399750635
EIDO,2024-10-31,-0.046222390080840614
EIDO,2024-11-29,-0.07315928093115454
EIDO,2024-12-31,-0.0565277979336668
EIDO,2025-01-31,-0.009740203464062791
EIDO,2025-02-28,-0.1278688219599845
EIDO,2025-03-31,0.021303280369290523
EIDO,2025-04-30,0.06196317532260154
EIDO,2025-05-30,0.09069896976949288
EIDO,2025-06-30,-0.041234464517489355
EIDO,2025-07-31,-0.020419501471954482
EIDO,2025-08-29,0.023161478669953217
EIDO,2025-09-30,-0.006791239345660283
EIDO,2025-10-31,0.0415954501954261
EIDO,2025-11-28,0.02133489928153076
EIDO,2025-12-31,0.011313996642488888
EIDO,2026-01-30,-0.05614982959125492
EIDO,2026-02-27,0.009631820117064205
EIDO,2026-03-31,-0.11391694174275557
EIDO,2026-04-30,-0.054464866993618855
EIDO,2026-05-29,-0.14802408384336674
EIDO,2026-06-30,-0.09411142386824989
EIDO,2026-07-31,0.09372231888726201
EIDO,2026-08-31,0.0291026402593193
EIDO,2026-09-18,-0.02042413861405723
EPHE,2015-01-30,0.0713722848580789
EPHE,2015-02-27,0.022532327512538197
EPHE,2015-03-31,-0.003592723498570205
EPHE,2015-04-30,-0.03173090103280607
EPHE,2015-05-29,-0.015640253490287304
EPHE,2015-06-30,-0.02345901522287097
EPHE,2015-07-31,0.007792164695529902
EPHE,2015-08-31,-0.10051542324055363
EPHE,2015-09-30,-0.01461326376060934
EPHE,2015-10-30,0.023844450644712634
EPHE,2015-11-30,-0.0244251725719421
EPHE,2015-12-31,-0.014142107489712896
EPHE,2016-01-29,-0.042975669358044866
EPHE,2016-02-29,0.010219843228177261
EPHE,2016-03-31,0.12354382912279194
EPHE,2016-04-29,-0.044201884503034194
EPHE,2016-05-31,0.0662287914640649
EPHE,2016-06-30,0.05247126348979525
EPHE,2016-07-29,0.011488550474954451
EPHE,2016-08-31,-0.03003569982824028
EPHE,2016-09-30,-0.030444866252865466
EPHE,2016-10-31,-0.051261168855225026
EPHE,2016-11-30,-0.08797746881212642
EPHE,2016-12-30,0.008469801649571673
EPHE,2017-01-31,0.05737171898709659
EPHE,2017-02-28,-0.030338174920800043
EPHE,2017-03-31,0.027677683456446722
EPHE,2017-04-28,0.04918002857525505
EPHE,2017-05-31,0.01590444277409908
EPHE,2017-06-30,-0.012831671659842225
EPHE,2017-07-31,0.016466852164286117
EPHE,2017-08-31,-0.017847188051873464
EPHE,2017-09-29,0.033547479455676044
EPHE,2017-10-31,0.0010817702601728652
EPHE,2017-11-30,-0.010807892489157256
EPHE,2017-12-29,0.06106072227651205
EPHE,2018-01-31,-0.01828925028791173
EPHE,2018-02-28,-0.05064306857973133
EPHE,2018-03-29,-0.03427290904410851
EPHE,2018-04-30,-0.03234131305443755
EPHE,2018-05-31,-0.037858551528733186
EPHE,2018-06-29,-0.06948716221003604
EPHE,2018-07-31,0.08623566262701443
EPHE,2018-08-31,0.004885287707187214
EPHE,2018-09-28,-0.08690358603331283
EPHE,2018-10-31,-0.0036605449248596766
EPHE,2018-11-30,0.06579850554159705
EPHE,2018-12-31,-2.766582048584487e-4
EPHE,2019-01-31,0.09378941393206253
EPHE,2019-02-28,-0.03814169921735722
EPHE,2019-03-29,0.022659327039842303
EPHE,2019-04-30,0.018659264901256023
EPHE,2019-05-31,0.007154684174061954
EPHE,2019-06-28,0.018949480137597563
EPHE,2019-07-31,-0.009828795416855107
EPHE,2019-08-30,-0.023255925845308223
EPHE,2019-09-30,-0.028745522337013774
EPHE,2019-10-31,0.04872953443397199
EPHE,2019-11-29,-0.031927077482776234
EPHE,2019-12-31,0.011505017280732943
EPHE,2020-01-31,-0.09149175617085326
EPHE,2020-02-28,-0.06286084449171292
EPHE,2020-03-31,-0.21149880835999824
EPHE,2020-04-30,0.04730899665637178
EPHE,2020-05-29,0.04019866150578988
EPHE,2020-06-30,0.07803393673300163
EPHE,2020-07-31,-0.036802976925339737
EPHE,2020-08-31,0.024700838187340812
EPHE,2020-09-30,0.00112993878246348
EPHE,2020-10-30,0.05643349407726528
EPHE,2020-11-30,0.09615381693862224
EPHE,2020-12-31,0.06470688878215691
EPHE,2021-01-29,-0.0844038082543418
EPHE,2021-02-26,0.008350123573895862
EPHE,2021-03-31,-0.0321299092580043
EPHE,2021-04-30,-0.010609134634118944
EPHE,2021-05-28,0.06502952280145569
EPHE,2021-06-30,0.011679480354089389
EPHE,2021-07-30,-0.0959923613269974
EPHE,2021-08-31,0.0747229576737416
EPHE,2021-09-30,-0.010312685832849056
EPHE,2021-10-29,0.0645378382227002
EPHE,2021-11-30,0.009472696527881741
EPHE,2021-12-31,-0.006712429645750917
EPHE,2022-01-31,0.019911564367268708
EPHE,2022-02-28,0.021072092464662573
EPHE,2022-03-31,-0.05614571416279868
EPHE,2022-04-29,-0.07299025864191244
EPHE,2022-05-31,0.018730513933530757
EPHE,2022-06-30,-0.12584607820314941
EPHE,2022-07-29,0.022064626019721256
EPHE,2022-08-31,0.009637595830533918
EPHE,2022-09-30,-0.15693024876181172
EPHE,2022-10-31,0.08469224133346054
EPHE,2022-11-30,0.11774522201957938
EPHE,2022-12-30,-0.017063171098467445
EPHE,2023-01-31,0.07369232759654154
EPHE,2023-02-28,-0.06081076051626699
EPHE,2023-03-31,0.02082536691182768
EPHE,2023-04-28,0.0022255390755756554
EPHE,2023-05-31,-0.05477424147305532
EPHE,2023-06-30,0.032027155278180564
EPHE,2023-07-31,0.03955454453391005
EPHE,2023-08-31,-0.1012191297820938
EPHE,2023-09-29,0.023838858726545897
EPHE,2023-10-31,-0.06182251350853085
EPHE,2023-11-30,0.07231477634003292
EPHE,2023-12-29,0.04563706057100614
EPHE,2024-01-31,0.01885333841520942
EPHE,2024-02-29,0.03700901154595693
EPHE,2024-03-28,0.006190883313293538
EPHE,2024-04-30,-0.06768005157717705
EPHE,2024-05-31,-0.04891305290385728
EPHE,2024-06-28,9.146524420184932e-4
EPHE,2024-07-31,0.044288182400943565
EPHE,2024-08-30,0.09235037455575856
EPHE,2024-09-30,0.05696651653374962
EPHE,2024-10-31,-0.060418693931420187
EPHE,2024-11-29,-0.06211191520333714
EPHE,2024-12-31,-0.016572827474618967
EPHE,2025-01-31,-0.0683180450383557
EPHE,2025-02-28,0.02915956875067094
EPHE,2025-03-31,0.054166633604968206
EPHE,2025-04-30,0.06284579532021972
EPHE,2025-05-30,0.013016080675370523
EPHE,2025-06-30,0.007468739581741879
EPHE,2025-07-31,-0.06268440362914007
EPHE,2025-08-29,0.028717561470402053
EPHE,2025-09-30,-0.05009563597831879
EPHE,2025-10-31,-0.011674728267710544
EPHE,2025-11-28,0.026883961387004218
EPHE,2025-12-31,-0.003555795539268214
EPHE,2026-01-30,0.04213477271358079
EPHE,2026-02-27,0.07470158007107197
EPHE,2026-03-31,-0.11035466598699017
EPHE,2026-04-30,-0.025372560604831174
EPHE,2026-05-29,-0.01404955768824645
EPHE,2026-06-30,0.032395333110718516
EPHE,2026-07-31,0.05794700444421719
EPHE,2026-08-31,-0.07081375210332574
EPHE,2026-09-18,-0.01936838250411188
EPOL,2015-01-30,-0.019856672269960463
EPOL,2015-02-27,0.0142241171733124
EPOL,2015-03-31,-0.006374911024981222
EPOL,2015-04-30,0.0979471562126939
EPOL,2015-05-29,-0.05726557560917689
EPOL,2015-06-30,-0.047805933004377965
EPOL,2015-07-31,-0.01926440724887879
EPOL,2015-08-31,-0.03080366754265762
EPOL,2015-09-30,-0.04007355948650104
EPOL,2015-10-30,-0.01967385273509359
EPOL,2015-11-30,-0.09055302014093403
EPOL,2015-12-31,-0.013350298562396001
EPOL,2016-01-29,-0.0669248528989892
EPOL,2016-02-29,0.03260226410309475
EPOL,2016-03-31,0.16130884207192975
EPOL,2016-04-29,-0.0637666099990023
EPOL,2016-05-31,-0.08130930002428227
EPOL,2016-06-30,-0.02290298637198951
EPOL,2016-07-29,0.035966791436231604
EPOL,2016-08-31,0.023904695274020504
EPOL,2016-09-30,0.012784683386651619
EPOL,2016-10-31,0.02030742284288478
EPOL,2016-11-30,-0.07799913194678898
EPOL,2016-12-30,0.0776524420809912
EPOL,2017-01-31,0.11423839720726336
EPOL,2017-02-28,0.04061417500423414
EPOL,2017-03-31,0.027129880659658046
EPOL,2017-04-28,0.10101949239700203
EPOL,2017-05-31,0.003787707214575331
EPOL,2017-06-30,0.021394247946063816
EPOL,2017-07-31,0.06383871600737634
EPOL,2017-08-31,0.059620546759412196
EPOL,2017-09-29,-0.031055833219510443
EPOL,2017-10-31,0.020362020476514253
EPOL,2017-11-30,-0.01256486029942816
EPOL,2017-12-29,0.030247404773405373
EPOL,2018-01-31,0.08342539899429524
EPOL,2018-02-28,-0.10425892168527795
EPOL,2018-03-29,-0.04526429731689774
EPOL,2018-04-30,-0.010756912260454832
EPOL,2018-05-31,-0.08658897982317337
EPOL,2018-06-29,-0.03890554108672872
EPOL,2018-07-31,0.11799793901967237
EPOL,2018-08-31,-0.00862404097750169
EPOL,2018-09-28,-0.011598982688161619
EPOL,2018-10-31,-0.09974868607447329
EPOL,2018-11-30,0.08379904903206503
EPOL,2018-12-31,0.002784350036841632
EPOL,2019-01-31,0.05688222787071595
EPOL,2019-02-28,-0.04108479334197512
EPOL,2019-03-29,-0.019708566903143043
EPOL,2019-04-30,0.016171384161588476
EPOL,2019-05-31,-0.039569915377911435
EPOL,2019-06-28,0.06545750861092192
EPOL,2019-07-31,-0.05936851986773528
EPOL,2019-08-30,-0.0765442423101087
EPOL,2019-09-30,4.847089142658856e-4
EPOL,2019-10-31,0.06104661373112652
EPOL,2019-11-29,-0.04155278795278794
EPOL,2019-12-31,0.02818446560274257
EPOL,2020-01-31,-0.049810089157377835
EPOL,2020-02-28,-0.14777846987814114
EPOL,2020-03-31,-0.19507912890204226
EPOL,2020-04-30,0.08224174833383424
EPOL,2020-05-29,0.10289159743445486
EPOL,2020-06-30,0.023154683332836656
EPOL,2020-07-31,0.05900075606695476
EPOL,2020-08-31,0.03126784818508099
EPOL,2020-09-30,-0.09261312222568863
EPOL,2020-10-30,-0.15431332446416568
EPOL,2020-11-30,0.2571834475050283
EPOL,2020-12-31,0.09249644212632746
EPOL,2021-01-29,-0.013143962064361636
EPOL,2021-02-26,-0.005327781267172704
EPOL,2021-03-31,-0.03053028104814115
EPOL,2021-04-30,0.0961328864408848
EPOL,2021-05-28,0.13608857724834533
EPOL,2021-06-30,-0.04487392625883557
EPOL,2021-07-30,0.015370494287969105
EPOL,2021-08-31,0.05963296851079791
EPOL,2021-09-30,-0.051082182117238695
EPOL,2021-10-29,0.061131298123296096
EPOL,2021-11-30,-0.12123797323822494
EPOL,2021-12-31,0.041258985185870234
EPOL,2022-01-31,-0.02516613658938771
EPOL,2022-02-28,-0.1276182678861375
EPOL,2022-03-31,0.061418416505391704
EPOL,2022-04-29,-0.16991064770710085
EPOL,2022-05-31,0.04626121506801861
EPOL,2022-06-30,-0.10603156408737979
EPOL,2022-07-29,-0.01503761237433432
EPOL,2022-08-31,-0.12907704195661696
EPOL,2022-09-30,-0.1418326529939462
EPOL,2022-10-31,0.15320332439859774
EPOL,2022-11-30,0.21417067416443514
EPOL,2022-12-30,0.04352572013806144
EPOL,2023-01-31,0.08279434631556426
EPOL,2023-02-28,-0.057945036915773684
EPOL,2023-03-31,-0.018389519002356636
EPOL,2023-04-28,0.1382429080849028
EPOL,2023-05-31,-0.03632231990809631
EPOL,2023-06-30,0.129564413242943
EPOL,2023-07-31,0.09958281637379574
EPOL,2023-08-31,-0.0919868195427469
EPOL,2023-09-29,-0.10652738911204618
EPOL,2023-10-31,0.1601404673921174
EPOL,2023-11-30,0.09471007157089595
EPOL,2023-12-29,0.0721922665449859
EPOL,2024-01-31,-0.0331126065127928
EPOL,2024-02-29,0.06438356645354992
EPOL,2024-03-28,0.012012064844185044
EPOL,2024-04-30,-0.0012717696385687871
EPOL,2024-05-31,0.06876065407196674
EPOL,2024-06-28,-0.007823653931061214
EPOL,2024-07-31,-0.02731341574964352
EPOL,2024-08-30,0.02975672834990961
EPOL,2024-09-30,-0.013430945896981905
EPOL,2024-10-31,-0.08168309807488128
EPOL,2024-11-29,-0.007637106035953578
EPOL,2024-12-31,-0.019572648988414487
EPOL,2025-01-31,0.1322471391998803
EPOL,2025-02-28,0.06982650662296552
EPOL,2025-03-31,0.10799048858898486
EPOL,2025-04-30,0.05248123781300196
EPOL,2025-05-30,0.03018999001264855
EPOL,2025-06-30,0.0808008013922954
EPOL,2025-07-31,-0.015808970116440557
EPOL,2025-08-29,-0.0015748182224747387
EPOL,2025-09-30,0.015772896555003912
EPOL,2025-10-31,0.04689437716156797
EPOL,2025-11-28,0.010679378944845386
EPOL,2025-12-31,0.06763848566464947
EPOL,2026-01-30,0.06820133419753494
EPOL,2026-02-27,0.014365542817218468
EPOL,2026-03-31,-0.04510888912092481
EPOL,2026-04-30,0.05410599842330921
EPOL,2026-05-29,0.05549756841170139
EPOL,2026-06-30,-0.0398207555618294
EPOL,2026-07-31,0.10929813918655351
EPOL,2026-08-31,0.029652033359138796
EPOL,2026-09-18,0.007029509841659731
EWA,2015-01-30,-0.008145183622172758
EWA,2015-02-27,0.08029209989912567
EWA,2015-03-31,-0.03462847495083299
EWA,2015-04-30,0.020122641304367583
EWA,2015-05-29,-0.033447566709032484
EWA,2015-06-30,-0.04448473933839492
EWA,2015-07-31,-0.005230196953298294
EWA,2015-08-31,-0.10850875560974182
EWA,2015-09-30,-0.039141939519473645
EWA,2015-10-30,0.055803408452586245
EWA,2015-11-30,0.008985123589514421
EWA,2015-12-31,0.021242568484669988
EWA,2016-01-29,-0.06962024828781632
EWA,2016-02-29,-0.020408011149998018
EWA,2016-03-31,0.11805530544710008
EWA,2016-04-29,0.03157369638243446
EWA,2016-05-31,-0.024084210291748342
EWA,2016-06-30,0.014187325971773301
EWA,2016-07-29,0.07403585880703045
EWA,2016-08-31,-0.03207261447168808
EWA,2016-09-30,0.03363018684474084
EWA,2016-10-31,-0.029665170108433614
EWA,2016-11-30,0.007889603090636133
EWA,2016-12-30,0.016196925522895755
EWA,2017-01-31,0.04992607264021931
EWA,2017-02-28,0.03342751979725578
EWA,2017-03-31,0.030068172113125957
EWA,2017-04-28,-0.006634160628146701
EWA,2017-05-31,-0.043187846584909595
EWA,2017-06-30,0.030621634482588034
EWA,2017-07-31,0.04704764808951123
EWA,2017-08-31,-0.002202614521828794
EWA,2017-09-29,-0.009271426569718244
EWA,2017-10-31,0.011586325074012693
EWA,2017-11-30,0.003083648230941982
EWA,2017-12-29,0.04258010865588546
EWA,2018-01-31,0.025895480693682416
EWA,2018-02-28,-0.03996627054366697
EWA,2018-03-29,-0.03505667157505099
EWA,2018-04-30,0.007719844367450657
EWA,2018-05-31,0.01712500524757532
EWA,2018-06-29,0.02122411049640549
EWA,2018-07-31,0.013710384910307294
EWA,2018-08-31,-0.018760632788295095
EWA,2018-09-28,-0.016451665821489492
EWA,2018-10-31,-0.06871618195748919
EWA,2018-11-30,0.009708603394401827
EWA,2018-12-31,-0.038785419537454735
EWA,2019-01-31,0.06961048560813388
EWA,2019-02-28,0.03351149046809421
EWA,2019-03-29,0.011278008519929994
EWA,2019-04-30,0.011617081510051142
EWA,2019-05-31,0.0013782968317084254
EWA,2019-06-28,0.05498758208921939
EWA,2019-07-31,-0.0057676503630996745
EWA,2019-08-30,-0.032574615743371504
EWA,2019-09-30,0.026291356225054408
EWA,2019-10-31,0.01258452919929276
EWA,2019-11-29,0.013315394149896687
EWA,2019-12-31,0.011852771773249726
EWA,2020-01-31,-0.016784440435403947
EWA,2020-02-28,-0.09613634923513592
EWA,2020-03-31,-0.22763434513849912
EWA,2020-04-30,0.09652517084474965
EWA,2020-05-29,0.059859059951541393
EWA,2020-06-30,0.08301870531884958
EWA,2020-07-31,0.03321210193632873
EWA,2020-08-31,0.04419898644532316
EWA,2020-09-30,-0.05146724442933448
EWA,2020-10-30,0.0025355501283570447
EWA,2020-11-30,0.1492160752742251
EWA,2020-12-31,0.0630896805922716
EWA,2021-01-29,-0.008350911894581259
EWA,2021-02-26,0.03200020006502102
EWA,2021-03-31,0.011423865581146053
EWA,2021-04-30,0.04396931564739437
EWA,2021-05-28,0.03323023634156108
EWA,2021-06-30,-0.014757151060270424
EWA,2021-07-30,-0.00808300477771462
EWA,2021-08-31,0.005820778814859651
EWA,2021-09-30,-0.042438233176678275
EWA,2021-10-29,0.06607557476043668
EWA,2021-11-30,-0.07558582708189909
EWA,2021-12-31,0.051818114683887195
EWA,2022-01-31,-0.08014475379061237
EWA,2022-02-28,0.05297702682515326
EWA,2022-03-31,0.09896055447123286
EWA,2022-04-29,-0.0699961536579432
EWA,2022-05-31,0.00406822250458827
EWA,2022-06-30,-0.11324732255398184
EWA,2022-07-29,0.0716306001344773
EWA,2022-08-31,-0.03649980708184142
EWA,2022-09-30,-0.10451837199640412
EWA,2022-10-31,0.05606523693162857
EWA,2022-11-30,0.1433398783883144
EWA,2022-12-30,-0.04392429401369213
EWA,2023-01-31,0.11830861089052291
EWA,2023-02-28,-0.07964611727688398
EWA,2023-03-31,0.0026225806773190197
EWA,2023-04-28,0.008718287458010288
EWA,2023-05-31,-0.054883316878790334
EWA,2023-06-30,0.05038843778831259
EWA,2023-07-31,0.03592014531568233
EWA,2023-08-31,-0.049229478840733365
EWA,2023-09-29,-0.0315172119823951
EWA,2023-10-31,-0.035797375893461436
EWA,2023-11-30,0.08244945863523445
EWA,2023-12-29,0.10620259774473229
EWA,2024-01-31,-0.02958080478045022
EWA,2024-02-29,0.012701159242735294
EWA,2024-03-28,0.030936416641221598
EWA,2024-04-30,-0.053527957249764446
EWA,2024-05-31,0.05612674269880391
EWA,2024-06-28,0.01020243365163731
EWA,2024-07-31,0.02415067353272571
EWA,2024-08-30,0.03397281486439829
EWA,2024-09-30,0.04793197569340224
EWA,2024-10-31,-0.06492061943764071
EWA,2024-11-29,0.042603409115582025
EWA,2024-12-31,-0.08201729478674302
EWA,2025-01-31,0.03143330349037088
EWA,2025-02-28,-0.025192992041546014
EWA,2025-03-31,-0.022926078043278952
EWA,2025-04-30,0.05247432446284961
EWA,2025-05-30,0.04620988836572759
EWA,2025-06-30,0.03537705496781851
EWA,2025-07-31,-0.011398197021983747
EWA,2025-08-29,0.040737943671825816
EWA,2025-09-30,-0.0029542392574207765
EWA,2025-10-31,-0.00851848546172218
EWA,2025-11-28,-0.034366841002085646
EWA,2025-12-31,0.030470321549743495
EWA,2026-01-30,0.059564715044216454
EWA,2026-02-27,0.08432435340967093
EWA,2026-03-31,-0.07743440194256435
EWA,2026-04-30,0.06231990952382671
EWA,2026-05-29,-0.008138346312427602
EWA,2026-06-30,-0.023733590251056813
EWA,2026-07-31,0.04190342015517534
EWA,2026-08-31,0.023176561064734758
EWA,2026-09-18,-0.042305144516919135
EWC,2015-01-30,-0.07842470639481669
EWC,2015-02-27,0.0597579748450352
EWC,2015-03-31,-0.02997858893838523
EWC,2015-04-30,0.07137600451637538
EWC,2015-05-29,-0.04601653472111478
EWC,2015-06-30,-0.032574178741109905
EWC,2015-07-31,-0.0419944466514347
EWC,2015-08-31,-0.05009804497218662
EWC,2015-09-30,-0.05232767968061036
EWC,2015-10-30,0.03478241661420434
EWC,2015-11-30,-0.022268713200562562
EWC,2015-12-31,-0.06350795768875583
EWC,2016-01-29,-0.027441947315947957
EWC,2016-02-29,0.034433353482956175
EWC,2016-03-31,0.09616236176075699
EWC,2016-04-29,0.07127818670137454
EWC,2016-05-31,-0.03622057153612446
EWC,2016-06-30,0.009156480351099505
EWC,2016-07-29,0.02978361428422116
EWC,2016-08-31,0.0027733889975241066
EWC,2016-09-30,0.015013993566583173
EWC,2016-10-31,-0.01323478331377459
EWC,2016-11-30,0.026035533292728674
EWC,2016-12-30,0.015429908934974979
EWC,2017-01-31,0.039388146368385835
EWC,2017-02-28,-0.018027915741264722
EWC,2017-03-31,0.007118590970796035
EWC,2017-04-28,-0.023065296951527814
EWC,2017-05-31,-0.0038082653633410013
EWC,2017-06-30,0.03126186919369478
EWC,2017-07-31,0.042600858833920174
EWC,2017-08-31,-0.0010750310395704066
EWC,2017-09-29,0.03839252449858965
EWC,2017-10-31,-0.005183263895168988
EWC,2017-11-30,0.005210270100062697
EWC,2017-12-29,0.03730069697151106
EWC,2018-01-31,0.008097256717572776
EWC,2018-02-28,-0.06994652572513582
EWC,2018-03-29,-0.00827655335882449
EWC,2018-04-30,0.020682280439622946
EWC,2018-05-31,0.02168509600766977
EWC,2018-06-29,-2.3213882487416182e-4
EWC,2018-07-31,0.024552658903581603
EWC,2018-08-31,-0.014036434088341543
EWC,2018-09-28,-6.943446879065229e-4
EWC,2018-10-31,-0.07887417300082111
EWC,2018-11-30,0.0049037858285714275
EWC,2018-12-31,-0.08555599714891293
EWC,2019-01-31,0.12896487208225116
EWC,2019-02-28,0.029574945253922902
EWC,2019-03-29,-0.007540414749912072
EWC,2019-04-30,0.032923199173344075
EWC,2019-05-31,-0.042731936558883965
EWC,2019-06-28,0.05674247828165613
EWC,2019-07-31,-0.008036392743895338
EWC,2019-08-30,-0.007044819298916649
EWC,2019-09-30,0.025186359771807165
EWC,2019-10-31,-0.004152284007396312
EWC,2019-11-29,0.02953443139609746
EWC,2019-12-31,0.02234647945819468
EWC,2020-01-31,-0.007360252371428677
EWC,2020-02-28,-0.07010454736865512
EWC,2020-03-31,-0.20804635130368943
EWC,2020-04-30,0.11121287088631648
EWC,2020-05-29,0.035419926600803286
EWC,2020-06-30,0.039882568257286755
EWC,2020-07-31,0.05525510570092873
EWC,2020-08-31,0.0512631997125248
EWC,2020-09-30,-0.045280402934227526
EWC,2020-10-30,-0.03429394403757535
EWC,2020-11-30,0.14393642596312728
EWC,2020-12-31,0.031124748721261142
EWC,2021-01-29,-0.007782029130733892
EWC,2021-02-26,0.05130713572961598
EWC,2021-03-31,0.058439756478912086
EWC,2021-04-30,0.04581488636601638
EWC,2021-05-28,0.06346503538934956
EWC,2021-06-30,-0.009771697789614953
EWC,2021-07-30,0.0016097087853421677
EWC,2021-08-31,2.678536312137325e-4
EWC,2021-09-30,-0.027852029820735313
EWC,2021-10-29,0.07933872943946185
EWC,2021-11-30,-0.04594184035489368
EWC,2021-12-31,0.041176564201649946
EWC,2022-01-31,-0.006245237018945637
EWC,2022-02-28,7.856288177638948e-4
EWC,2022-03-31,0.052066945987963686
EWC,2022-04-29,-0.07858734448790894
EWC,2022-05-31,0.02105248836429796
EWC,2022-06-30,-0.10320822124658235
EWC,2022-07-29,0.048396618454509044
EWC,2022-08-31,-0.04587935239980445
EWC,2022-09-30,-0.08696942488876713
EWC,2022-10-31,0.07379723204833755
EWC,2022-11-30,0.06539512846229645
EWC,2022-12-30,-0.05628176983429001
EWC,2023-01-31,0.09471438097576423
EWC,2023-02-28,-0.049678998952710884
EWC,2023-03-31,0.00381762637036398
EWC,2023-04-28,0.0298421885082496
EWC,2023-05-31,-0.05511378104491871
EWC,2023-06-30,0.06266277964519729
EWC,2023-07-31,0.03115156980874434
EWC,2023-08-31,-0.038525309523657736
EWC,2023-09-29,-0.03545695915037905
EWC,2023-10-31,-0.0514046167253952
EWC,2023-11-30,0.10207941058628567
EWC,2023-12-29,0.0627067076942387
EWC,2024-01-31,-0.008996958823406787
EWC,2024-02-29,0.011554611493358458
EWC,2024-03-28,0.04106584334867969
EWC,2024-04-30,-0.035527639508120656
EWC,2024-05-31,0.03629474643243413
EWC,2024-06-28,-0.02148080942928543
EWC,2024-07-31,0.049339482817151614
EWC,2024-08-30,0.04033921471865609
EWC,2024-09-30,0.025438299266934195
EWC,2024-10-31,-0.021435394879663283
EWC,2024-11-29,0.06448432838161122
EWC,2024-12-31,-0.05578414199974557
EWC,2025-01-31,0.022828727121478654
EWC,2025-02-28,2.4261137859649118e-4
EWC,2025-03-31,-0.011642049488647555
EWC,2025-04-30,0.04171791307647266
EWC,2025-05-30,0.059128329630877774
EWC,2025-06-30,0.03447963867506698
EWC,2025-07-31,-4.328777877702361e-4
EWC,2025-08-29,0.056517946041509726
EWC,2025-09-30,0.03607298097585354
EWC,2025-10-31,0.0037586876193020924
EWC,2025-11-28,0.03862818396301004
EWC,2025-12-31,0.03245522099603981
EWC,2026-01-30,0.006118996291874845
EWC,2026-02-27,0.06855887861610399
EWC,2026-03-31,-0.05501898898973734
EWC,2026-04-30,0.06953821130636162
EWC,2026-05-29,0.003583643808317216
EWC,2026-06-30,-0.015286090724921153
EWC,2026-07-31,0.030360860835024317
EWC,2026-08-31,0.0343492328084265
EWC,2026-09-18,-0.019697201342366077
EWG,2015-01-30,0.028225446145700328
EWG,2015-02-27,0.0588236087897247
EWG,2015-03-31,0.004713792183788312
EWG,2015-04-30,-0.0073724776001617975
EWG,2015-05-29,-0.01721815679924099
EWG,2015-06-30,-0.025573624063782052
EWG,2015-07-31,0.01614053117127523
EWG,2015-08-31,-0.07024356155767897
EWG,2015-09-30,-0.0607438825467046
EWG,2015-10-30,0.09579610148849849
EWG,2015-11-30,0.005164293950133292
EWG,2015-12-31,-0.03889909853446205
EWG,2016-01-29,-0.07101950877062724
EWG,2016-02-29,-0.03986838982643082
EWG,2016-03-31,0.10145528728402575
EWG,2016-04-29,0.01943273974582138
EWG,2016-05-31,-0.011437232847011036
EWG,2016-06-30,-0.04987594549770491
EWG,2016-07-29,0.06652832982424073
EWG,2016-08-31,0.0218322792230079
EWG,2016-09-30,0.0022893429023302936
EWG,2016-10-31,-0.013704037544146841
EWG,2016-11-30,-0.04168278205543552
EWG,2016-12-30,0.0668191261541966
EWG,2017-01-31,0.03889719988530849
EWG,2017-02-28,3.6362132705503036e-4
EWG,2017-03-31,0.04469483049470857
EWG,2017-04-28,0.03234772193135704
EWG,2017-05-31,0.04514819747833965
EWG,2017-06-30,-0.005360304533959415
EWG,2017-07-31,0.014535836010409975
EWG,2017-08-31,0.0016280787920237572
EWG,2017-09-29,0.05429142037059953
EWG,2017-10-31,0.01973452169144796
EWG,2017-11-30,0.005140911023400863
EWG,2017-12-29,-0.004124583009072591
EWG,2018-01-31,0.06026640713051101
EWG,2018-02-28,-0.07369320789601308
EWG,2018-03-29,-0.012025775664831095
EWG,2018-04-30,0.013108577269156374
EWG,2018-05-31,-0.02526184951177146
EWG,2018-06-29,-0.029867322885574477
EWG,2018-07-31,0.04436286515836052
EWG,2018-08-31,-0.03449374238865777
EWG,2018-09-28,-0.016209011897465375
EWG,2018-10-31,-0.08372563189251547
EWG,2018-11-30,-0.01504588508070348
EWG,2018-12-31,-0.055514221237017436
EWG,2019-01-31,0.05680489842628145
EWG,2019-02-28,0.01903696133990751
EWG,2019-03-29,-0.013919495555989592
EWG,2019-04-30,0.06983647511205082
EWG,2019-05-31,-0.0652777099460331
EWG,2019-06-28,0.07050755578051904
EWG,2019-07-31,-0.043850189850406784
EWG,2019-08-30,-0.021252783742315207
EWG,2019-09-30,0.02514286890716222
EWG,2019-10-31,0.060943912311336446
EWG,2019-11-29,0.01366002882096895
EWG,2019-12-31,0.015895073807838278
EWG,2020-01-31,-0.02959182454273157
EWG,2020-02-28,-0.0809675234884073
EWG,2020-03-31,-0.18077775101198323
EWG,2020-04-30,0.09776511657162024
EWG,2020-05-29,0.09372370617050496
EWG,2020-06-30,0.062272679291139665
EWG,2020-07-31,0.04205077523642409
EWG,2020-08-31,0.06548682562013264
EWG,2020-09-30,-0.03222594338016371
EWG,2020-10-30,-0.09783729407303787
EWG,2020-11-30,0.1628613958700329
EWG,2020-12-31,0.05277970959500777
EWG,2021-01-29,-0.009757774970495792
EWG,2021-02-26,0.01748246979542456
EWG,2021-03-31,0.04467341975655148
EWG,2021-04-30,0.03528720014933939
EWG,2021-05-28,0.0335066577313885
EWG,2021-06-30,-0.01655210066638879
EWG,2021-07-30,-0.002312042147776694
EWG,2021-08-31,0.012456385789763491
EWG,2021-09-30,-0.05808289003936562
EWG,2021-10-29,0.02582009310675737
EWG,2021-11-30,-0.05803975717792731
EWG,2021-12-31,0.03938153222477503
EWG,2022-01-31,-0.023489925858896976
EWG,2022-02-28,-0.09153387283838177
EWG,2022-03-31,-0.02372767257471564
EWG,2022-04-29,-0.08383233713911331
EWG,2022-05-31,0.050749755120652607
EWG,2022-06-30,-0.13278906259443146
EWG,2022-07-29,0.024771719150068483
EWG,2022-08-31,-0.0737912438761803
EWG,2022-09-30,-0.09615382048123589
EWG,2022-10-31,0.10536983464731331
EWG,2022-11-30,0.1636113038260445
EWG,2022-12-30,-0.02564766739505764
EWG,2023-01-31,0.13384559202843604
EWG,2023-02-28,-0.026747535949087187
EWG,2023-03-31,0.04287269303319308
EWG,2023-04-28,0.03338031207274117
EWG,2023-05-31,-0.04862301105056854
EWG,2023-06-30,0.0490135679972763
EWG,2023-07-31,0.026251327585275153
EWG,2023-08-31,-0.047748980390587614
EWG,2023-09-29,-0.06160454168704921
EWG,2023-10-31,-0.038931286846417
EWG,2023-11-30,0.1282763189534708
EWG,2023-12-29,0.04512527435907754
EWG,2024-01-31,-0.02088243439629356
EWG,2024-02-29,0.05400749444816966
EWG,2024-03-28,0.0362271595075736
EWG,2024-04-30,-0.04062989094820868
EWG,2024-05-31,0.0525279306084665
EWG,2024-06-28,-0.021593966064484937
EWG,2024-07-31,0.01600256682905732
EWG,2024-08-30,0.04885891095215067
EWG,2024-09-30,0.03708239719082074
EWG,2024-10-31,-0.04491727979212223
EWG,2024-11-29,-0.0015469966795691459
EWG,2024-12-31,-0.013944848747484695
EWG,2025-01-31,0.088309304074907
EWG,2025-02-28,0.04158244286956325
EWG,2025-03-31,0.028001079187582434
EWG,2025-04-30,0.06499462354865426
EWG,2025-05-30,0.0628007263914756
EWG,2025-06-30,0.02486520449216556
EWG,2025-07-31,-0.02741665317019104
EWG,2025-08-29,0.017739970735034083
EWG,2025-09-30,-0.006447078726684263
EWG,2025-10-31,-0.021148725054043083
EWG,2025-11-28,0.004664777457432212
EWG,2025-12-31,0.03861195038832754
EWG,2026-01-30,0.014353001583221392
EWG,2026-02-27,0.028531609921652157
EWG,2026-03-31,-0.10532250579557723
EWG,2026-04-30,0.06528865768943781
EWG,2026-05-29,0.027685733040685
EWG,2026-06-30,-0.028325237908022105
EWG,2026-07-31,0.03577470583630249
EWG,2026-08-31,0.032205393634930246
EWG,2026-09-18,-0.047026860454094765
EWH,2015-01-30,0.056043074751673805
EWH,2015-02-27,0.0018457028206591009
EWH,2015-03-31,0.010133536695623224
EWH,2015-04-30,0.08481576254362522
EWH,2015-05-29,-0.004624006591053664
EWH,2015-06-30,-0.034809019182572065
EWH,2015-07-31,-0.014627784312883585
EWH,2015-08-31,-0.1327034326904345
EWH,2015-09-30,-0.008298747431979336
EWH,2015-10-30,0.07269865814780774
EWH,2015-11-30,-0.020477764272831656
EWH,2015-12-31,-0.0026876915770096543
EWH,2016-01-29,-0.09334004173475996
EWH,2016-02-29,0.006677967627477299
EWH,2016-03-31,0.09286908139211936
EWH,2016-04-29,5.057199470910323e-4
EWH,2016-05-31,-0.0015168781281366117
EWH,2016-06-30,0.011446206805404646
EWH,2016-07-29,0.0674155984789584
EWH,2016-08-31,0.006220205577257554
EWH,2016-09-30,0.046600112086498946
EWH,2016-10-31,-0.01999117933855299
EWH,2016-11-30,-0.018544039305583793
EWH,2016-12-30,-0.06995582242646592
EWH,2017-01-31,0.07956847423854829
EWH,2017-02-28,0.027579869428851156
EWH,2017-03-31,0.02961607769657082
EWH,2017-04-28,0.02921310718232517
EWH,2017-05-31,0.03275102604214375
EWH,2017-06-30,0.007390497305647337
EWH,2017-07-31,0.03627827971605746
EWH,2017-08-31,0.016886102461862507
EWH,2017-09-29,0
EWH,2017-10-31,-4.0499375087443834e-4
EWH,2017-11-30,0.039708434689012195
EWH,2017-12-29,0.01880551839142819
EWH,2018-01-31,0.04641996187691522
EWH,2018-02-28,-0.03834565796438938
EWH,2018-03-29,-0.010555292978660646
EWH,2018-04-30,0.015803940246041037
EWH,2018-05-31,0.01089078155331591
EWH,2018-06-29,-0.05391274233145937
EWH,2018-07-31,0.022717876970770545
EWH,2018-08-31,-0.024636294074015908
EWH,2018-09-28,-0.009524041529033855
EWH,2018-10-31,-0.10660522922920246
EWH,2018-11-30,0.0800184389669023
EWH,2018-12-31,-0.010521481552507761
EWH,2019-01-31,0.09570210586595884
EWH,2019-02-28,0.04569362926015419
EWH,2019-03-29,0.013534437840972968
EWH,2019-04-30,0.010301276976225404
EWH,2019-05-31,-0.06873108649170467
EWH,2019-06-28,0.06880412703362326
EWH,2019-07-31,-0.039799163359018785
EWH,2019-08-30,-0.08088533398091269
EWH,2019-09-30,-0.006129448732531739
EWH,2019-10-31,0.047577171433855314
EWH,2019-11-29,-0.010092530699774338
EWH,2019-12-31,0.04250902278382562
EWH,2020-01-31,-0.05836420488214955
EWH,2020-02-28,0.0026190169308848432
EWH,2020-03-31,-0.1319111977735271
EWH,2020-04-30,0.060682048258594135
EWH,2020-05-29,-0.06193838338229185
EWH,2020-06-30,0.0978918618080511
EWH,2020-07-31,-0.012166690919255707
EWH,2020-08-31,0.07531994668264219
EWH,2020-09-30,-0.03436131143718457
EWH,2020-10-30,-0.01916063725129802
EWH,2020-11-30,0.1065117599469727
EWH,2020-12-31,0.04517600789205711
EWH,2021-01-29,0.017045295257315463
EWH,2021-02-26,0.049880345141964266
EWH,2021-03-31,0.010262239125257366
EWH,2021-04-30,0.025959468272705566
EWH,2021-05-28,0.030436395800830685
EWH,2021-06-30,-0.035641156492629666
EWH,2021-07-30,-0.02395213513322003
EWH,2021-08-31,-0.011886528595023482
EWH,2021-09-30,-0.06946062535429887
EWH,2021-10-29,0.02335297861421326
EWH,2021-11-30,-0.05093743552070018
EWH,2021-12-31,0.006730526249211
EWH,2022-01-31,0.02242342084889315
EWH,2022-02-28,-0.04344141838490567
EWH,2022-03-31,-0.004850079393128426
EWH,2022-04-29,-0.053168027548356034
EWH,2022-05-31,0.03743570031820043
EWH,2022-06-30,0.016387179576978772
EWH,2022-07-29,-0.04279284278019502
EWH,2022-08-31,-0.038117546465103236
EWH,2022-09-30,-0.10763224299194007
EWH,2022-10-31,-0.11732456519046952
EWH,2022-11-30,0.24285712888295508
EWH,2022-12-30,0.06406569230383496
EWH,2023-01-31,0.04950016621325215
EWH,2023-02-28,-0.07573687327977485
EWH,2023-03-31,0.008341313570884523
EWH,2023-04-28,0.013625390561615713
EWH,2023-05-31,-0.09025430511967492
EWH,2023-06-30,0.036361389154435875
EWH,2023-07-31,0.035178435070818415
EWH,2023-08-31,-0.09295334674833311
EWH,2023-09-29,-0.05509662121025516
EWH,2023-10-31,-0.021574288415237675
EWH,2023-11-30,0.0017880051361931493
EWH,2023-12-29,0.059558292199399565
EWH,2024-01-31,-0.09729426140900443
EWH,2024-02-29,0.04145415933600605
EWH,2024-03-28,-0.04776485764088367
EWH,2024-04-30,0.0315113225839585
EWH,2024-05-31,0.042393825122731155
EWH,2024-06-28,-0.0651492490232427
EWH,2024-07-31,-0.003267917496058037
EWH,2024-08-30,0.06098371400865532
EWH,2024-09-30,0.15327555971017537
EWH,2024-10-31,-0.04233648592590078
EWH,2024-11-29,-0.024062781639418218
EWH,2024-12-31,-0.025031334917416936
EWH,2025-01-31,-0.009603824232467861
EWH,2025-02-28,0.06606063683916519
EWH,2025-03-31,-0.004548001205581076
EWH,2025-04-30,5.711120928579838e-4
EWH,2025-05-30,0.08105011112422811
EWH,2025-06-30,0.07130237339704482
EWH,2025-07-31,0.04229613093454421
EWH,2025-08-29,0.022222164239258158
EWH,2025-09-30,0.018430926072756648
EWH,2025-10-31,-4.639471824259278e-4
EWH,2025-11-28,0.03249769218910492
EWH,2025-12-31,-0.013836754841915266
EWH,2026-01-30,0.10023527265679344
EWH,2026-02-27,0.03550042353203331
EWH,2026-03-31,-0.04626181983652655
EWH,2026-04-30,0.027284483503953405
EWH,2026-05-29,-0.025716637588468427
EWH,2026-06-30,-0.08012991447084872
EWH,2026-07-31,0.10325047034104795
EWH,2026-08-31,-0.007365687905368401
EWH,2026-09-18,-0.020078528482601388
EWI,2015-01-30,0.005869438375388558
EWI,2015-02-27,0.08533938677541153
EWI,2015-03-31,-0.0053766532463053185
EWI,2015-04-30,0.031756794867938254
EWI,2015-05-29,0.018991729665225776
EWI,2015-06-30,-0.026034877576184612
EWI,2015-07-31,0.039623782329972324
EWI,2015-08-31,-0.04392762461954025
EWI,2015-09-30,-0.032432272667025974
EWI,2015-10-30,0.03421786596237286
EWI,2015-11-30,-0.028359418800181113
EWI,2015-12-31,-0.04223608868677109
EWI,2016-01-29,-0.12154296103796147
EWI,2016-02-29,-0.06545139161358937
EWI,2016-03-31,0.08156006112082848
EWI,2016-04-29,0.04180348708306547
EWI,2016-05-31,-0.04405987591721261
EWI,2016-06-30,-0.08174401117343
EWI,2016-07-29,0.03133631236943302
EWI,2016-08-31,0.008936785992785579
EWI,2016-09-30,-0.023914889301082654
EWI,2016-10-31,0.023593178747443933
EWI,2016-11-30,-0.03590405470503222
EWI,2016-12-30,0.12342695774074941
EWI,2017-01-31,-0.019413559920328005
EWI,2017-02-28,-0.0037910957869817796
EWI,2017-03-31,0.0883719948873245
EWI,2017-04-28,0.02758368495192154
EWI,2017-05-31,0.053686200565771225
EWI,2017-06-30,0.01542665094217388
EWI,2017-07-31,0.07050353850332813
EWI,2017-08-31,0.01780913037602172
EWI,2017-09-29,0.03532507667949414
EWI,2017-10-31,-0.012755053351998114
EWI,2017-11-30,0.00161502250081913
EWI,2017-12-29,-0.012972393210454736
EWI,2018-01-31,0.10972422491174272
EWI,2018-02-28,-0.061278940334574816
EWI,2018-03-29,0.013875764055452544
EWI,2018-04-30,0.04416786854600363
EWI,2018-05-31,-0.09770605150668576
EWI,2018-06-29,-0.019457372562227238
EWI,2018-07-31,0.033921963553965595
EWI,2018-08-31,-0.09273540519184786
EWI,2018-09-28,0.020664324358722563
EWI,2018-10-31,-0.09436018805538804
EWI,2018-11-30,0.01357291733086785
EWI,2018-12-31,-0.0341625814026113
EWI,2019-01-31,0.08095815050268151
EWI,2019-02-28,0.03744754400692041
EWI,2019-03-29,0.023572775268229318
EWI,2019-04-30,0.0179921151004534
EWI,2019-05-31,-0.08306825215736724
EWI,2019-06-28,0.09909262383574058
EWI,2019-07-31,-0.01887474042187054
EWI,2019-08-30,-0.004439354744601665
EWI,2019-09-30,0.02452599130253752
EWI,2019-10-31,0.04715275054473045
EWI,2019-11-29,6.926674401275257e-4
EWI,2019-12-31,0.028286250842365357
EWI,2020-01-31,-0.024406814599287063
EWI,2020-02-28,-0.0535092386781123
EWI,2020-03-31,-0.23751845706729047
EWI,2020-04-30,0.018295800144863872
EWI,2020-05-29,0.06193832270157773
EWI,2020-06-30,0.0835243677127846
EWI,2020-07-31,0.02699327031150256
EWI,2020-08-31,0.0408411212300952
EWI,2020-09-30,-0.052836157070631495
EWI,2020-10-30,-0.06439707364190639
EWI,2020-11-30,0.25208249980179853
EWI,2020-12-31,0.039300031266303215
EWI,2021-01-29,-0.037024444019364444
EWI,2021-02-26,0.0553791407596369
EWI,2021-03-31,0.053141789636697245
EWI,2021-04-30,0.00317358299412529
EWI,2021-05-28,0.060107468126000985
EWI,2021-06-30,-0.02171181401067357
EWI,2021-07-30,0.00308734906714192
EWI,2021-08-31,0.014158207627603892
EWI,2021-09-30,-0.03945376505384912
EWI,2021-10-29,0.05781985145359991
EWI,2021-11-30,-0.060334430517200666
EWI,2021-12-31,0.0575841007875888
EWI,2022-01-31,-0.01158187559051127
EWI,2022-02-28,-0.06722188907700244
EWI,2022-03-31,-0.02380146302673747
EWI,2022-04-29,-0.07111412068820977
EWI,2022-05-31,0.05103900796432104
EWI,2022-06-30,-0.13993363118114321
EWI,2022-07-29,0.023255890286261183
EWI,2022-08-31,-0.06087656407099873
EWI,2022-09-30,-0.07087299393789659
EWI,2022-10-31,0.11999990196837285
EWI,2022-11-30,0.1553156815605703
EWI,2022-12-30,-0.01684553047250681
EWI,2023-01-31,0.12360806385208689
EWI,2023-02-28,-0.008589482816462213
EWI,2023-03-31,0.01399544963956978
EWI,2023-04-28,0.04042054306466025
EWI,2023-05-31,-0.062539398159706
EWI,2023-06-30,0.09865565569817547
EWI,2023-07-31,0.05246618018084459
EWI,2023-08-31,-0.04179099060520286
EWI,2023-09-29,-0.05233650931808298
EWI,2023-10-31,-0.01709395541299219
EWI,2023-11-30,0.10300989423226747
EWI,2023-12-29,0.04161177453175191
EWI,2024-01-31,-0.012968019212044157
EWI,2024-02-29,0.06389978856268752
EWI,2024-03-28,0.058658342098059535
EWI,2024-04-30,-0.031018088560287538
EWI,2024-05-31,0.06238043046345143
EWI,2024-06-28,-0.054351766737399165
EWI,2024-07-31,0.03598327585705663
EWI,2024-08-30,0.046041908756492944
EWI,2024-09-30,0.002831334157894716
EWI,2024-10-31,-0.02412728699553912
EWI,2024-11-29,-0.044187183282962006
EWI,2024-12-31,0.004808704871619884
EWI,2025-01-31,0.07172639899318067
EWI,2025-02-28,0.05836567901165224
EWI,2025-03-31,0.03725511030449269
EWI,2025-04-30,0.044659577754550206
EWI,2025-05-30,0.08052490650772959
EWI,2025-06-30,0.02551847546993047
EWI,2025-07-31,0.0022849525413097815
EWI,2025-08-29,0.05803111745244394
EWI,2025-09-30,0.01762978592071973
EWI,2025-10-31,-0.002694888821897057
EWI,2025-11-28,0.02161744303972135
EWI,2025-12-31,0.03988142986416987
EWI,2026-01-30,0.028529385673209395
EWI,2026-02-27,0.025948497015136907
EWI,2026-03-31,-0.06820170197901976
EWI,2026-04-30,0.08124292931234756
EWI,2026-05-29,0.027873970068642118
EWI,2026-06-30,0.017499626203764773
EWI,2026-07-31,0.039837892113229634
EWI,2026-08-31,0.011038966266556871
EWI,2026-09-18,-0.03580603060283982
EWJ,2015-01-30,0.020426146513647714
EWJ,2015-02-27,0.07484764031084157
EWJ,2015-03-31,0.014574687884078674
EWJ,2015-04-30,0.026337032056548804
EWJ,2015-05-29,0.014774603548630472
EWJ,2015-06-30,-0.013404920630327832
EWJ,2015-07-31,0.009367424474736596
EWJ,2015-08-31,-0.0626448163523754
EWJ,2015-09-30,-0.05693074204898774
EWJ,2015-10-30,0.0778651191698192
EWJ,2015-11-30,0.004870189181442441
EWJ,2015-12-31,-0.013829473331422149
EWJ,2016-01-29,-0.05115479901985731
EWJ,2016-02-29,-0.05304357652111513
EWJ,2016-03-31,0.0477499822298999
EWJ,2016-04-29,8.764850881897157e-4
EWJ,2016-05-31,0.032399289402513576
EWJ,2016-06-30,-0.01691258063184431
EWJ,2016-07-29,0.04869539137348111
EWJ,2016-08-31,0.018242243211190612
EWJ,2016-09-30,0.02117253457029933
EWJ,2016-10-31,0.007176920495058248
EWJ,2016-11-30,-0.012470136884322303
EWJ,2016-12-30,-0.009230064759077061
EWJ,2017-01-31,0.034997888771995944
EWJ,2017-02-28,0.0130514147440981
EWJ,2017-03-31,0.005270277527954059
EWJ,2017-04-28,0.006990494228638733
EWJ,2017-05-31,0.02757392441040829
EWJ,2017-06-30,0.013238453619177859
EWJ,2017-07-31,0.020689825594399913
EWJ,2017-08-31,-9.132285145022623e-4
EWJ,2017-09-29,0.018278340661409542
EWJ,2017-10-31,0.05277318879373927
EWJ,2017-11-30,0.02148341467323367
EWJ,2017-12-29,0.006961437122531722
EWJ,2018-01-31,0.0502253765457743
EWJ,2018-02-28,-0.029710903137539102
EWJ,2018-03-29,-0.006385959025691501
EWJ,2018-04-30,-6.592180317985807e-4
EWJ,2018-05-31,-0.01484166570741896
EWJ,2018-06-29,-0.023128551689241772
EWJ,2018-07-31,0.01070640582023552
EWJ,2018-08-31,-0.005296573465760734
EWJ,2018-09-28,0.034524507285941475
EWJ,2018-10-31,-0.08949028980381324
EWJ,2018-11-30,0.009117382811167918
EWJ,2018-12-31,-0.07691051093622037
EWJ,2019-01-31,0.07082245217746341
EWJ,2019-02-28,0.001473948692151783
EWJ,2019-03-29,0.006622554691768645
EWJ,2019-04-30,0.012792343716825805
EWJ,2019-05-31,-0.04871891327670819
EWJ,2019-06-28,0.04470267306060283
EWJ,2019-07-31,-0.004214087533374489
EWJ,2019-08-30,-0.00791183853502564
EWJ,2019-09-30,0.05229970777584514
EWJ,2019-10-31,0.0341911516041975
EWJ,2019-11-29,0.01278118424081387
EWJ,2019-12-31,0.008695420043251856
EWJ,2020-01-31,-0.025152006860175824
EWJ,2020-02-28,-0.08294364724340664
EWJ,2020-03-31,-0.06740934646333352
EWJ,2020-04-30,0.04798521384769794
EWJ,2020-05-29,0.07051786387065295
EWJ,2020-06-30,-9.776511476731198e-4
EWJ,2020-07-31,-0.010742851989315239
EWJ,2020-08-31,0.06791814635417293
EWJ,2020-09-30,0.018097258621282197
EWJ,2020-10-30,-0.014051047510328707
EWJ,2020-11-30,0.10559752227193497
EWJ,2020-12-31,0.05335200536787266
EWJ,2021-01-29,-0.008436904374960252
EWJ,2021-02-26,0.01836088077030329
EWJ,2021-03-31,0.0043973928143035135
EWJ,2021-04-30,-0.016053728903943965
EWJ,2021-05-28,0.017205865833031186
EWJ,2021-06-30,-0.0079028099083015
EWJ,2021-07-30,-0.006366642966122438
EWJ,2021-08-31,0.01922231048621703
EWJ,2021-09-30,0.027046592811911463
EWJ,2021-10-29,-0.0263343386767505
EWJ,2021-11-30,-0.030263281859441493
EWJ,2021-12-31,0.0227702851671181
EWJ,2022-01-31,-0.043010701618066416
EWJ,2022-02-28,-0.01779043448252815
EWJ,2022-03-31,-0.021131186216730047
EWJ,2022-04-29,-0.08099336881865693
EWJ,2022-05-31,0.017308385488582267
EWJ,2022-06-30,-0.07390224250140698
EWJ,2022-07-29,0.06284296916783094
EWJ,2022-08-31,-0.04559204385985971
EWJ,2022-09-30,-0.08844941692222108
EWJ,2022-10-31,0.023336822518864153
EWJ,2022-11-30,0.11622318277285948
EWJ,2022-12-30,-0.022178191085433285
EWJ,2023-01-31,0.07770016561247184
EWJ,2023-02-28,-0.046531364446611434
EWJ,2023-03-31,0.04915971566913324
EWJ,2023-04-28,0.002555855206615165
EWJ,2023-05-31,0.008497513363220355
EWJ,2023-06-30,0.05032232161096628
EWJ,2023-07-31,0.024555679100814576
EWJ,2023-08-31,-0.02806683835428969
EWJ,2023-09-29,-0.021901350955305543
EWJ,2023-10-31,-0.022060096934190643
EWJ,2023-11-30,0.06190649552751548
EWJ,2023-12-29,0.03881003277289885
EWJ,2024-01-31,0.032273181208823276
EWJ,2024-02-29,0.04395107574695589
EWJ,2024-03-28,0.03226269184736208
EWJ,2024-04-30,-0.057182789548808954
EWJ,2024-05-31,0.025271359380230285
EWJ,2024-06-28,-0.003267725732627569
EWJ,2024-07-31,0.04000588384153003
EWJ,2024-08-30,0.014090501069450312
EWJ,2024-09-30,-0.00597467420104747
EWJ,2024-10-31,-0.048504363471411516
EWJ,2024-11-29,0.023799059106965448
EWJ,2024-12-31,-0.02212487876234237
EWJ,2025-01-31,0.01803279786098
EWJ,2025-02-28,0.0023423276994549713
EWJ,2025-03-31,0.0013144730643157576
EWJ,2025-04-30,0.041861070852793336
EWJ,2025-05-30,0.03765923689382378
EWJ,2025-06-30,0.019655671818987308
EWJ,2025-07-31,-0.018007146048385603
EWJ,2025-08-29,0.06329786705073093
EWJ,2025-09-30,0.02465514484318132
EWJ,2025-10-31,0.04039391868851716
EWJ,2025-11-28,-0.005272501752970893
EWJ,2025-12-31,0.009046999705594638
EWJ,2026-01-30,0.06167954515311491
EWJ,2026-02-27,0.07757819933034904
EWJ,2026-03-31,-0.08585037239358739
EWJ,2026-04-30,0.05518703775857192
EWJ,2026-05-29,0.04332212264660584
EWJ,2026-06-30,0.008786156893088926
EWJ,2026-07-31,-0.009434944624106878
EWJ,2026-08-31,0.037774628063917515
EWJ,2026-09-18,0.011681297232641663
EWL,2015-01-30,0.006977592333401006
EWL,2015-02-27,0.04944862600158584
EWL,2015-03-31,-0.0033013363423247677
EWL,2015-04-30,0.04004823667380775
EWL,2015-05-29,0.024898760698088163
EWL,2015-06-30,-0.05294048434045817
EWL,2015-07-31,0.04122119239602173
EWL,2015-08-31,-0.0668619151707891
EWL,2015-09-30,-0.03865501543805583
EWL,2015-10-30,0.038574845085057374
EWL,2015-11-30,-0.027699116410165425
EWL,2015-12-31,0.004855840986559556
EWL,2016-01-29,-0.06056702947566561
EWL,2016-02-29,-0.02846366540341405
EWL,2016-03-31,0.049417642736274914
EWL,2016-04-29,0.02959968479611952
EWL,2016-05-31,-0.002286766970373333
EWL,2016-06-30,-0.0033217397488574107
EWL,2016-07-29,0.018887235799524005
EWL,2016-08-31,-9.931096270856532e-4
EWL,2016-09-30,0.012259756061782756
EWL,2016-10-31,-0.05040921333687842
EWL,2016-11-30,-0.02275080989847178
EWL,2016-12-30,0.03979412958139217
EWL,2017-01-31,0.043109498516707756
EWL,2017-02-28,0.010087796603953203
EWL,2017-03-31,0.030283434146578525
EWL,2017-04-28,0.03939975973962517
EWL,2017-05-31,0.05084238161850263
EWL,2017-06-30,0.003133275054417295
EWL,2017-07-31,0.004663301584293178
EWL,2017-08-31,-0.004641656141853079
EWL,2017-09-29,0.02098505650091287
EWL,2017-10-31,-0.014273535712023833
EWL,2017-11-30,0.013032230696705449
EWL,2017-12-29,0.017152594931308496
EWL,2018-01-31,0.04468799191297701
EWL,2018-02-28,-0.0605326525977663
EWL,2018-03-29,-0.015750315838191642
EWL,2018-04-30,-0.00960136174585069
EWL,2018-05-31,-0.02262034137359681
EWL,2018-06-29,0.003619107120142795
EWL,2018-07-31,0.06507051534846253
EWL,2018-08-31,0.0020172642375717587
EWL,2018-09-28,-0.0023010137552134102
EWL,2018-10-31,-0.04583441078353201
EWL,2018-11-30,0.0033232285015003526
EWL,2018-12-31,-0.05088823762189454
EWL,2019-01-31,0.05710657900987237
EWL,2019-02-28,0.03751502511987703
EWL,2019-03-29,0.02314152270051939
EWL,2019-04-30,0.02346613564862432
EWL,2019-05-31,-0.0066297377537485325
EWL,2019-06-28,0.06593270345837277
EWL,2019-07-31,-0.01038360447090847
EWL,2019-08-30,0.008071087884253814
EWL,2019-09-30,0.006138143962574061
EWL,2019-10-31,0.02334236544898305
EWL,2019-11-29,0.008294508918238686
EWL,2019-12-31,0.044729990449212
EWL,2020-01-31,0.002460720312143172
EWL,2020-02-28,-0.07020143017004676
EWL,2020-03-31,-0.06652576469839389
EWL,2020-04-30,0.0429864984305548
EWL,2020-05-29,0.03877431034651946
EWL,2020-06-30,0.03367249537043304
EWL,2020-07-31,0.040297959078962275
EWL,2020-08-31,0.02960759161417048
EWL,2020-09-30,-0.015815997060874
EWL,2020-10-30,-0.05210606042090393
EWL,2020-11-30,0.09247345192664636
EWL,2020-12-31,0.05110798708484787
EWL,2021-01-29,-0.014547844413190014
EWL,2021-02-26,-0.018169244518466132
EWL,2021-03-31,0.022669187063067087
EWL,2021-04-30,0.047048167387453654
EWL,2021-05-28,0.05271132000449397
EWL,2021-06-30,0.016415327177728534
EWL,2021-07-30,0.033107099023006015
EWL,2021-08-31,0.011942576028412644
EWL,2021-09-30,-0.08379223149199999
EWL,2021-10-29,0.06977247532213005
EWL,2021-11-30,-0.009030671641683918
EWL,2021-12-31,0.06784110610788185
EWL,2022-01-31,-0.06447939905796252
EWL,2022-02-28,-0.028177537790451845
EWL,2022-03-31,0.024196911269123378
EWL,2022-04-29,-0.05498970390330904
EWL,2022-05-31,-0.018319159278443187
EWL,2022-06-30,-0.07003801476693716
EWL,2022-07-29,0.047194911858655875
EWL,2022-08-31,-0.0662220660444206
EWL,2022-09-30,-0.07781344508932864
EWL,2022-10-31,0.04432572608163432
EWL,2022-11-30,0.09665046878874706
EWL,2022-12-30,-0.022382759505614747
EWL,2023-01-31,0.07917950765222836
EWL,2023-02-28,-0.04154700941774414
EWL,2023-03-31,0.044962069296603735
EWL,2023-04-28,0.061120827154248714
EWL,2023-05-31,-0.0378456923518824
EWL,2023-06-30,0.02079391308210332
EWL,2023-07-31,0.03246041970594993
EWL,2023-08-31,-0.033116651207507064
EWL,2023-09-29,-0.05549546682379891
EWL,2023-10-31,-0.03787012726087202
EWL,2023-11-30,0.08349234899564162
EWL,2023-12-29,0.06274785141729522
EWL,2024-01-31,-0.015744840993634934
EWL,2024-02-29,-0.014523292177390679
EWL,2024-03-28,0.016659597928810888
EWL,2024-04-30,-0.04705884049461373
EWL,2024-05-31,0.08377428372340279
EWL,2024-06-28,0.0010738227251245736
EWL,2024-07-31,0.04584113181626792
EWL,2024-08-30,0.04819521342760713
EWL,2024-09-30,-0.014191170703288902
EWL,2024-10-31,-0.052783071736324905
EWL,2024-11-29,-0.02350558999858854
EWL,2024-12-31,-0.04627515305487584
EWL,2025-01-31,0.07854652447727228
EWL,2025-02-28,0.04357482681670688
EWL,2025-03-31,0.0011598706915074697
EWL,2025-04-30,0.0399690652148561
EWL,2025-05-30,0.024508029857498226
EWL,2025-06-30,0.012043670725379929
EWL,2025-07-31,-0.038131696397583514
EWL,2025-08-29,0.04950680236667715
EWL,2025-09-30,-0.0016266080321586385
EWL,2025-10-31,0.0021723676882179355
EWL,2025-11-28,0.04443640802727278
EWL,2025-12-31,0.03701135637203068
EWL,2026-01-30,0.026350937983712575
EWL,2026-02-27,0.05752359910095772
EWL,2026-03-31,-0.09634299865830298
EWL,2026-04-30,0.04353001713340987
EWL,2026-05-29,0.028678486994495378
EWL,2026-06-30,0.013172425303227708
EWL,2026-07-31,0.004932400649439339
EWL,2026-08-31,-0.00569981968368094
EWL,2026-09-18,-0.04394901839273313
EWM,2015-01-30,-0.015185940366280182
EWM,2015-02-27,0.04626063725017859
EWM,2015-03-31,-0.020633983192784977
EWM,2015-04-30,0.024078509503146384
EWM,2015-05-29,-0.05657611162005538
EWM,2015-06-30,-0.04457288588119146
EWM,2015-07-31,0.003303161204396554
EWM,2015-08-31,-0.16131696995814282
EWM,2015-09-30,-0.027477925445509643
EWM,2015-10-30,0.038345085875062246
EWM,2015-11-30,0.030126364136405126
EWM,2015-12-31,-0.003185247463832974
EWM,2016-01-29,0.04780375206032472
EWM,2016-02-29,-0.03452519113511476
EWM,2016-03-31,0.13793083629428238
EWM,2016-04-29,-0.04040382645664986
EWM,2016-05-31,-0.07368422839887412
EWM,2016-06-30,0.06029397262814995
EWM,2016-07-29,-0.009650413661392743
EWM,2016-08-31,-0.0036536456990065025
EWM,2016-09-30,-0.008557837055607864
EWM,2016-10-31,-0.016029452446761794
EWM,2016-11-30,-0.08239331883401957
EWM,2016-12-30,0.001437611140620243
EWM,2017-01-31,0.04061276991266238
EWM,2017-02-28,0.009585845967832629
EWM,2017-03-31,0.03357060409638524
EWM,2017-04-28,0.03969840075404307
EWM,2017-05-31,0.006626473957469958
EWM,2017-06-30,0.004816310555126879
EWM,2017-07-31,-6.307505392313395e-4
EWM,2017-08-31,0.007889143892384709
EWM,2017-09-29,0.01408879670630192
EWM,2017-10-31,-0.007100970043677934
EWM,2017-11-30,0.018656728696294422
EWM,2017-12-29,0.05318339589009713
EWM,2018-01-31,0.08007285814054454
EWM,2018-02-28,-0.01769150738907077
EWM,2018-03-29,0.033161619754172866
EWM,2018-04-30,-0.029883436624269732
EWM,2018-05-31,-0.06845431553191228
EWM,2018-06-29,-0.02637380068925832
EWM,2018-07-31,0.05965372501452504
EWM,2018-08-31,-0.01604133180853362
EWM,2018-09-28,-0.004921450204219746
EWM,2018-10-31,-0.0652241077114738
EWM,2018-11-30,-0.005952328403397988
EWM,2018-12-31,0.007893261111726613
EWM,2019-01-31,0.03325483789241046
EWM,2019-02-28,-0.006502030219463828
EWM,2019-03-29,-0.02028775042293396
EWM,2019-04-30,-0.007682173868709841
EWM,2019-05-31,-0.0030292193024773484
EWM,2019-06-28,0.02181559965212987
EWM,2019-07-31,-0.02825437122434893
EWM,2019-08-30,-0.03357553050320139
EWM,2019-09-30,-0.002507375694303149
EWM,2019-10-31,0.00969511328471162
EWM,2019-11-29,-0.020626013310021896
EWM,2019-12-31,0.04684894994700772
EWM,2020-01-31,-0.05892658950440077
EWM,2020-02-28,-0.05068956612621445
EWM,2020-03-31,-0.0891244470936352
EWM,2020-04-30,0.015086118300464468
EWM,2020-05-29,0.06581741173551325
EWM,2020-06-30,0.025327224327299946
EWM,2020-07-31,0.08330032984627911
EWM,2020-08-31,-0.02856097075859987
EWM,2020-09-30,-0.012815700626609638
EWM,2020-10-30,-0.03169147199136335
EWM,2020-11-30,0.09345428026141644
EWM,2020-12-31,0.03858615171829194
EWM,2021-01-29,-0.060763812366066094
EWM,2021-02-26,0.005545321756529331
EWM,2021-03-31,-0.003676348168393795
EWM,2021-04-30,0.025830272221148087
EWM,2021-05-28,-0.014388692219333588
EWM,2021-06-30,-0.03840071045140403
EWM,2021-07-30,-0.0332809465245838
EWM,2021-08-31,0.07492897379275054
EWM,2021-09-30,-0.045214654610976734
EWM,2021-10-29,0.03551691962388648
EWM,2021-11-30,-0.05221043790750779
EWM,2021-12-31,0.0394216710739177
EWM,2022-01-31,-0.021973756965298907
EWM,2022-02-28,0.05923221412599933
EWM,2022-03-31,-0.012341001711802746
EWM,2022-04-29,-0.03123770772234047
EWM,2022-05-31,-0.025796045195148887
EWM,2022-06-30,-0.07351688314565563
EWM,2022-07-29,0.029157128099502883
EWM,2022-08-31,-0.01195227223484141
EWM,2022-09-30,-0.09543001085871661
EWM,2022-10-31,0.03863285029858532
EWM,2022-11-30,0.08249897010434548
EWM,2022-12-30,0.015947293185844647
EWM,2023-01-31,0.041155811595024794
EWM,2023-02-28,-0.08578639034962199
EWM,2023-03-31,0.01977922390918363
EWM,2023-04-28,-0.01804246992742564
EWM,2023-05-31,-0.057418357784384866
EWM,2023-06-30,-0.007202924362591512
EWM,2023-07-31,0.09695146015885081
EWM,2023-08-31,-0.039635533408791335
EWM,2023-09-29,-0.02324479686475156
EWM,2023-10-31,0.001942721438419781
EWM,2023-11-30,0.02956869655680361
EWM,2023-12-29,0.018060930285900945
EWM,2024-01-31,-0.005176396740659728
EWM,2024-02-29,0.027909172284331873
EWM,2024-03-28,0.0027611201038175714
EWM,2024-04-30,0.01422679395519566
EWM,2024-05-31,0.03936632817379393
EWM,2024-06-28,-0.00653717260321951
EWM,2024-07-31,0.0552094685376896
EWM,2024-08-30,0.09367084321323493
EWM,2024-09-30,0.04359558960882537
EWM,2024-10-31,-0.08909422000917733
EWM,2024-11-29,-0.0012175240959785283
EWM,2024-12-31,0.015249434727663491
EWM,2025-01-31,-0.045250735436972556
EWM,2025-02-28,0.010674597430684996
EWM,2025-03-31,-0.024926067364155702
EWM,2025-04-30,0.04722704500425179
EWM,2025-05-30,-0.008688551830573044
EWM,2025-06-30,0.037586736205997395
EWM,2025-07-31,-0.03492193719154624
EWM,2025-08-29,0.0587485239127814
EWM,2025-09-30,0.042219510916804204
EWM,2025-10-31,-0.0027006662727065978
EWM,2025-11-28,0.0224371082043342
EWM,2025-12-31,0.051686648500750554
EWM,2026-01-30,0.06652046346684748
EWM,2026-02-27,0.0013707094522306118
EWM,2026-03-31,-0.027720670880172937
EWM,2026-04-30,0.03379090154025799
EWM,2026-05-29,-0.027238698695676855
EWM,2026-06-30,-0.03713772035527385
EWM,2026-07-31,0.041929466744970556
EWM,2026-08-31,0.011039867050735674
EWM,2026-09-18,-0.03839380683415328
EWN,2015-01-30,0.00798329346896498
EWN,2015-02-27,0.06669440053079279
EWN,2015-03-31,-0.012114112566731339
EWN,2015-04-30,0.032832352886224214
EWN,2015-05-29,0.017617644751415806
EWN,2015-06-30,-0.021696014295023658
EWN,2015-07-31,0.03152982199194021
EWN,2015-08-31,-0.07660385662520153
EWN,2015-09-30,-0.0437270206665612
EWN,2015-10-30,0.06837594911038058
EWN,2015-11-30,-0.01079982333753704
EWN,2015-12-31,-0.030057801546036544
EWN,2016-01-29,-0.019714752496233334
EWN,2016-02-29,-0.026958036246603978
EWN,2016-03-31,0.08179446553071434
EWN,2016-04-29,0.004878098355651117
EWN,2016-05-31,0.007685732373451382
EWN,2016-06-30,-0.05720208865956056
EWN,2016-07-29,0.04017267205636488
EWN,2016-08-31,0.03156150151609394
EWN,2016-09-30,0.008856691064970335
EWN,2016-10-31,-0.02314444901053736
EWN,2016-11-30,-0.03880726059898909
EWN,2016-12-30,0.03962380552241207
EWN,2017-01-31,0.02443069930099062
EWN,2017-02-28,0.02869851711436855
EWN,2017-03-31,0.05343821522339631
EWN,2017-04-28,0.047370215333915056
EWN,2017-05-31,0.048789296381618774
EWN,2017-06-30,-0.005768097750248002
EWN,2017-07-31,0.06256497035661934
EWN,2017-08-31,-0.0032531625943672537
EWN,2017-09-29,0.024477710301090694
EWN,2017-10-31,0.009875940497386715
EWN,2017-11-30,-0.005362858439276197
EWN,2017-12-29,0.01204671072111152
EWN,2018-01-31,0.05798906550310967
EWN,2018-02-28,-0.05242779892084437
EWN,2018-03-29,0.005029881607937936
EWN,2018-04-30,0.00500470851661694
EWN,2018-05-31,-0.024276376950389422
EWN,2018-06-29,-0.011161172492020643
EWN,2018-07-31,0.039659015959781385
EWN,2018-08-31,-0.021437555253682516
EWN,2018-09-28,-0.02738386233233925
EWN,2018-10-31,-0.07982781024961039
EWN,2018-11-30,0.023398134129227977
EWN,2018-12-31,-0.07045668194973498
EWN,2019-01-31,0.07718630960650086
EWN,2019-02-28,0.04624078387839736
EWN,2019-03-29,0.008434494532992609
EWN,2019-04-30,0.06189373364724604
EWN,2019-05-31,-0.06584743909643109
EWN,2019-06-28,0.06566190146497175
EWN,2019-07-31,-3.2424224850136074e-4
EWN,2019-08-30,-0.007460346907057658
EWN,2019-09-30,0.02483676350240649
EWN,2019-10-31,0.019770237290491766
EWN,2019-11-29,0.019387090049808098
EWN,2019-12-31,0.042970164872412564
EWN,2020-01-31,-0.03455402897156368
EWN,2020-02-28,-0.06882827537066649
EWN,2020-03-31,-0.14618928754346716
EWN,2020-04-30,0.0950364806059365
EWN,2020-05-29,0.07940987017715928
EWN,2020-06-30,0.0712267202342447
EWN,2020-07-31,0.038214641971036745
EWN,2020-08-31,0.04063580998532346
EWN,2020-09-30,-0.014430909882589327
EWN,2020-10-30,-0.024978575055744856
EWN,2020-11-30,0.14575975103426164
EWN,2020-12-31,0.06590823644178889
EWN,2021-01-29,0.023705875307330926
EWN,2021-02-26,0.04017032667666465
EWN,2021-03-31,0.04838710630613452
EWN,2021-04-30,0.041603257760000734
EWN,2021-05-28,0.029748352485113205
EWN,2021-06-30,-0.014694859873539245
EWN,2021-07-30,0.031165876726692687
EWN,2021-08-31,0.05984806698184597
EWN,2021-09-30,-0.06987730689642246
EWN,2021-10-29,0.05786803966004239
EWN,2021-11-30,-0.05623803960459561
EWN,2021-12-31,0.025117320945238886
EWN,2022-01-31,-0.07606528917738586
EWN,2022-02-28,-0.07693961763995105
EWN,2022-03-31,-0.011674081573088357
EWN,2022-04-29,-0.09213328755095396
EWN,2022-05-31,0.027582705963843157
EWN,2022-06-30,-0.10090131129758462
EWN,2022-07-29,0.08528224059279599
EWN,2022-08-31,-0.09960585085187756
EWN,2022-09-30,-0.10770571532503548
EWN,2022-10-31,0.07131156925997684
EWN,2022-11-30,0.19022897341945755
EWN,2022-12-30,-0.03857858120545821
EWN,2023-01-31,0.13319007880205325
EWN,2023-02-28,-0.03317539186354301
EWN,2023-03-31,0.034313764445330186
EWN,2023-04-28,0.0028436848424084893
EWN,2023-05-31,-0.01063335573718538
EWN,2023-06-30,0.04520145148291044
EWN,2023-07-31,0.03234751724871843
EWN,2023-08-31,-0.07676818590730361
EWN,2023-09-29,-0.0783029508122578
EWN,2023-10-31,-0.01499214444753083
EWN,2023-11-30,0.12630173873553696
EWN,2023-12-29,0.06594246110101887
EWN,2024-01-31,0.020389992588488504
EWN,2024-02-29,0.04830912393119524
EWN,2024-03-28,0.036447325059195235
EWN,2024-04-30,-0.034559283195311985
EWN,2024-05-31,0.07159284742153571
EWN,2024-06-28,-0.007784030717184587
EWN,2024-07-31,-0.015926780286494413
EWN,2024-08-30,0.027513822618107975
EWN,2024-09-30,0.0013781884038199799
EWN,2024-10-31,-0.08238314582502104
EWN,2024-11-29,-0.023569690101346796
EWN,2024-12-31,-0.015239482711601693
EWN,2025-01-31,0.04180713606401465
EWN,2025-02-28,0.017691467528685
EWN,2025-03-31,-0.009327982469586105
EWN,2025-04-30,0.045367035964232194
EWN,2025-05-30,0.08188335312879458
EWN,2025-06-30,0.045059557998593514
EWN,2025-07-31,-0.05944958022256974
EWN,2025-08-29,0.033944602477412156
EWN,2025-09-30,0.09452823299394941
EWN,2025-10-31,0.013618354476237604
EWN,2025-11-28,-0.010714248307050589
EWN,2025-12-31,0.017834924408954844
EWN,2026-01-30,0.09188145781768275
EWN,2026-02-27,0.00851129665896333
EWN,2026-03-31,-0.08423566760795642
EWN,2026-04-30,0.09041904933249412
EWN,2026-05-29,0.06904799272948181
EWN,2026-06-30,0.05951099054282616
EWN,2026-07-31,-0.05004260486676004
EWN,2026-08-31,0.022448368854395273
EWN,2026-09-18,-0.019174437418696177
EWP,2015-01-30,-0.06718149891588254
EWP,2015-02-27,0.07171347332966516
EWP,2015-03-31,-0.005433388119904126
EWP,2015-04-30,0.03277746727405839
EWP,2015-05-29,-0.03062335945459249
EWP,2015-06-30,-0.020924737066286947
EWP,2015-07-31,0.02116257118372422
EWP,2015-08-31,-0.0650904847865097
EWP,2015-09-30,-0.07399301183992413
EWP,2015-10-30,0.06035046012029377
EWP,2015-11-30,-0.0317963524386623
EWP,2015-12-31,-0.05470791054926816
EWP,2016-01-29,-0.0675628887948373
EWP,2016-02-29,-0.050076021984132524
EWP,2016-03-31,0.08546337605868892
EWP,2016-04-29,0.061074338342300694
EWP,2016-05-31,-0.031206577868976626
EWP,2016-06-30,-0.08744179273051556
EWP,2016-07-29,0.05124101076968457
EWP,2016-08-31,0.009139384792565153
EWP,2016-09-30,0.012075450776389607
EWP,2016-10-31,0.023489981643435742
EWP,2016-11-30,-0.08306038279484529
EWP,2016-12-30,0.08041827974806637
EWP,2017-01-31,0.0365898244496321
EWP,2017-02-28,-0.006549976260959656
EWP,2017-03-31,0.11391941739786371
EWP,2017-04-28,0.04965452208022603
EWP,2017-05-31,0.04542609017864008
EWP,2017-06-30,-0.00664418478647133
EWP,2017-07-31,0.03928137718204594
EWP,2017-08-31,-0.012305830785513394
EWP,2017-09-29,8.899824621102503e-4
EWP,2017-10-31,0.0029637693442212676
EWP,2017-11-30,-0.005910097889448296
EWP,2017-12-29,-0.008657399995192328
EWP,2018-01-31,0.08666475121290462
EWP,2018-02-28,-0.07750646080143053
EWP,2018-03-29,-0.010350057023211123
EWP,2018-04-30,0.023069890206516508
EWP,2018-05-31,-0.08268182925306533
EWP,2018-06-29,0.010016751096462606
EWP,2018-07-31,0.04019744651645518
EWP,2018-08-31,-0.0585998134078205
EWP,2018-09-28,-0.003701063383950265
EWP,2018-10-31,-0.06484319079381529
EWP,2018-11-30,0.029252451184070605
EWP,2018-12-31,-0.04108792948163853
EWP,2019-01-31,0.06860539356723416
EWP,2019-02-28,0.0146547190241344
EWP,2019-03-29,-0.01616218125994251
EWP,2019-04-30,0.04788519257454982
EWP,2019-05-31,-0.061374298674101824
EWP,2019-06-28,0.041682737903658396
EWP,2019-07-31,-0.050847225808620444
EWP,2019-08-30,-0.02623913412220269
EWP,2019-09-30,0.04191616873229154
EWP,2019-10-31,0.027298774849191965
EWP,2019-11-29,-0.008042050297648928
EWP,2019-12-31,0.04360185236106351
EWP,2020-01-31,-0.03146615892884608
EWP,2020-02-28,-0.06140673310238909
EWP,2020-03-31,-0.22708246379997665
EWP,2020-04-30,0.022145524921673543
EWP,2020-05-29,0.04573905371353404
EWP,2020-06-30,0.0439466371063133
EWP,2020-07-31,0.008014247733951763
EWP,2020-08-31,0.022526179915853817
EWP,2020-09-30,-0.060042890481134537
EWP,2020-10-30,-0.034467035737696716
EWP,2020-11-30,0.2741550929392007
EWP,2020-12-31,0.027969277211745247
EWP,2021-01-29,-0.037722069726491725
EWP,2021-02-26,0.0388163778093904
EWP,2021-03-31,0.01331849506962568
EWP,2021-04-30,0.05585974108654357
EWP,2021-05-28,0.06293224026274546
EWP,2021-06-30,-0.06229531263870669
EWP,2021-07-30,-0.0225193081171281
EWP,2021-08-31,0.011878970430288405
EWP,2021-09-30,-0.04055501300079467
EWP,2021-10-29,0.04820183188353577
EWP,2021-11-30,-0.10222872499017677
EWP,2021-12-31,0.05305214803400293
EWP,2022-01-31,0.004187228889231065
EWP,2022-02-28,-0.030325812868289725
EWP,2022-03-31,-0.004691233059281319
EWP,2022-04-29,-0.03495688090191684
EWP,2022-05-31,0.06837617831171316
EWP,2022-06-30,-0.09871892958840656
EWP,2022-07-29,-0.016294848634900605
EWP,2022-08-31,-0.05100272206890066
EWP,2022-09-30,-0.08957280506269194
EWP,2022-10-31,0.1059535550366093
EWP,2022-11-30,0.11815687069046943
EWP,2022-12-30,0.0017553099051357268
EWP,2023-01-31,0.11290333522729923
EWP,2023-02-28,0.018580390376694345
EWP,2023-03-31,0.01678221193103635
EWP,2023-04-28,0.02511663588430224
EWP,2023-05-31,-0.05425276118121991
EWP,2023-06-30,0.0832647122455763
EWP,2023-07-31,0.015224935707856213
EWP,2023-08-31,-0.02931157200932355
EWP,2023-09-29,-0.034410187150755056
EWP,2023-10-31,-0.026908976647485372
EWP,2023-11-30,0.14050813921351812
EWP,2023-12-29,0.018929598300245987
EWP,2024-01-31,-0.03527098222266689
EWP,2024-02-29,-0.009478774666868306
EWP,2024-03-28,0.09945311281734504
EWP,2024-04-30,-0.0276654142759154
EWP,2024-05-31,0.07608684928504572
EWP,2024-06-28,-0.057021752561695616
EWP,2024-07-31,0.038744806322950076
EWP,2024-08-30,0.04469795451869962
EWP,2024-09-30,0.041310161681870516
EWP,2024-10-31,-0.03882126471103531
EWP,2024-11-29,-0.035082516794524676
EWP,2024-12-31,-0.027064971409675898
EWP,2025-01-31,0.06247998992993131
EWP,2025-02-28,0.09366469650302833
EWP,2025-03-31,0.054878105196004556
EWP,2025-04-30,0.06673663831012222
EWP,2025-05-30,0.0662562532031945
EWP,2025-06-30,0.0286048384772164
EWP,2025-07-31,0.015671143473253046
EWP,2025-08-29,0.06686041990412517
EWP,2025-09-30,0.03751837624081067
EWP,2025-10-31,0.013535334659428688
EWP,2025-11-28,0.029699036231698006
EWP,2025-12-31,0.058050533816329075
EWP,2026-01-30,0.04414766413836424
EWP,2026-02-27,0.016876907643380124
EWP,2026-03-31,-0.05118801115341687
EWP,2026-04-30,0.04345420855802162
EWP,2026-05-29,0.021881079939509718
EWP,2026-06-30,0.041958404202760535
EWP,2026-07-31,0.03519111254532481
EWP,2026-08-31,0.01496424838146826
EWP,2026-09-18,-0.029166661062811294
EWQ,2015-01-30,0.01753703867901879
EWQ,2015-02-27,0.06212425938500643
EWQ,2015-03-31,-0.019622610475924618
EWQ,2015-04-30,0.04541922552218303
EWQ,2015-05-29,-0.008468047914642618
EWQ,2015-06-30,-0.028372286715374395
EWQ,2015-07-31,0.04080860233393824
EWQ,2015-08-31,-0.06572071546035319
EWQ,2015-09-30,-0.03796966455360373
EWQ,2015-10-30,0.07145829974191131
EWQ,2015-11-30,-0.02326480350374527
EWQ,2015-12-31,-0.03539015835912607
EWQ,2016-01-29,-0.03800074396457154
EWQ,2016-02-29,-0.02533266935263745
EWQ,2016-03-31,0.06519826137969664
EWQ,2016-04-29,0.023573173995864893
EWQ,2016-05-31,-0.00202025226270941
EWQ,2016-06-30,-0.05023805173451579
EWQ,2016-07-29,0.04722331247131861
EWQ,2016-08-31,-0.0033404725524730505
EWQ,2016-09-30,0.012149186236409149
EWQ,2016-10-31,-0.004552801354874791
EWQ,2016-11-30,-0.024948179707731555
EWQ,2016-12-30,0.05580124635135886
EWQ,2017-01-31,0.013781676726920988
EWQ,2017-02-28,-0.003998429833091843
EWQ,2017-03-31,0.06423120528764947
EWQ,2017-04-28,0.0569596263636587
EWQ,2017-05-31,0.04889372424771499
EWQ,2017-06-30,-0.004684257698077676
EWQ,2017-07-31,0.023643811324473685
EWQ,2017-08-31,0.008831873258107192
EWQ,2017-09-29,0.04040368865249855
EWQ,2017-10-31,0.015857461959837282
EWQ,2017-11-30,-9.554307671708617e-4
EWQ,2017-12-29,-0.0014365779870734174
EWQ,2018-01-31,0.06758490975501452
EWQ,2018-02-28,-0.051005087988202025
EWQ,2018-03-29,-0.0072714364368047235
EWQ,2018-04-30,0.04076435222489572
EWQ,2018-05-31,-0.0263157757656437
EWQ,2018-06-29,-0.021042680875435704
EWQ,2018-07-31,0.039318553764104536
EWQ,2018-08-31,-0.02206807324706206
EWQ,2018-09-28,0.011927626805061209
EWQ,2018-10-31,-0.09493472331177999
EWQ,2018-11-30,-0.011615613598772057
EWQ,2018-12-31,-0.05119623022482789
EWQ,2019-01-31,0.06146335015627691
EWQ,2019-02-28,0.04262887393998205
EWQ,2019-03-29,0.004088490134613432
EWQ,2019-04-30,0.048184394465642155
EWQ,2019-05-31,-0.0611847179786581
EWQ,2019-06-28,0.08321075354469998
EWQ,2019-07-31,-0.028058653989750937
EWQ,2019-08-30,-0.010070666807838191
EWQ,2019-09-30,0.02204159629466962
EWQ,2019-10-31,0.036164372370911524
EWQ,2019-11-29,0.013768887965453391
EWQ,2019-12-31,0.03538921255820715
EWQ,2020-01-31,-0.040048958429738435
EWQ,2020-02-28,-0.07866247335855536
EWQ,2020-03-31,-0.18976832676325062
EWQ,2020-04-30,0.044368462832309774
EWQ,2020-05-29,0.059232111146305666
EWQ,2020-06-30,0.0644378288266787
EWQ,2020-07-31,0.01932884477616459
EWQ,2020-08-31,0.046869368872112016
EWQ,2020-09-30,-0.04511265109071316
EWQ,2020-10-30,-0.04545464621923678
EWQ,2020-11-30,0.2182227000030621
EWQ,2020-12-31,0.028761091470373312
EWQ,2021-01-29,-0.026157474276385817
EWQ,2021-02-26,0.04569299433380625
EWQ,2021-03-31,0.028343884910705164
EWQ,2021-04-30,0.0617285309939668
EWQ,2021-05-28,0.05408305303515237
EWQ,2021-06-30,-0.018173879414078886
EWQ,2021-07-30,0.012945865563596781
EWQ,2021-08-31,0.00860702882623321
EWQ,2021-09-30,-0.036979547477161034
EWQ,2021-10-29,0.05558532778292791
EWQ,2021-11-30,-0.038666876936752304
EWQ,2021-12-31,0.05694022631137696
EWQ,2022-01-31,-0.02546306109061447
EWQ,2022-02-28,-0.06756377729749996
EWQ,2022-03-31,0
EWQ,2022-04-29,-0.06736490873328804
EWQ,2022-05-31,0.04097112937213776
EWQ,2022-06-30,-0.0999402110756612
EWQ,2022-07-29,0.06531157998543735
EWQ,2022-08-31,-0.0728808901266087
EWQ,2022-09-30,-0.09581644011648172
EWQ,2022-10-31,0.10783586188008343
EWQ,2022-11-30,0.1377567245854101
EWQ,2022-12-30,-0.01595929115039607
EWQ,2023-01-31,0.1159419526137595
EWQ,2023-02-28,-0.01190466729713191
EWQ,2023-03-31,0.035049302870983734
EWQ,2023-04-28,0.046825342037276174
EWQ,2023-05-31,-0.06494809860184492
EWQ,2023-06-30,0.0645062198892643
EWQ,2023-07-31,0.016091555251495304
EWQ,2023-08-31,-0.03805894478113625
EWQ,2023-09-29,-0.05496540439385322
EWQ,2023-10-31,-0.03203147423163999
EWQ,2023-11-30,0.0905660165251414
EWQ,2023-12-29,0.04957491790642932
EWQ,2024-01-31,-0.01046456713535382
EWQ,2024-02-29,0.03714212594912625
EWQ,2024-03-28,0.029843206964234703
EWQ,2024-04-30,-0.033083612636297555
EWQ,2024-05-31,0.041458431050747535
EWQ,2024-06-28,-0.07328271784494622
EWQ,2024-07-31,0.019322424428010576
EWQ,2024-08-30,0.03557516477793565
EWQ,2024-09-30,0.013039053665203415
EWQ,2024-10-31,-0.061633614592361274
EWQ,2024-11-29,-0.04378798852912347
EWQ,2024-12-31,-0.0027958392377374075
EWQ,2025-01-31,0.07664419397534328
EWQ,2025-02-28,0.02355695451963613
EWQ,2025-03-31,0.006575612486362736
EWQ,2025-04-30,0.031155737528792304
EWQ,2025-05-30,0.03533146396855158
EWQ,2025-06-30,0.030243602827229044
EWQ,2025-07-31,-0.020093531404873355
EWQ,2025-08-29,0.015498346325763857
EWQ,2025-09-30,0.031462852299387833
EWQ,2025-10-31,0.007967138480301283
EWQ,2025-11-28,0.006549274123226256
EWQ,2025-12-31,0.01454329939065957
EWQ,2026-01-30,0.008001651550603173
EWQ,2026-02-27,0.05556788098776999
EWQ,2026-03-31,-0.0937957088481356
EWQ,2026-04-30,0.044951677642063315
EWQ,2026-05-29,0.014118653036040207
EWQ,2026-06-30,0.011845503013946823
EWQ,2026-07-31,0.024653289112066545
EWQ,2026-08-31,-0.014822741955270446
EWQ,2026-09-18,-0.04688184686577623
EWS,2015-01-30,-0.015420225737623805
EWS,2015-02-27,0.00391507139631031
EWS,2015-03-31,-0.0015599694206579473
EWS,2015-04-30,0.06875010831659645
EWS,2015-05-29,-0.05847975145658002
EWS,2015-06-30,-0.010290033161477918
EWS,2015-07-31,-0.04216421716251317
EWS,2015-08-31,-0.12126234163055283
EWS,2015-09-30,-0.03875253828260694
EWS,2015-10-30,0.09341216797786811
EWS,2015-11-30,-0.054855993182275076
EWS,2015-12-31,0.002428756628800821
EWS,2016-01-29,-0.08657571860887292
EWS,2016-02-29,0.03301374709881122
EWS,2016-03-31,0.11958769392649082
EWS,2016-04-29,9.207878171302308e-4
EWS,2016-05-31,-0.04139821993885828
EWS,2016-06-30,0.049481043845431394
EWS,2016-07-29,0.004599831780911057
EWS,2016-08-31,-0.030219519090835423
EWS,2016-09-30,0.02549537176289829
EWS,2016-10-31,-0.046961233212372
EWS,2016-11-30,0.016907985625489674
EWS,2016-12-30,-0.022418525381585508
EWS,2017-01-31,0.09232302832322947
EWS,2017-02-28,0.02526400198104306
EWS,2017-03-31,0.021953257795076953
EWS,2017-04-28,0.007453217132634249
EWS,2017-05-31,0.03089641095466633
EWS,2017-06-30,0.007901500545441031
EWS,2017-07-31,0.05207440592421908
EWS,2017-08-31,-0.003621868766587877
EWS,2017-09-29,-0.013327889314166508
EWS,2017-10-31,0.045026751328263837
EWS,2017-11-30,0.035644336007303545
EWS,2017-12-29,0.005030445551003293
EWS,2018-01-31,0.061319060395625735
EWS,2018-02-28,-0.03015977598088948
EWS,2018-03-29,-7.494398038100369e-4
EWS,2018-04-30,0.04461937946614447
EWS,2018-05-31,-0.051328139438004405
EWS,2018-06-29,-0.0743168754163328
EWS,2018-07-31,0.017924313410260906
EWS,2018-08-31,-0.02538912694463924
EWS,2018-09-28,0.019747835592047513
EWS,2018-10-31,-0.08364216856983664
EWS,2018-11-30,0.031025261610652333
EWS,2018-12-31,-0.016900281360160307
EWS,2019-01-31,0.06606346097861171
EWS,2019-02-28,-0.003820102036492301
EWS,2019-03-29,0.011077969475218108
EWS,2019-04-30,0.05941825604032669
EWS,2019-05-31,-0.09148762631473661
EWS,2019-06-28,0.10243490351472784
EWS,2019-07-31,-0.02145756141271593
EWS,2019-08-30,-0.05502673151345738
EWS,2019-09-30,0.01576156978997778
EWS,2019-10-31,0.04784471961989456
EWS,2019-11-29,-0.009460917081477671
EWS,2019-12-31,0.031148896029598916
EWS,2020-01-31,-0.0517813982811548
EWS,2020-02-28,-0.04630844025771086
EWS,2020-03-31,-0.20522204333643235
EWS,2020-04-30,0.06743505782221071
EWS,2020-05-29,-0.015118856766945354
EWS,2020-06-30,0.04079409196222561
EWS,2020-07-31,-0.007458842929138898
EWS,2020-08-31,0.02308109570180661
EWS,2020-09-30,-0.017838395344899283
EWS,2020-10-30,-0.036858997125224224
EWS,2020-11-30,0.173044894591192
EWS,2020-12-31,0.03285743211692704
EWS,2021-01-29,0.0027933765529204457
EWS,2021-02-26,0.02460527520193212
EWS,2021-03-31,0.06116915822512459
EWS,2021-04-30,0.02177620293423299
EWS,2021-05-28,0.006268206168473123
EWS,2021-06-30,-0.023486249757828537
EWS,2021-07-30,0.010757178204588547
EWS,2021-08-31,-0.01660263805391582
EWS,2021-09-30,-0.014285733795408984
EWS,2021-10-29,0.056214317458321394
EWS,2021-11-30,-0.06528081073974268
EWS,2021-12-31,-0.003988628592494159
EWS,2022-01-31,-0.014025046615039338
EWS,2022-02-28,-0.004741772002736622
EWS,2022-03-31,-0.0071461587270732485
EWS,2022-04-29,-0.06285986161690782
EWS,2022-05-31,-0.02304150091146817
EWS,2022-06-30,-0.05982500815288838
EWS,2022-07-29,0.058823460993213894
EWS,2022-08-31,-0.02991429519275346
EWS,2022-09-30,-0.0578193559621526
EWS,2022-10-31,0.008182283084266162
EWS,2022-11-30,0.11420276432810472
EWS,2022-12-30,-0.01068583473502871
EWS,2023-01-31,0.08027644243695553
EWS,2023-02-28,-0.05856303099241533
EWS,2023-03-31,0.0376372773327045
EWS,2023-04-28,0.0015112613566645727
EWS,2023-05-31,-0.05633790166156172
EWS,2023-06-30,0.022881917205764157
EWS,2023-07-31,0.08373843972934414
EWS,2023-08-31,-0.07377848748508664
EWS,2023-09-29,-0.012378881961338961
EWS,2023-10-31,-0.04523166247265298
EWS,2023-11-30,0.025684712236371032
EWS,2023-12-29,0.07177918554188278
EWS,2024-01-31,-0.05240654006179535
EWS,2024-02-29,0.0039504891774444495
EWS,2024-03-28,0.03204049023513633
EWS,2024-04-30,0.024509671666282706
EWS,2024-05-31,0.03987242337074193
EWS,2024-06-28,-3.7446163023713286e-4
EWS,2024-07-31,0.03281231188704958
EWS,2024-08-30,0.04034292212351498
EWS,2024-09-30,0.0736791512228201
EWS,2024-10-31,-0.035665887359304205
EWS,2024-11-29,0.06413841212179494
EWS,2024-12-31,-0.013592591539194787
EWS,2025-01-31,0.03340959575108582
EWS,2025-02-28,0.029672290296768766
EWS,2025-03-31,0.021935512089860332
EWS,2025-04-30,0.023989899097550227
EWS,2025-05-30,0.05795310946246057
EWS,2025-06-30,0.027649133808642423
EWS,2025-07-31,0.018860701076631736
EWS,2025-08-29,0.06157917156155346
EWS,2025-09-30,0.008540907729180258
EWS,2025-10-31,0.0038815019651126104
EWS,2025-11-28,-0.002109028603398788
EWS,2025-12-31,-0.0070778688923832656
EWS,2026-01-30,0.02544528633490617
EWS,2026-02-27,0.019851180673930324
EWS,2026-03-31,-0.01911720241132342
EWS,2026-04-30,0.026931287394197145
EWS,2026-05-29,0.017598362898110453
EWS,2026-06-30,0.02216306563955439
EWS,2026-07-31,0.09017217541062417
EWS,2026-08-31,0.058550169179703015
EWS,2026-09-18,-0.04009362028968033
EWT,2015-01-30,0.01941088566867366
EWT,2015-02-27,0.050558206110987935
EWT,2015-03-31,-0.0162499870352949
EWT,2015-04-30,0.044472837714195634
EWT,2015-05-29,-0.006082988290859737
EWT,2015-06-30,-0.034271609149124305
EWT,2015-07-31,-0.06780732771905273
EWT,2015-08-31,-0.09177432043171041
EWT,2015-09-30,-0.014969971877497712
EWT,2015-10-30,0.0562308172795587
EWT,2015-11-30,-0.026618621782115492
EWT,2015-12-31,-0.02677573145856238
EWT,2016-01-29,-0.034455957013733496
EWT,2016-02-29,0.0413626118514856
EWT,2016-03-31,0.07943927843192156
EWT,2016-04-29,-0.05772001442129493
EWT,2016-05-31,0.021439486785620465
EWT,2016-06-30,0.05322347704053576
EWT,2016-07-29,0.06975069659854416
EWT,2016-08-31,0
EWT,2016-09-30,0.04457761265155691
EWT,2016-10-31,0.0038215795117706453
EWT,2016-11-30,-0.024746204697609242
EWT,2016-12-30,-0.022008125324231242
EWT,2017-01-31,0.07320394199290114
EWT,2017-02-28,0.027601640073404488
EWT,2017-03-31,0.025933845174157977
EWT,2017-04-28,0.015949416827634844
EWT,2017-05-31,0.01836500681596065
EWT,2017-06-30,0.040139602148366205
EWT,2017-07-31,0.02348985692574934
EWT,2017-08-31,0.024043903173478487
EWT,2017-09-29,-0.036819870072144156
EWT,2017-10-31,0.05540181470547911
EWT,2017-11-30,-0.026246828542265677
EWT,2017-12-29,0.00390006469198223
EWT,2018-01-31,0.06710839739783125
EWT,2018-02-28,-0.05150089794902901
EWT,2018-03-29,0.046111885143343745
EWT,2018-04-30,-0.05320831945502236
EWT,2018-05-31,0.009091048569977112
EWT,2018-06-29,-0.017199150995454993
EWT,2018-07-31,0.04999990330904214
EWT,2018-08-31,0.0034393157082182046
EWT,2018-09-28,-0.006063669446902509
EWT,2018-10-31,-0.12122023513701818
EWT,2018-11-30,0.005131204636694697
EWT,2018-12-31,-0.020243427605538322
EWT,2019-01-31,0.05281469605672662
EWT,2019-02-28,-0.0027035319865372776
EWT,2019-03-29,0.04156629795542055
EWT,2019-04-30,0.03643722669980365
EWT,2019-05-31,-0.07700890673850747
EWT,2019-06-28,0.056831745788510135
EWT,2019-07-31,0.008867288720850741
EWT,2019-08-30,-0.010490413764468798
EWT,2019-09-30,0.04183376488669999
EWT,2019-10-31,0.06765683131231182
EWT,2019-11-29,0.016228701991752414
EWT,2019-12-31,0.0688965977713083
EWT,2020-01-31,-0.07707280789403514
EWT,2020-02-28,-0.01422555684132265
EWT,2020-03-31,-0.11892039779196817
EWT,2020-04-30,0.12314228056483123
EWT,2020-05-29,0.004050816012560965
EWT,2020-06-30,0.08176434164223623
EWT,2020-07-31,0.10890109537528692
EWT,2020-08-31,-0.014573986068719735
EWT,2020-09-30,0.0216155447860642
EWT,2020-10-30,0.005790503268752412
EWT,2020-11-30,0.09521712624100775
EWT,2020-12-31,0.093562533380108
EWT,2021-01-29,0.04257716826741431
EWT,2021-02-26,0.05619823136735147
EWT,2021-03-31,0.02583391511334776
EWT,2021-04-30,0.07638434233564917
EWT,2021-05-28,-0.0337775221434532
EWT,2021-06-30,0.025497087293828713
EWT,2021-07-30,-0.005629287929019067
EWT,2021-08-31,0.021544116763897003
EWT,2021-09-30,-0.04541253292262093
EWT,2021-10-29,0.016287747089125393
EWT,2021-11-30,0.026499502381865492
EWT,2021-12-31,0.057513448210272156
EWT,2022-01-31,-0.025821861793801082
EWT,2022-02-28,-0.014948475413933515
EWT,2022-03-31,-0.038641939019478544
EWT,2022-04-29,-0.09015470463989339
EWT,2022-05-31,0.020568743268036593
EWT,2022-06-30,-0.11636871793736547
EWT,2022-07-29,0.017255136049777464
EWT,2022-08-31,-0.020666951609445205
EWT,2022-09-30,-0.14194700479391476
EWT,2022-10-31,-0.0334106051785521
EWT,2022-11-30,0.2198752679963467
EWT,2022-12-30,-0.06806711205750982
EWT,2023-01-31,0.11578672212373609
EWT,2023-02-28,-0.0249945260512362
EWT,2023-03-31,0.03753742407727967
EWT,2023-04-28,-0.031105339213385985
EWT,2023-05-31,0.05191261330483665
EWT,2023-06-30,0.017748873388894193
EWT,2023-07-31,0.01829018391065751
EWT,2023-08-31,-0.047619084511413834
EWT,2023-09-29,-0.023026373321543336
EWT,2023-10-31,-0.023119973463457066
EWT,2023-11-30,0.11902566326885577
EWT,2023-12-29,0.06375842696308265
EWT,2024-01-31,-0.029980375101745005
EWT,2024-02-29,0.037626002471953024
EWT,2024-03-28,0.05072305377506803
EWT,2024-04-30,-0.03122431660970748
EWT,2024-05-31,0.06700594575611385
EWT,2024-06-28,0.0769077664040545
EWT,2024-07-31,-0.019376251932709976
EWT,2024-08-30,0.012419927457129276
EWT,2024-09-30,0.0013011448481832222
EWT,2024-10-31,0.006497193872107676
EWT,2024-11-29,-0.01973436308574672
EWT,2024-12-31,0.005569296377911037
EWT,2025-01-31,-0.0059890939196366455
EWT,2025-02-28,-0.012439272437150706
EWT,2025-03-31,-0.06553834969193484
EWT,2025-04-30,0
EWT,2025-05-30,0.10320140882021889
EWT,2025-06-30,0.09583811542545306
EWT,2025-07-31,0.016724719106200325
EWT,2025-08-29,0.007882073477095242
EWT,2025-09-30,0.08160494108543026
EWT,2025-10-31,0.04762651672500673
EWT,2025-11-28,-0.032107965462861876
EWT,2025-12-31,0.030053054448489158
EWT,2026-01-30,0.07130487748054404
EWT,2026-02-27,0.11181311906160452
EWT,2026-03-31,-0.0627725666042025
EWT,2026-04-30,0.267343479610733
EWT,2026-05-29,0.1435247209621866
EWT,2026-06-30,0.05672311636793892
EWT,2026-07-31,-0.11103947602265563
EWT,2026-08-31,0.11890207524265906
EWT,2026-09-18,0.033416649552377775
EWU,2015-01-30,0.01007824423164183
EWU,2015-02-27,0.05875811021511268
EWU,2015-03-31,-0.05706775479277104
EWU,2015-04-30,0.06662925365158312
EWU,2015-05-29,0.006246866264440376
EWU,2015-06-30,-0.03865861532407999
EWU,2015-07-31,0.015890244449252355
EWU,2015-08-31,-0.07982739071010303
EWU,2015-09-30,-0.03927309303288762
EWU,2015-10-30,0.06589372400293825
EWU,2015-11-30,-0.016599798342992633
EWU,2015-12-31,-0.041655430991445086
EWU,2016-01-29,-0.04832704664622611
EWU,2016-02-29,-0.0312500814570289
EWU,2016-03-31,0.053763457392994374
EWU,2016-04-29,0.04017847372084171
EWU,2016-05-31,-0.01164898378789625
EWU,2016-06-30,-0.022796663993698396
EWU,2016-07-29,0.014964191909037083
EWU,2016-08-31,0.010897383611943479
EWU,2016-09-30,0.004438797203802025
EWU,2016-10-31,-0.05303017624757844
EWU,2016-11-30,0.001999689336137367
EWU,2016-12-30,0.03509445987804871
EWU,2017-01-31,0.02476384954168931
EWU,2017-02-28,0.014626233879546202
EWU,2017-03-31,0.02005649992836811
EWU,2017-04-28,0.016897092063844266
EWU,2017-05-31,0.045619350018118565
EWU,2017-06-30,-0.015742503718290002
EWU,2017-07-31,0.023702357243925665
EWU,2017-08-31,-0.008206368163162003
EWU,2017-09-29,0.029846194932433345
EWU,2017-10-31,0.006025892235250296
EWU,2017-11-30,-0.00114090665749067
EWU,2017-12-29,0.04213419296655885
EWU,2018-01-31,0.037409182253825835
EWU,2018-02-28,-0.06700750273212963
EWU,2018-03-29,0.0023076893756026617
EWU,2018-04-30,0.04316519950491804
EWU,2018-05-31,-0.006068794250485454
EWU,2018-06-29,-0.011882106893994382
EWU,2018-07-31,0.009488246984992621
EWU,2018-08-31,-0.04386218693557209
EWU,2018-09-28,0.016383685798977643
EWU,2018-10-31,-0.06770210118945819
EWU,2018-11-30,-0.011945915250407113
EWU,2018-12-31,-0.045816569255307305
EWU,2019-01-31,0.0729128228246172
EWU,2019-02-28,0.034296724872134865
EWU,2019-03-29,0.013509480167498644
EWU,2019-04-30,0.022720374496576268
EWU,2019-05-31,-0.06131525961632023
EWU,2019-06-28,0.04596496174683162
EWU,2019-07-31,-0.02413373417603304
EWU,2019-08-30,-0.038046936775953166
EWU,2019-09-30,0.035926142154920404
EWU,2019-10-31,0.03499849366764218
EWU,2019-11-29,0.012296294781442674
EWU,2019-12-31,0.05404514409269989
EWU,2020-01-31,-0.042815175824263196
EWU,2020-02-28,-0.10232844609577207
EWU,2020-03-31,-0.1849829643086135
EWU,2020-04-30,0.05737022190618446
EWU,2020-05-29,0.019009844912950324
EWU,2020-06-30,0.016467332469759288
EWU,2020-07-31,0.006599282447659727
EWU,2020-08-31,0.027381408832997334
EWU,2020-09-30,-0.043168252323220635
EWU,2020-10-30,-0.0451157300449152
EWU,2020-11-30,0.16105177082463995
EWU,2020-12-31,0.04829732019019528
EWU,2021-01-29,-0.002389994424392583
EWU,2021-02-26,0.039356704317693225
EWU,2021-03-31,0.030951631575209415
EWU,2021-04-30,0.03896514259716577
EWU,2021-05-28,0.038733435647039016
EWU,2021-06-30,-0.01585056929530604
EWU,2021-07-30,0.0027522526727727925
EWU,2021-08-31,0.006709231750196887
EWU,2021-09-30,-0.023023307906908763
EWU,2021-10-29,0.044341231604806186
EWU,2021-11-30,-0.048693674156797595
EWU,2021-12-31,0.06248506071499049
EWU,2022-01-31,0.022631192300482494
EWU,2022-02-28,-0.011802825439126141
EWU,2022-03-31,0.004478948758909862
EWU,2022-04-29,-0.03983357015403177
EWU,2022-05-31,0.026935180131881342
EWU,2022-06-30,-0.08055541571822944
EWU,2022-07-29,0.031708959633416134
EWU,2022-08-31,-0.06470387938997346
EWU,2022-09-30,-0.09339337303844386
EWU,2022-10-31,0.06982064557107082
EWU,2022-11-30,0.12446507090488512
EWU,2022-12-30,-0.012873617425964046
EWU,2023-01-31,0.062296207506358225
EWU,2023-02-28,-0.008903939496254454
EWU,2023-03-31,-6.19583841789173e-4
EWU,2023-04-28,0.05176688500585924
EWU,2023-05-31,-0.05982907578101182
EWU,2023-06-30,0.03379495324737003
EWU,2023-07-31,0.029366297942760022
EWU,2023-08-31,-0.039039099695342805
EWU,2023-09-29,-0.011249980085391131
EWU,2023-10-31,-0.03603033325184324
EWU,2023-11-30,0.06196722455911341
EWU,2023-12-29,0.04369119749823569
EWU,2024-01-31,-0.018759437080018482
EWU,2024-02-29,0.009867330257541829
EWU,2024-03-28,0.0445802582067234
EWU,2024-04-30,0.014323308358129117
EWU,2024-05-31,0.04668569654903787
EWU,2024-06-28,-0.021085592678331433
EWU,2024-07-31,0.039564014092745126
EWU,2024-08-30,0.035025004909645
EWU,2024-09-30,-0.00319755398342636
EWU,2024-10-31,-0.04971926023404882
EWU,2024-11-29,0.007032393022486483
EWU,2024-12-31,-0.03326316611037905
EWU,2025-01-31,0.0504425295694475
EWU,2025-02-28,0.04015732216854406
EWU,2025-03-31,0.011609093335211096
EWU,2025-04-30,0.016813307483617423
EWU,2025-05-30,0.047769039352071996
EWU,2025-06-30,0.015362614381773554
EWU,2025-07-31,0.0022658572773053276
EWU,2025-08-29,0.04144687025597649
EWU,2025-09-30,0.012301119580820696
EWU,2025-10-31,0.016678446265716795
EWU,2025-11-28,0.011249164529868905
EWU,2025-12-31,0.03892130322479104
EWU,2026-01-30,0.04956794123810804
EWU,2026-02-27,0.054592742253543936
EWU,2026-03-31,-0.06409203434874378
EWU,2026-04-30,0.03489905742998323
EWU,2026-05-29,-0.00466594050538105
EWU,2026-06-30,-0.002750340061681844
EWU,2026-07-31,0.049198103333155885
EWU,2026-08-31,-8.26294477451528e-4
EWU,2026-09-18,-0.022741337573112697
EWW,2015-01-30,-0.028161832448948987
EWW,2015-02-27,0.0704000704913772
EWW,2015-03-31,-0.03736931438872382
EWW,2015-04-30,0.01138698367140667
EWW,2015-05-29,-0.0018765071181930937
EWW,2015-06-30,-0.016972404376160988
EWW,2015-07-31,-0.01348300253542245
EWW,2015-08-31,-0.06194529580094521
EWW,2015-09-30,-0.02440874975177809
EWW,2015-10-30,0.06128766080247061
EWW,2015-11-30,-0.020650256707229975
EWW,2015-12-31,-0.05640251756957915
EWW,2016-01-29,-0.028898517731786866
EWW,2016-02-29,0.0018599642386394333
EWW,2016-03-31,0.10767319645394768
EWW,2016-04-29,0.0063314487476586745
EWW,2016-05-31,-0.07697980988875386
EWW,2016-06-30,0.021753188227534803
EWW,2016-07-29,-0.013698520837532091
EWW,2016-08-31,0.015901607958084707
EWW,2016-09-30,-0.0394294916034047
EWW,2016-10-31,0.048473815728820924
EWW,2016-11-30,-0.1320086988801934
EWW,2016-12-30,0.0011217735515374194
EWW,2017-01-31,0.019104049541323942
EWW,2017-02-28,0.028341823178495318
EWW,2017-03-31,0.11045997495641169
EWW,2017-04-28,0.011530280548409433
EWW,2017-05-31,-0.0027047597817565494
EWW,2017-06-30,0.05630784157627633
EWW,2017-07-31,0.043752617322396326
EWW,2017-08-31,0.003019240290789149
EWW,2017-09-29,-0.03293758085851761
EWW,2017-10-31,-0.07837395720345719
EWW,2017-11-30,-0.0027817780817943616
EWW,2017-12-29,-0.007988257733291593
EWW,2018-01-31,0.07750048896470685
EWW,2018-02-28,-0.06025199963678152
EWW,2018-03-29,0.03225795509336771
EWW,2018-04-30,0.0015527304461635527
EWW,2018-05-31,-0.13410858243293877
EWW,2018-06-29,0.06863807338774142
EWW,2018-07-31,0.10267265574535789
EWW,2018-08-31,-0.0315504234852273
EWW,2018-09-28,0.017679674578627846
EWW,2018-10-31,-0.17860616644781646
EWW,2018-11-30,-0.0415877530267883
EWW,2018-12-31,0.03074431989950832
EWW,2019-01-31,0.09276353209583688
EWW,2019-02-28,-0.03199999579477231
EWW,2019-03-29,6.889970195231854e-4
EWW,2019-04-30,0.05872878796248848
EWW,2019-05-31,-0.06998905387914822
EWW,2019-06-28,0.031230534857341175
EWW,2019-07-31,-0.04863996476991417
EWW,2019-08-30,0.005815462404593408
EWW,2019-09-30,0.029149575703254493
EWW,2019-10-31,0.037219020329306574
EWW,2019-11-29,-0.017828930088392814
EWW,2019-12-31,0.04460595026568237
EWW,2020-01-31,0.018432358131171833
EWW,2020-02-28,-0.09245537678349902
EWW,2020-03-31,-0.31883711486278465
EWW,2020-04-30,0.03245150414683584
EWW,2020-05-29,0.08951162574488669
EWW,2020-06-30,0.003451144834451414
EWW,2020-07-31,0.020388933923658703
EWW,2020-08-31,0.011681598533795912
EWW,2020-09-30,0.0136738414130535
EWW,2020-10-30,0.023980664705276045
EWW,2020-11-30,0.1876461548136481
EWW,2020-12-31,0.07195604396100141
EWW,2021-01-29,-0.0651316487190321
EWW,2021-02-26,0.011694497363834211
EWW,2021-03-31,0.07796367891812106
EWW,2021-04-30,0.03718916540416317
EWW,2021-05-28,0.058293081900799626
EWW,2021-06-30,0.005359383085235647
EWW,2021-07-30,0.021462774547728047
EWW,2021-08-31,0.04263578949527025
EWW,2021-09-30,-0.055762301459322816
EWW,2021-10-29,0.0018650080468922692
EWW,2021-11-30,-0.06287492817130147
EWW,2021-12-31,0.13224666515260908
EWW,2022-01-31,-0.04051386511001498
EWW,2022-02-28,0.036869426861634524
EWW,2022-03-31,0.09197441514438864
EWW,2022-04-29,-0.10078218046685072
EWW,2022-05-31,0.053408733842572165
EWW,2022-06-30,-0.09169391616993894
EWW,2022-07-29,0.004507376217015802
EWW,2022-08-31,-0.05448708572207983
EWW,2022-09-30,-4.519885575061666e-4
EWW,2022-10-31,0.1433417127534775
EWW,2022-11-30,0.06584925742010816
EWW,2022-12-30,-0.06376360456443553
EWW,2023-01-31,0.16582396100864072
EWW,2023-02-28,-1.7342853917801104e-4
EWW,2023-03-31,0.03278975799483019
EWW,2023-04-28,0.022677547916249097
EWW,2023-05-31,-0.01691849583550553
EWW,2023-06-30,0.04661386727266659
EWW,2023-07-31,0.045834544928329946
EWW,2023-08-31,-0.0518222186104037
EWW,2023-09-29,-0.0556276548421315
EWW,2023-10-31,-0.05890436661699605
EWW,2023-11-30,0.1540147362162494
EWW,2023-12-29,0.08915017202483622
EWW,2024-01-31,-0.017538478609734787
EWW,2024-02-29,-0.0213023813727653
EWW,2024-03-28,0.06238510183277346
EWW,2024-04-30,-0.05525885385132312
EWW,2024-05-31,-0.00885769596920949
EWW,2024-06-28,-0.12049707410526345
EWW,2024-07-31,-0.001589835243441362
EWW,2024-08-30,-0.06157107810200135
EWW,2024-09-30,0.01263187351423678
EWW,2024-10-31,-0.03332713569661305
EWW,2024-11-29,-0.031779546376337175
EWW,2024-12-31,-0.039103591814866
EWW,2025-01-31,0.04613405013401417
EWW,2025-02-28,0.031441418215560235
EWW,2025-03-31,0.008709402938596789
EWW,2025-04-30,0.11793571650882506
EWW,2025-05-30,0.056169800809699355
EWW,2025-06-30,0.02465572340071609
EWW,2025-07-31,-0.0069353451145560685
EWW,2025-08-29,0.029930111032538287
EWW,2025-09-30,0.10122697198295083
EWW,2025-10-31,-0.0246298557966258
EWW,2025-11-28,0.028408249952087017
EWW,2025-12-31,0.03274489536918046
EWW,2026-01-30,0.08351363350706764
EWW,2026-02-27,0.07747602706161816
EWW,2026-03-31,-0.07054605722578033
EWW,2026-04-30,0.01608399898492885
EWW,2026-05-29,0.026033429942120767
EWW,2026-06-30,-0.02616788075838916
EWW,2026-07-31,0.020459691566482974
EWW,2026-08-31,-0.0011716747917088766
EWW,2026-09-18,-0.044056371598445665
EWY,2015-01-30,0.017181619354148747
EWY,2015-02-27,0.017610209534726584
EWY,2015-03-31,0.0107714706209745
EWY,2015-04-30,0.06865824519395836
EWY,2015-05-29,-0.05509236736709133
EWY,2015-06-30,-0.046539813642870076
EWY,2015-07-31,-0.07131188861385118
EWY,2015-08-31,-0.06525988716607178
EWY,2015-09-30,0.019648864231263774
EWY,2015-10-30,0.11480121364585516
EWY,2015-11-30,-0.028686973121135884
EWY,2015-12-31,-0.036979456750642625
EWY,2016-01-29,-0.03885637503012329
EWY,2016-02-29,-0.024089050911313414
EWY,2016-03-31,0.13371990280648216
EWY,2016-04-29,-0.010791494608657581
EWY,2016-05-31,-0.04765542739452777
EWY,2016-06-30,0.046422689281975016
EWY,2016-07-29,0.06894573977588325
EWY,2016-08-31,0.012396685321596879
EWY,2016-09-30,0.03158822007670614
EWY,2016-10-31,-0.04782373883185698
EWY,2016-11-30,-0.03775985501675361
EWY,2016-12-30,0.011270169621753645
EWY,2017-01-31,0.08756102023758583
EWY,2017-02-28,0.011748509471964486
EWY,2017-03-31,0.05652324224445482
EWY,2017-04-28,0.003717453244679314
EWY,2017-05-31,0.09049927573572081
EWY,2017-06-30,0.0013288546532701506
EWY,2017-07-31,0.02787213654423093
EWY,2017-08-31,-0.017646999654738593
EWY,2017-09-29,0.008616778236112399
EWY,2017-10-31,0.08253715533928618
EWY,2017-11-30,0.005216480627232123
EWY,2017-12-29,0.026666370231639203
EWY,2018-01-31,0.04417452526809318
EWY,2018-02-28,-0.07860441161462306
EWY,2018-03-29,0.04660832178174279
EWY,2018-04-30,0.0019880377857268705
EWY,2018-05-31,-0.04576713694384593
EWY,2018-06-29,-0.06140825482449519
EWY,2018-07-31,-0.006646006888000433
EWY,2018-08-31,8.919533502285137e-4
EWY,2018-09-28,0.01411168398150342
EWY,2018-10-31,-0.14647710696558458
EWY,2018-11-30,0.040329391154917626
EWY,2018-12-31,-0.01571615378494462
EWY,2019-01-31,0.09955822656036561
EWY,2019-02-28,-0.027039505140355247
EWY,2019-03-29,-0.03207882520484362
EWY,2019-04-30,0.00869565092941671
EWY,2019-05-31,-0.09612885559045092
EWY,2019-06-28,0.07738004931932996
EWY,2019-07-31,-0.07466173116945407
EWY,2019-08-30,-0.038628337388051714
EWY,2019-09-30,0.05782950279140486
EWY,2019-10-31,0.045971022157841546
EWY,2019-11-29,-0.0078059100928554725
EWY,2019-12-31,0.08685890454693279
EWY,2020-01-31,-0.07300211037634075
EWY,2020-02-28,-0.0466609282876862
EWY,2020-03-31,-0.14628824860703415
EWY,2020-04-30,0.10017052973927298
EWY,2020-05-29,0.03758256498140922
EWY,2020-06-30,0.0666540436248817
EWY,2020-07-31,0.054787309389514594
EWY,2020-08-31,0.04663133640879402
EWY,2020-09-30,0.03599173041684067
EWY,2020-10-30,-0.006734017511306756
EWY,2020-11-30,0.1775038032771188
EWY,2020-12-31,0.13468635593176792
EWY,2021-01-29,0.023823360114165526
EWY,2021-02-26,-0.0014754975104525059
EWY,2021-03-31,0.019665778069835937
EWY,2021-04-30,0.0095875276012094
EWY,2021-05-28,0.016232413809295965
EWY,2021-06-30,0.012495804877222572
EWY,2021-07-30,-0.04754245579686023
EWY,2021-08-31,-0.023211129704908462
EWY,2021-09-30,-0.06955824621207463
EWY,2021-10-29,-0.014505307816381596
EWY,2021-11-30,-0.04730141320342596
EWY,2021-12-31,0.050095132349126326
EWY,2022-01-31,-0.07037380836015272
EWY,2022-02-28,2.761591781503814e-4
EWY,2022-03-31,-0.016295995732055646
EWY,2022-04-29,-0.06443925935095673
EWY,2022-05-31,0.02100858406094308
EWY,2022-06-30,-0.1447678189105699
EWY,2022-07-29,0.04055683864042936
EWY,2022-08-31,-0.04360044909922256
EWY,2022-09-30,-0.18217919483919687
EWY,2022-10-31,0.09396123324638617
EWY,2022-11-30,0.17158848294031337
EWY,2022-12-30,-0.0582438861134964
EWY,2023-01-31,0.1237607161063119
EWY,2023-02-28,-0.07830476013140575
EWY,2023-03-31,0.04649573327312839
EWY,2023-04-28,-0.00898399513342385
EWY,2023-05-31,0.034778362255525774
EWY,2023-06-30,0.00955715684619629
EWY,2023-07-31,0.0661091455442675
EWY,2023-08-31,-0.075773240892132
EWY,2023-09-29,-0.056204974247375805
EWY,2023-10-31,-0.06769590914874224
EWY,2023-11-30,0.14722468836215197
EWY,2023-12-29,0.06662860012705751
EWY,2024-01-31,-0.09247664148308787
EWY,2024-02-29,0.07802250005137279
EWY,2024-03-28,0.046794582848377564
EWY,2024-04-30,-0.06049771110875457
EWY,2024-05-31,-0.0137985595014819
EWY,2024-06-28,0.06288183029855854
EWY,2024-07-31,0.0069603242483231575
EWY,2024-08-30,-0.015777620512454904
EWY,2024-09-30,-0.02351146099353918
EWY,2024-10-31,-0.06332084789114911
EWY,2024-11-29,-0.04139536868039784
EWY,2024-12-31,-0.09268874743973621
EWY,2025-01-31,0.06052275167490495
EWY,2025-02-28,0.012970107590991597
EWY,2025-03-31,-0.011523626923916064
EWY,2025-04-30,0.03978528585055341
EWY,2025-05-30,0.07901765199947253
EWY,2025-06-30,0.18390234789431115
EWY,2025-07-31,0.0143493440053033
EWY,2025-08-29,-0.007828610114752887
EWY,2025-09-30,0.10880399989503964
EWY,2025-10-31,0.21098634449259945
EWY,2025-11-28,-0.0631958352660974
EWY,2025-12-31,0.0939099269242738
EWY,2026-01-30,0.25910308707177854
EWY,2026-02-27,0.2365819017130082
EWY,2026-03-31,-0.1873554462296264
EWY,2026-04-30,0.30688555170333465
EWY,2026-05-29,0.2803558650426692
EWY,2026-06-30,-0.01909346499348552
EWY,2026-07-31,-0.22189197200242627
EWY,2026-08-31,0.1512412067710558
EWY,2026-09-18,0.002488095470107199
EWZ,2015-01-30,-0.029694395916540772
EWZ,2015-02-27,0.031186408297206647
EWZ,2015-03-31,-0.1133409780030944
EWZ,2015-04-30,0.15428747635182294
EWZ,2015-05-29,-0.10880982638349224
EWZ,2015-06-30,0.03416686252385048
EWZ,2015-07-31,-0.12450401996905203
EWZ,2015-08-31,-0.1327989998299285
EWZ,2015-09-30,-0.11776491101310416
EWZ,2015-10-30,0.04191298313187919
EWZ,2015-11-30,-0.015303824282375866
EWZ,2015-12-31,-0.07150994804815558
EWZ,2016-01-29,-0.04110260633554086
EWZ,2016-02-29,0.03328271901286106
EWZ,2016-03-31,0.2835529480268806
EWZ,2016-04-29,0.12205340133898512
EWZ,2016-05-31,-0.1379194559946938
EWZ,2016-06-30,0.19510798189466994
EWZ,2016-07-29,0.10139150609200298
EWZ,2016-08-31,0.008423515563605433
EWZ,2016-09-30,0.006265031104746965
EWZ,2016-10-31,0.1194779309307965
EWZ,2016-11-30,-0.11308248592689452
EWZ,2016-12-30,0.008150797326426318
EWZ,2017-01-31,0.10587897010337022
EWZ,2017-02-28,0.02332530220990936
EWZ,2017-03-31,-0.007156556533714498
EWZ,2017-04-28,-0.007741343116594912
EWZ,2017-05-31,-0.05380664058823814
EWZ,2017-06-30,-0.021385754144740976
EWZ,2017-07-31,0.10720549967128701
EWZ,2017-08-31,0.0582012621015906
EWZ,2017-09-29,0.04224978536251278
EWZ,2017-10-31,-0.03645938229335732
EWZ,2017-11-30,-0.03659456839281838
EWZ,2017-12-29,0.05635549824504982
EWZ,2018-01-31,0.15179214625444581
EWZ,2018-02-28,-0.02382492903102451
EWZ,2018-03-29,-0.013192558484069083
EWZ,2018-04-30,-0.05748679382026112
EWZ,2018-05-31,-0.15791947104715254
EWZ,2018-06-29,-0.08531219979870153
EWZ,2018-07-31,0.12636499269586277
EWZ,2018-08-31,-0.10110794452253691
EWZ,2018-09-28,0.03944521366313669
EWZ,2018-10-31,0.19033521364722716
EWZ,2018-11-30,-0.00871721675316417
EWZ,2018-12-31,-0.02541754889926351
EWZ,2019-01-31,0.18769632797367009
EWZ,2019-02-28,-0.052237021286123064
EWZ,2019-03-29,-0.0467442648389188
EWZ,2019-04-30,0.009758513844981165
EWZ,2019-05-31,0.006281675698474265
EWZ,2019-06-28,0.06306369953588553
EWZ,2019-07-31,0.017840707356120422
EWZ,2019-08-30,-0.07887627903117267
EWZ,2019-09-30,0.02781149119895643
EWZ,2019-10-31,0.05862796448343599
EWZ,2019-11-29,-0.04775785364705487
EWZ,2019-12-31,0.133874129409141
EWZ,2020-01-31,-0.07776631611763851
EWZ,2020-02-28,-0.1234002650263194
EWZ,2020-03-31,-0.38581853714651737
EWZ,2020-04-30,0.04711376903470077
EWZ,2020-05-29,0.10214838376647495
EWZ,2020-06-30,0.07031485809163684
EWZ,2020-07-31,0.1314329535846379
EWZ,2020-08-31,-0.08358953848894579
EWZ,2020-09-30,-0.07243466343985494
EWZ,2020-10-30,-0.028922571103074057
EWZ,2020-11-30,0.23790022278146128
EWZ,2020-12-31,0.12323417618140042
EWZ,2021-01-29,-0.0776907522720538
EWZ,2021-02-26,-0.06697859468617717
EWZ,2021-03-31,0.048589253871728966
EWZ,2021-04-30,0.06307944934897858
EWZ,2021-05-28,0.09420681760626137
EWZ,2021-06-30,0.05789156758003422
EWZ,2021-07-30,-0.07745431906757516
EWZ,2021-08-31,-0.026738022281007412
EWZ,2021-09-30,-0.11730766656507108
EWZ,2021-10-29,-0.08745716611705412
EWZ,2021-11-30,-0.011255282758143692
EWZ,2021-12-31,0.041327900838609155
EWZ,2022-01-31,0.12646987477445037
EWZ,2022-02-28,0.040164249904151905
EWZ,2022-03-31,0.14958978342718043
EWZ,2022-04-29,-0.13329812382986117
EWZ,2022-05-31,0.0756789406271745
EWZ,2022-06-30,-0.18660400834272106
EWZ,2022-07-29,0.059510824143855556
EWZ,2022-08-31,0.051688454929232464
EWZ,2022-09-30,-0.029161215543161423
EWZ,2022-10-31,0.10259868369114633
EWZ,2022-11-30,-0.0364248132357351
EWZ,2022-12-30,-0.04520113451058394
EWZ,2023-01-31,0.0847334242862181
EWZ,2023-02-28,-0.10118643768669977
EWZ,2023-03-31,0.00403377305301289
EWZ,2023-04-28,0.032505476432866276
EWZ,2023-05-31,0.01945526285167909
EWZ,2023-06-30,0.1530661973704841
EWZ,2023-07-31,0.04440343821796655
EWZ,2023-08-31,-0.08916452761425164
EWZ,2023-09-29,-0.005834679609971638
EWZ,2023-10-31,-0.029344614473589936
EWZ,2023-11-30,0.14242510803078368
EWZ,2023-12-29,0.06437737563211021
EWZ,2024-01-31,-0.05835241796953694
EWZ,2024-02-29,0.0027338668166034807
EWZ,2024-03-28,-0.017873367154823905
EWZ,2024-04-30,-0.04287470248601499
EWZ,2024-05-31,-0.0460844720178919
EWZ,2024-06-28,-0.0462187919970527
EWZ,2024-07-31,0.016099461771006185
EWZ,2024-08-30,0.0756212671615153
EWZ,2024-09-30,-0.012721815796811087
EWZ,2024-10-31,-0.05798567640640495
EWZ,2024-11-29,-0.08135362702421833
EWZ,2024-12-31,-0.07714678703758726
EWZ,2025-01-31,0.12527757600725975
EWZ,2025-02-28,-0.048164121802743654
EWZ,2025-03-31,0.07216909349136302
EWZ,2025-04-30,0.046034894539590976
EWZ,2025-05-30,0.006286874489323413
EWZ,2025-06-30,0.08003820616076585
EWZ,2025-07-31,-0.0797227406341825
EWZ,2025-08-29,0.11111113613279433
EWZ,2025-09-30,0.05084746449747901
EWZ,2025-10-31,0.005483901246060574
EWZ,2025-11-28,0.0782803236845202
EWZ,2025-12-31,-0.021623475218358723
EWZ,2026-01-30,0.1658798070614631
EWZ,2026-02-27,0.04562628811127678
EWZ,2026-03-31,-0.008778679010059909
EWZ,2026-04-30,0.03412344467331385
EWZ,2026-05-29,-0.0954660288276935
EWZ,2026-06-30,-0.03011865431382632
EWZ,2026-07-31,0.06231888480808423
EWZ,2026-08-31,-0.01691685459124037
EWZ,2026-09-18,0.04135447485285404
EZA,2015-01-30,0.06408467651887251
EZA,2015-02-27,0.013021453112158854
EZA,2015-03-31,-0.021033939903138288
EZA,2015-04-30,0.05475949998904728
EZA,2015-05-29,-0.08035074381238039
EZA,2015-06-30,0.015388322328376391
EZA,2015-07-31,-0.04828850321675138
EZA,2015-08-31,-0.07675007175044057
EZA,2015-09-30,-0.06643483787013116
EZA,2015-10-30,0.061102604666588345
EZA,2015-11-30,-0.06267525479317793
EZA,2015-12-31,-0.10933692000976503
EZA,2016-01-29,-0.018839545227479215
EZA,2016-02-29,-0.02247447626771959
EZA,2016-03-31,0.18325910079858865
EZA,2016-04-29,0.05074520663395843
EZA,2016-05-31,-0.09766630339740212
EZA,2016-06-30,0.08465573594792852
EZA,2016-07-29,0.092266555710667
EZA,2016-08-31,-0.09070422046083115
EZA,2016-09-30,0.06738984497343936
EZA,2016-10-31,-0.01373273496564742
EZA,2016-11-30,-0.0806510958569111
EZA,2016-12-30,0.04096545197556045
EZA,2017-01-31,0.04774629100950056
EZA,2017-02-28,0.002369658190764845
EZA,2017-03-31,0.0036369923768657664
EZA,2017-04-28,0.05961230555558017
EZA,2017-05-31,0.016929058465231073
EZA,2017-06-30,-0.03851864411982764
EZA,2017-07-31,0.06047241634454603
EZA,2017-08-31,0.039401471769860974
EZA,2017-09-29,-0.060300820286414925
EZA,2017-10-31,0.019744602096322117
EZA,2017-11-30,0.06860292721403427
EZA,2017-12-29,0.10357971343839179
EZA,2018-01-31,0.030718881557256772
EZA,2018-02-28,-0.010812305719771764
EZA,2018-03-29,-0.037275732995518895
EZA,2018-04-30,-0.04163043526838428
EZA,2018-05-31,-0.054829899018272066
EZA,2018-06-29,-0.06113776646811553
EZA,2018-07-31,0.06306446942836152
EZA,2018-08-31,-0.10328493560836083
EZA,2018-09-28,-0.022234244478649634
EZA,2018-10-31,-0.10027954833161479
EZA,2018-11-30,0.09467550065318608
EZA,2018-12-31,-0.02443302015884674
EZA,2019-01-31,0.1417244487807796
EZA,2019-02-28,-0.06788192640661017
EZA,2019-03-29,-0.02533073069685754
EZA,2019-04-30,0.08198000376249426
EZA,2019-05-31,-0.06640746660214858
EZA,2019-06-28,0.060519137369165144
EZA,2019-07-31,-0.054691728315895305
EZA,2019-08-30,-0.07352928128963443
EZA,2019-09-30,-0.00898082285391355
EZA,2019-10-31,0.045310806137182524
EZA,2019-11-29,-0.001007978574977142
EZA,2019-12-31,0.09053622199457378
EZA,2020-01-31,-0.0895006005816622
EZA,2020-02-28,-0.09807440599876016
EZA,2020-03-31,-0.2954319703711925
EZA,2020-04-30,0.10394654020153715
EZA,2020-05-29,0.07149703364374305
EZA,2020-06-30,0.06861513144476317
EZA,2020-07-31,0.06498287739908348
EZA,2020-08-31,-0.00959235387715962
EZA,2020-09-30,-0.006456748334769058
EZA,2020-10-30,0.0029785862854772027
EZA,2020-11-30,0.109341089473181
EZA,2020-12-31,0.1117880398670279
EZA,2021-01-29,0.0020529579167936074
EZA,2021-02-26,0.05281126694465588
EZA,2021-03-31,0.06767566573431294
EZA,2021-04-30,-0.0010124546340178897
EZA,2021-05-28,0.07622119469945932
EZA,2021-06-30,-0.07111760101409392
EZA,2021-07-30,-0.009209971978747178
EZA,2021-08-31,0.020863659909435395
EZA,2021-09-30,-0.04836124407373632
EZA,2021-10-29,0
EZA,2021-11-30,-0.04550255036463735
EZA,2021-12-31,0.04415960614538239
EZA,2022-01-31,0.09331881543714915
EZA,2022-02-28,0.03804454509015032
EZA,2022-03-31,0.05450070187078637
EZA,2022-04-29,-0.13668280511210096
EZA,2022-05-31,0.008969445355369254
EZA,2022-06-30,-0.1026696336356453
EZA,2022-07-29,-9.414706491790437e-4
EZA,2022-08-31,-0.06148422073765769
EZA,2022-09-30,-0.09538149551251451
EZA,2022-10-31,0.05410670144665031
EZA,2022-11-30,0.1700447187123577
EZA,2022-12-30,-0.031020004660398337
EZA,2023-01-31,0.06507883184580443
EZA,2023-02-28,-0.09276052093541598
EZA,2023-03-31,0.030258685178119915
EZA,2023-04-28,0.017290162577489276
EZA,2023-05-31,-0.13760172921810931
EZA,2023-06-30,0.09286336189640387
EZA,2023-07-31,0.12116638803885116
EZA,2023-08-31,-0.12309408961046941
EZA,2023-09-29,-0.038097807469198
EZA,2023-10-31,-0.0061136856873743595
EZA,2023-11-30,0.08157252971831919
EZA,2023-12-29,0.04613188159143933
EZA,2024-01-31,-0.061497808322788505
EZA,2024-02-29,-0.052779312725176775
EZA,2024-03-28,0.05437394510820104
EZA,2024-04-30,0.024253474498027172
EZA,2024-05-31,0.01171487261268589
EZA,2024-06-28,0.08416340786635423
EZA,2024-07-31,0.05055394812993952
EZA,2024-08-30,0.03186125343136825
EZA,2024-09-30,0.07325379701118595
EZA,2024-10-31,-0.020634872809143
EZA,2024-11-29,-0.03869536938657103
EZA,2024-12-31,-0.07093691186726991
EZA,2025-01-31,0.04390367579532661
EZA,2025-02-28,0.014857213499814614
EZA,2025-03-31,0.08400895282898113
EZA,2025-04-30,0.02888013213845353
EZA,2025-05-30,0.05432145710367964
EZA,2025-06-30,0.04173123950525359
EZA,2025-07-31,-0.013023273389910273
EZA,2025-08-29,0.08708764823396509
EZA,2025-09-30,0.11149645261082619
EZA,2025-10-31,-0.0051482010449447335
EZA,2025-11-28,0.04657357955543717
EZA,2025-12-31,0.087267931864293935
EZA,2026-01-30,0.06395333288306526
EZA,2026-02-27,0.11475419439497614
EZA,2026-03-31,-0.1691176716479802
EZA,2026-04-30,0.006194723847789518
EZA,2026-05-29,0.017443582728189133
EZA,2026-06-30,-0.06966175428759047
EZA,2026-07-31,0.006804879166337319
EZA,2026-08-31,0.10814211228581372
EZA,2026-09-18,-0.028510668599013744
FAN,2015-01-30,-0.014285178306788993
FAN,2015-02-27,0.057970592153467004
FAN,2015-03-31,-0.007418050503364082
FAN,2015-04-30,0.06635922903031655
FAN,2015-05-29,0.042351095720257304
FAN,2015-06-30,-0.0473932499861921
FAN,2015-07-31,0.011453683137195192
FAN,2015-08-31,-0.05836232871011349
FAN,2015-09-30,-0.04458514953759862
FAN,2015-10-30,0.09718139863936237
FAN,2015-11-30,-0.005314406047622677
FAN,2015-12-31,0.01753580160633006
FAN,2016-01-29,-0.046655225169261794
FAN,2016-02-29,-0.03601116461364684
FAN,2016-03-31,0.11980679377982129
FAN,2016-04-29,0.02663286622505545
FAN,2016-05-31,0.021757004813492298
FAN,2016-06-30,0.033605261565644806
FAN,2016-07-29,0.03739107796618413
FAN,2016-08-31,0.015336813418870276
FAN,2016-09-30,0.008917474560683702
FAN,2016-10-31,-0.01803130120398244
FAN,2016-11-30,-0.06886033786516232
FAN,2016-12-30,0.008892987225667781
FAN,2017-01-31,0.041880233601683914
FAN,2017-02-28,0.0016409106092465375
FAN,2017-03-31,0.035848368765399874
FAN,2017-04-28,0.0373013925407959
FAN,2017-05-31,0.03213471446780236
FAN,2017-06-30,-0.025031140914813732
FAN,2017-07-31,0.021688866001875917
FAN,2017-08-31,0.003032551066005862
FAN,2017-09-29,-3.890123430234649e-4
FAN,2017-10-31,0.006833892644562578
FAN,2017-11-30,-0.04072413053276547
FAN,2017-12-29,0.0416665474690443
FAN,2018-01-31,0.04000005659070305
FAN,2018-02-28,-0.04716977282018775
FAN,2018-03-29,0.021309393477135563
FAN,2018-04-30,0.0456242119802277
FAN,2018-05-31,-0.031473063005264756
FAN,2018-06-29,-0.05581816178454557
FAN,2018-07-31,0.0411393357569787
FAN,2018-08-31,-0.03115517820003999
FAN,2018-09-28,-0.02015549292854335
FAN,2018-10-31,-0.09734493947444167
FAN,2018-11-30,0.08199650074593623
FAN,2018-12-31,-0.051470218782238675
FAN,2019-01-31,0.11954647991934708
FAN,2019-02-28,0.012470701402079287
FAN,2019-03-29,0.01086779904427937
FAN,2019-04-30,0.024540097057742516
FAN,2019-05-31,-0.052395162511697846
FAN,2019-06-28,0.06264599399691173
FAN,2019-07-31,-0.027715286649355186
FAN,2019-08-30,-0.00847492114338011
FAN,2019-09-30,0.026891491944453172
FAN,2019-10-31,0.02887540286976331
FAN,2019-11-29,0.0332348422190758
FAN,2019-12-31,0.05475782872680246
FAN,2020-01-31,0.0129693736626455
FAN,2020-02-28,-0.03369279798354219
FAN,2020-03-31,-0.15198731162494128
FAN,2020-04-30,0.038778715816823794
FAN,2020-05-29,0.10007974782851736
FAN,2020-06-30,0.04585811005982632
FAN,2020-07-31,0.15357879504914984
FAN,2020-08-31,0.053012005542164564
FAN,2020-09-30,0.004882904145402156
FAN,2020-10-30,0.031374999985223306
FAN,2020-11-30,0.15044253873503388
FAN,2020-12-31,0.12153743765704039
FAN,2021-01-29,0.0077256008154129585
FAN,2021-02-26,-0.06771722287718906
FAN,2021-03-31,0.033136766851716404
FAN,2021-04-30,-0.027925252602722606
FAN,2021-05-28,-0.0036479781147675805
FAN,2021-06-30,-0.010327635866072993
FAN,2021-07-30,-0.006973616820398876
FAN,2021-08-31,0.031835496250439466
FAN,2021-09-30,-0.04538084393927788
FAN,2021-10-29,0.04641158315789351
FAN,2021-11-30,-0.08139020616705406
FAN,2021-12-31,0.01029234019814318
FAN,2022-01-31,-0.07213433639805977
FAN,2022-02-28,0.05431297755819742
FAN,2022-03-31,-8.086472441312109e-4
FAN,2022-04-29,-0.08506326281439747
FAN,2022-05-31,0.0287767859721908
FAN,2022-06-30,-0.06852651100289242
FAN,2022-07-29,0.07258991373831192
FAN,2022-08-31,-0.03302625266855308
FAN,2022-09-30,-0.14893359813292317
FAN,2022-10-31,0.03240738956779565
FAN,2022-11-30,0.11531078912950421
FAN,2022-12-30,-0.00259412232810019
FAN,2023-01-31,0.04330250701586813
FAN,2023-02-28,-0.04648585384548931
FAN,2023-03-31,0.03903678740260785
FAN,2023-04-28,0.001679538276402992
FAN,2023-05-31,-0.0391280240223274
FAN,2023-06-30,0.023750498758496885
FAN,2023-07-31,-0.022324237045269868
FAN,2023-08-31,-0.07377039085088155
FAN,2023-09-29,-0.07925043595131598
FAN,2023-10-31,-0.06211175766177979
FAN,2023-11-30,0.11037519336513357
FAN,2023-12-29,0.09468008761850011
FAN,2024-01-31,-0.07038821579157639
FAN,2024-02-29,-0.009138322628054252
FAN,2024-03-28,0.01752700429375209
FAN,2024-04-30,-0.0077820183110963725
FAN,2024-05-31,0.13986917235877327
FAN,2024-06-28,-0.06334867467431826
FAN,2024-07-31,0.054287629643329005
FAN,2024-08-30,-0.005851542483221395
FAN,2024-09-30,0.06460124734089101
FAN,2024-10-31,-0.07760536049436806
FAN,2024-11-29,-0.03064907353146351
FAN,2024-12-31,-0.08096109060460677
FAN,2025-01-31,-0.002702697203462834
FAN,2025-02-28,0.028455259404420508
FAN,2025-03-31,-0.00984967846384488
FAN,2025-04-30,0.04663556043724504
FAN,2025-05-30,0.09038815780820575
FAN,2025-06-30,0.06523742639799224
FAN,2025-07-31,0.040793896136111396
FAN,2025-08-29,-0.018008366357712635
FAN,2025-09-30,0.04123454907277013
FAN,2025-10-31,0.053097300039745
FAN,2025-11-28,-0.01779530001883256
FAN,2025-12-31,0.0329717267631362
FAN,2026-01-30,0.10014658640509277
FAN,2026-02-27,0.08658967845742516
FAN,2026-03-31,0.011033866242356583
FAN,2026-04-30,0.09296694792726568
FAN,2026-05-29,-0.029955689237818772
FAN,2026-06-30,-0.04425871329324538
FAN,2026-07-31,-0.0500400329426145
FAN,2026-08-31,-0.00421409116724758
FAN,2026-09-18,-0.010579771852682995
GREK,2015-01-30,-0.235807777029997
GREK,2015-02-27,0.23333305981590535
GREK,2015-03-31,-0.14903461464456258
GREK,2015-04-30,0.1215970138624407
GREK,2015-05-29,-0.014563128908343659
GREK,2015-06-30,-0.17405572388537316
GREK,2015-07-31,-0.028827135044508623
GREK,2015-08-31,-0.05834186382850015
GREK,2015-09-30,0.04456543942203295
GREK,2015-10-30,0.09261177609310156
GREK,2015-11-30,-0.17047639884462984
GREK,2015-12-31,-0.07247072747013694
GREK,2016-01-29,-0.11180935178606255
GREK,2016-02-29,-0.08769432432567381
GREK,2016-03-31,0.16744175803440586
GREK,2016-04-29,0.04249653778919238
GREK,2016-05-31,0.07133759162070463
GREK,2016-06-30,-0.14030903502908698
GREK,2016-07-29,0.03872740859508039
GREK,2016-08-31,-0.02130513733796302
GREK,2016-09-30,-0.023129063598663957
GREK,2016-10-31,0.013927846269017552
GREK,2016-11-30,0.08928568748381482
GREK,2016-12-30,0.0016169966957346738
GREK,2017-01-31,-0.028241388837772052
GREK,2017-02-28,0.018493982837477718
GREK,2017-03-31,0.032425594318475026
GREK,2017-04-28,0.0766331015596311
GREK,2017-05-31,0.07701298362764941
GREK,2017-06-30,0.09534091287645596
GREK,2017-07-31,0.006924015536003969
GREK,2017-08-31,0.008840881621632324
GREK,2017-09-29,-0.07887040772843434
GREK,2017-10-31,-0.02008460334936546
GREK,2017-11-30,-0.016181171065614675
GREK,2017-12-29,0.15141567026277158
GREK,2018-01-31,0.09727637944168577
GREK,2018-02-28,-0.09042553191489366
GREK,2018-03-29,-0.054580949122413736
GREK,2018-04-30,0.099999866887589
GREK,2018-05-31,-0.14714141818887538
GREK,2018-06-29,0.003296526130288191
GREK,2018-07-31,0.019715317570754953
GREK,2018-08-31,-0.06337252440918673
GREK,2018-09-28,-0.04931186186633629
GREK,2018-10-31,-0.06996412722545098
GREK,2018-11-30,-0.025940098428161806
GREK,2018-12-31,-0.058907869662852774
GREK,2019-01-31,0.06231889998751994
GREK,2019-02-28,0.07503416374650929
GREK,2019-03-29,0.020304706573874176
GREK,2019-04-30,0.05721396861881001
GREK,2019-05-31,0.07058805427794068
GREK,2019-06-28,0.0552194899467755
GREK,2019-07-31,0.010460343906820047
GREK,2019-08-30,-0.04865439569054553
GREK,2019-09-30,0.01523418862945225
GREK,2019-10-31,0.05680594204238787
GREK,2019-11-29,0.006085230133388242
GREK,2019-12-31,0.04009861236128831
GREK,2020-01-31,-0.06021699336646691
GREK,2020-02-28,-0.21743715620275128
GREK,2020-03-31,-0.23624148308866888
GREK,2020-04-30,0.09197419357632852
GREK,2020-05-29,0.04667380491463291
GREK,2020-06-30,0.019781286819777755
GREK,2020-07-31,-0.00455462789860539
GREK,2020-08-31,0.049313773202206646
GREK,2020-09-30,-0.031976803324622605
GREK,2020-10-30,-0.10460459391381183
GREK,2020-11-30,0.2884292080912074
GREK,2020-12-31,0.1275178274146198
GREK,2021-01-29,-0.0887666377852554
GREK,2021-02-26,0.07198272162000707
GREK,2021-03-31,0.0631281014173879
GREK,2021-04-30,0.07866884007874342
GREK,2021-05-28,-0.007713983316844142
GREK,2021-06-30,-0.016254401917801364
GREK,2021-07-30,-0.005028660693495501
GREK,2021-08-31,0.04981944396319782
GREK,2021-09-30,-0.07083910026711993
GREK,2021-10-29,0.037749823264645155
GREK,2021-11-30,-0.07489285612077867
GREK,2021-12-31,0.04172993756501109
GREK,2022-01-31,0.07145542123496118
GREK,2022-02-28,-0.04410721554210639
GREK,2022-03-31,-0.018456988095873372
GREK,2022-04-29,-0.01729985903806308
GREK,2022-05-31,0.014542808821555564
GREK,2022-06-30,-0.10329988677229329
GREK,2022-07-29,0.011387669925835509
GREK,2022-08-31,-0.024186890890540602
GREK,2022-09-30,-0.09358985853064383
GREK,2022-10-31,0.1320133409785853
GREK,2022-11-30,0.10412339559432282
GREK,2022-12-30,0.03135871917205635
GREK,2023-01-31,0.14189185989572572
GREK,2023-02-28,0.07034847714553272
GREK,2023-03-31,-0.06756762613682121
GREK,2023-04-28,0.03194991164561567
GREK,2023-05-31,0.0852217416442862
GREK,2023-06-30,0.09864107438191683
GREK,2023-07-31,0.05224889576391423
GREK,2023-08-31,-0.038136552113107514
GREK,2023-09-29,-0.11575327931749657
GREK,2023-10-31,0.012940126037655153
GREK,2023-11-30,0.111111223363485
GREK,2023-12-29,0.010481425449311521
GREK,2024-01-31,0.051551963402813206
GREK,2024-02-29,0.029774181889477225
GREK,2024-03-28,-0.002741852086443841
GREK,2024-04-30,0.010247538885643337
GREK,2024-05-31,0.01855512244850832
GREK,2024-06-28,-0.031024663648534068
GREK,2024-07-31,0.07970829716784666
GREK,2024-08-30,-0.02468553392185635
GREK,2024-09-30,0.03127980918944395
GREK,2024-10-31,-0.08150029977561801
GREK,2024-11-29,-0.01966231859151646
GREK,2024-12-31,0.04031654070351576
GREK,2025-01-31,0.06651194021406015
GREK,2025-02-28,0.029248227600426002
GREK,2025-03-31,0.10310009934536835
GREK,2025-04-30,0.05428999268833645
GREK,2025-05-30,0.11066228067635375
GREK,2025-06-30,0.07122095002208839
GREK,2025-07-31,0.042556799075362584
GREK,2025-08-29,0.04263762039908414
GREK,2025-09-30,0.020763974497405524
GREK,2025-10-31,-0.03385085948864808
GREK,2025-11-28,0.04982309799920559
GREK,2025-12-31,0.030258901435750163
GREK,2026-01-30,0.11894999064753131
GREK,2026-02-27,-0.04162702488352377
GREK,2026-03-31,-0.09634982227368971
GREK,2026-04-30,0.09519336638603826
GREK,2026-05-29,0.06304506267125354
GREK,2026-06-30,0.022870650885249866
GREK,2026-07-31,0.06238409383407495
GREK,2026-08-31,0.06208706412886178
GREK,2026-09-18,-0.001173918307895483
GRID,2015-01-30,-0.043074813832221226
GRID,2015-02-27,0.05442811108352763
GRID,2015-03-31,0.01308401284851568
GRID,2015-04-30,0.01267600670609803
GRID,2015-05-29,0.005441751098954617
GRID,2015-06-30,-0.025447412431287453
GRID,2015-07-31,-0.03968674926217319
GRID,2015-08-31,-0.039580830614215023
GRID,2015-09-30,-0.03841451209825553
GRID,2015-10-30,0.04295649376519006
GRID,2015-11-30,0.003028344896968571
GRID,2015-12-31,0.010534799710672615
GRID,2016-01-29,-0.08445616242929777
GRID,2016-02-29,0.024860659428383114
GRID,2016-03-31,0.1091603951805975
GRID,2016-04-29,0.04604348828927263
GRID,2016-05-31,0.005502078037297631
GRID,2016-06-30,-0.03731060885983262
GRID,2016-07-29,0.07489966499354339
GRID,2016-08-31,0.005319378061481972
GRID,2016-09-30,0.050998045471264186
GRID,2016-10-31,-0.04593593098189808
GRID,2016-11-30,0.05952330617113799
GRID,2016-12-30,0.014115463701319442
GRID,2017-01-31,0.007407477178358102
GRID,2017-02-28,-0.004902214390536175
GRID,2017-03-31,0.03202011637111046
GRID,2017-04-28,0.03054886329058193
GRID,2017-05-31,-0.0020845433700555915
GRID,2017-06-30,0.020345309477247442
GRID,2017-07-31,0.04796866082583939
GRID,2017-08-31,0.019710801775478126
GRID,2017-09-29,0.055971129485013815
GRID,2017-10-31,0.032383123001481495
GRID,2017-11-30,-0.013611976215390453
GRID,2017-12-29,0.02155741953258583
GRID,2018-01-31,0.030201644871859834
GRID,2018-02-28,-0.03655040546814414
GRID,2018-03-29,-0.016579920329339637
GRID,2018-04-30,-0.016696815143004695
GRID,2018-05-31,0.04480349730576294
GRID,2018-06-29,-0.03937090413612743
GRID,2018-07-31,0.024815593189590812
GRID,2018-08-31,6.000266863386283e-4
GRID,2018-09-28,-0.046655130028279035
GRID,2018-10-31,-0.11272362880402564
GRID,2018-11-30,0.008296295626505357
GRID,2018-12-31,-0.082324880748053
GRID,2019-01-31,0.1352805308047207
GRID,2019-02-28,0.024373669531944753
GRID,2019-03-29,-0.03739343376925719
GRID,2019-04-30,0.05918775391229891
GRID,2019-05-31,-0.06216151135515857
GRID,2019-06-28,0.12204130001119506
GRID,2019-07-31,0.0153177927810777
GRID,2019-08-30,-0.024872693514536026
GRID,2019-09-30,0.041915536933803565
GRID,2019-10-31,0.03347436789248093
GRID,2019-11-29,0.02653665077535039
GRID,2019-12-31,0.045646309304333554
GRID,2020-01-31,-0.016930542905619572
GRID,2020-02-28,0.007592484476350414
GRID,2020-03-31,-0.21131179436848158
GRID,2020-04-30,0.14795774069821332
GRID,2020-05-29,0.08030100360804493
GRID,2020-06-30,0.03630321475011122
GRID,2020-07-31,0.05662771532383526
GRID,2020-08-31,0.11562982707843439
GRID,2020-09-30,-0.02255204244960196
GRID,2020-10-30,0.01458705529468296
GRID,2020-11-30,0.17909007726950166
GRID,2020-12-31,0.075520750179142615
GRID,2021-01-29,0.0027162998583920572
GRID,2021-02-26,0.04530889939092919
GRID,2021-03-31,0.017098059367066876
GRID,2021-04-30,0.01842428343210689
GRID,2021-05-28,0.03197159700726693
GRID,2021-06-30,0.024872960851707315
GRID,2021-07-30,0.04168025795104291
GRID,2021-08-31,0.02622579711327022
GRID,2021-09-30,-0.06236384080971069
GRID,2021-10-29,0.09998929991943672
GRID,2021-11-30,-0.0074605205665096985
GRID,2021-12-31,0.01581246823469762
GRID,2022-01-31,-0.10032157125810925
GRID,2022-02-28,-0.019486819437152136
GRID,2022-03-31,0.039968275722112256
GRID,2022-04-29,-0.09536496789014637
GRID,2022-05-31,0.014455720368490743
GRID,2022-06-30,-0.09665885329463852
GRID,2022-07-29,0.15203086193475057
GRID,2022-08-31,-0.06312970315180166
GRID,2022-09-30,-0.09802117134955834
GRID,2022-10-31,0.10486433360749237
GRID,2022-11-30,0.12197751554357672
GRID,2022-12-30,-0.06174960191796108
GRID,2023-01-31,0.09227423472960394
GRID,2023-02-28,-0.009234767645493136
GRID,2023-03-31,0.03530791102786934
GRID,2023-04-28,-0.009113193335151482
GRID,2023-05-31,0.016740739017506945
GRID,2023-06-30,0.0757346792721676
GRID,2023-07-31,0.005802974186227772
GRID,2023-08-31,-0.045493245083647715
GRID,2023-09-29,-0.06810405958119359
GRID,2023-10-31,-0.07817661726546998
GRID,2023-11-30,0.11750426696900584
GRID,2023-12-29,0.086327637998866
GRID,2024-01-31,-0.044503679553519526
GRID,2024-02-29,0.08755608589942243
GRID,2024-03-28,0.05424319560230506
GRID,2024-04-30,-0.018322903499638943
GRID,2024-05-31,0.06514956778359848
GRID,2024-06-28,-0.030212094319576166
GRID,2024-07-31,0.031406822169661064
GRID,2024-08-30,0.023404028207440808
GRID,2024-09-30,0.04510280867481686
GRID,2024-10-31,-0.04385078709976398
GRID,2024-11-29,0.03583469795062588
GRID,2024-12-31,-0.05100350247478225
GRID,2025-01-31,0.011731119623558772
GRID,2025-02-28,-0.02799391812213836
GRID,2025-03-31,-0.03489466262500884
GRID,2025-04-30,0.04852830466516411
GRID,2025-05-30,0.09534635765159227
GRID,2025-06-30,0.07657256063818996
GRID,2025-07-31,0.023018420558346797
GRID,2025-08-29,0.004851550160183793
GRID,2025-09-30,0.058837203468128374
GRID,2025-10-31,0.03984646924722601
GRID,2025-11-28,-0.02813511394902546
GRID,2025-12-31,0.004409018192004677
GRID,2026-01-30,0.0774407350768902
GRID,2026-02-27,0.07872875253193712
GRID,2026-03-31,-0.07968881835219088
GRID,2026-04-30,0.16756327252647307
GRID,2026-05-29,0.010890609563541487
GRID,2026-06-30,-0.0028302212432040896
GRID,2026-07-31,-0.06466750402338661
GRID,2026-08-31,-0.005352699644253667
GRID,2026-09-18,-7.847939353520239e-4
INDA,2015-01-30,0.05626839303825237
INDA,2015-02-27,0.04267906943109723
INDA,2015-03-31,-0.044218616584716264
INDA,2015-04-30,-0.08127540922641963
INDA,2015-05-29,0.039469281993636196
INDA,2015-06-30,-0.00533171273988875
INDA,2015-07-31,0.02676782684478729
INDA,2015-08-31,-0.0959122421337808
INDA,2015-09-30,0.017087713870856724
INDA,2015-10-30,-0.0031503208738419275
INDA,2015-11-30,-0.035814476157248865
INDA,2015-12-31,0.008866813033420406
INDA,2016-01-29,-0.05527276587918062
INDA,2016-02-29,-0.07544256954352357
INDA,2016-03-31,0.12905910100430518
INDA,2016-04-29,-0.002212617253757987
INDA,2016-05-31,0.02106426112453952
INDA,2016-06-30,0.016683188305468555
INDA,2016-07-29,0.058381127360962015
INDA,2016-08-31,3.385205500043842e-4
INDA,2016-09-30,-0.005074578505692151
INDA,2016-10-31,-0.012580761461696732
INDA,2016-11-30,-0.07265837160342903
INDA,2016-12-30,-0.0016837922787766857
INDA,2017-01-31,0.057814118632585565
INDA,2017-02-28,0.04619156072343489
INDA,2017-03-31,0.06134156057388562
INDA,2017-04-28,0.018736298632758608
INDA,2017-05-31,0.014650697322375894
INDA,2017-06-30,-0.010049803198143414
INDA,2017-07-31,0.07040498475184909
INDA,2017-08-31,-0.007275796915905519
INDA,2017-09-29,-0.036939548745465345
INDA,2017-10-31,0.07275523689808816
INDA,2017-11-30,-0.013053522464753775
INDA,2017-12-29,0.04494343377775434
INDA,2018-01-31,0.032714211394996306
INDA,2018-02-28,-0.07865764419890497
INDA,2018-03-29,-0.005536134275871518
INDA,2018-04-30,0.02402595211649139
INDA,2018-05-31,-0.037196149255365185
INDA,2018-06-29,-0.009338712674524685
INDA,2018-07-31,0.07029119185812016
INDA,2018-08-31,0.0014033208909858264
INDA,2018-09-28,-0.08996630291727103
INDA,2018-10-31,-0.07021878928557168
INDA,2018-11-30,0.10467034011600385
INDA,2018-12-31,0.008040042245599288
INDA,2019-01-31,-0.016196765544333913
INDA,2019-02-28,-0.0033536114800154504
INDA,2019-03-29,0.07831143999833245
INDA,2019-04-30,0.007376082497653869
INDA,2019-05-31,0.013235683836059664
INDA,2019-06-28,-0.009968453879835582
INDA,2019-07-31,-0.06515588616899226
INDA,2019-08-30,-0.024848393316311612
INDA,2019-09-30,0.0431944276695313
INDA,2019-10-31,0.03217161448615835
INDA,2019-11-29,-0.0054833641265336075
INDA,2019-12-31,0.020980631021144003
INDA,2020-01-31,-0.018776755289152236
INDA,2020-02-28,-0.06668616221420598
INDA,2020-03-31,-0.25100953030341555
INDA,2020-04-30,0.12194107451156966
INDA,2020-05-29,0.016266122229756208
INDA,2020-06-30,0.05850532357303173
INDA,2020-07-31,0.10062032331394755
INDA,2020-08-31,0.0447713681486015
INDA,2020-09-30,0.014683820174481887
INDA,2020-10-30,-0.00797395259486633
INDA,2020-11-30,0.08603737296438307
INDA,2020-12-31,0.1034385350322411
INDA,2021-01-29,-0.026852437658269612
INDA,2021-02-26,0.048288270815368683
INDA,2021-03-31,0.02802822502859903
INDA,2021-04-30,-0.02750107550204106
INDA,2021-05-28,0.07947336119098969
INDA,2021-06-30,2.5317334505858824e-4
INDA,2021-07-30,0.009943446043305215
INDA,2021-08-31,0.08749154109458801
INDA,2021-09-30,0.0018518932022677514
INDA,2021-10-29,0.0030807833886312697
INDA,2021-11-30,-0.027027040623863074
INDA,2021-12-31,0.026168106068479524
INDA,2022-01-31,6.544458649904161e-4
INDA,2022-02-28,-0.046217568817691346
INDA,2022-03-31,0.018742848575100002
INDA,2022-04-29,-0.020865999797199497
INDA,2022-05-31,-0.050641682369917396
INDA,2022-06-30,-0.049722431416238555
INDA,2022-07-29,0.08407422566867062
INDA,2022-08-31,0.007966236958952377
INDA,2022-09-30,-0.05206887334917376
INDA,2022-10-31,0.034821074154505416
INDA,2022-11-30,0.04834127226155771
INDA,2022-12-30,-0.056509940911865564
INDA,2023-01-31,-0.017968346359875653
INDA,2023-02-28,-0.05342767800022319
INDA,2023-03-31,0.014432957982501327
INDA,2023-04-28,0.04471530839939608
INDA,2023-05-31,0.01410508987540915
INDA,2023-06-30,0.04994930920755647
INDA,2023-07-31,0.024256225705395318
INDA,2023-08-31,-0.017649579553631
INDA,2023-09-29,0.005685670546041965
INDA,2023-10-31,-0.02216192798068528
INDA,2023-11-30,0.06429233433655979
INDA,2023-12-29,0.06062577480442877
INDA,2024-01-31,0.022126614850388915
INDA,2024-02-29,0.025456034791218274
INDA,2024-03-28,0.008404983327773063
INDA,2024-04-30,0.014731504810875595
INDA,2024-05-31,0.012607426470868877
INDA,2024-06-28,0.05225427719034759
INDA,2024-07-31,0.02940127625106581
INDA,2024-08-30,0.00522470535710462
INDA,2024-09-30,0.014033164492905259
INDA,2024-10-31,-0.06338625784238916
INDA,2024-11-29,-7.296997030946661e-4
INDA,2024-12-31,-0.03211325836064016
INDA,2025-01-31,-0.03134494168527879
INDA,2025-02-28,-0.05667784093378758
INDA,2025-03-31,0.07027029470559665
INDA,2025-04-30,0.04059829392331604
INDA,2025-05-30,0.013813733109621307
INDA,2025-06-30,0.025225536682798033
INDA,2025-07-31,-0.05459771729284202
INDA,2025-08-29,-0.012537991167642315
INDA,2025-09-30,0.0015390887218011962
INDA,2025-10-31,0.03668843252071108
INDA,2025-11-28,0.013711281212379633
INDA,2025-12-31,-0.01206360552836172
INDA,2026-01-30,-0.042738160799266955
INDA,2026-02-27,0.01024350139357355
INDA,2026-03-31,-0.10388368581636898
INDA,2026-04-30,0.05508108471291018
INDA,2026-05-29,-0.01740179740020109
INDA,2026-06-30,0.017092215668962796
INDA,2026-07-31,0.008301272574990914
INDA,2026-08-31,-0.0020080015191380474
INDA,2026-09-18,-0.03380282252286271
ITA,2015-01-30,-6.110771665400749e-4
ITA,2015-02-27,0.07796492385451703
ITA,2015-03-31,0.007745151025926544
ITA,2015-04-30,-0.029730234021133062
ITA,2015-05-29,0.012156383498303391
ITA,2015-06-30,-0.017990917304995135
ITA,2015-07-31,-0.009232715382341938
ITA,2015-08-31,-0.03863084800772976
ITA,2015-09-30,-0.03707303710307419
ITA,2015-10-30,0.0845717963882826
ITA,2015-11-30,0.014461990609614395
ITA,2015-12-31,-0.012552696866861668
ITA,2016-01-29,-0.07443765846103889
ITA,2016-02-29,0.025132423465355824
ITA,2016-03-31,0.044879179035201
ITA,2016-04-29,0.04260416806189715
ITA,2016-05-31,0.017723628284557202
ITA,2016-06-30,0.009788812582869344
ITA,2016-07-29,0.03666054938996499
ITA,2016-08-31,0.005405103805591116
ITA,2016-09-30,-0.006083425275603127
ITA,2016-10-31,0.00937576235918769
ITA,2016-11-30,0.10009947373206529
ITA,2016-12-30,-0.01589974282488482
ITA,2017-01-31,0.013307903083624728
ITA,2017-02-28,0.06587523716258814
ITA,2017-03-31,-0.018025117091469256
ITA,2017-04-28,0.03388967970648982
ITA,2017-05-31,0.026339612674465496
ITA,2017-06-30,-5.114079726603604e-4
ITA,2017-07-31,0.04798189786878604
ITA,2017-08-31,0.036749767195976224
ITA,2017-09-29,0.04559385659494586
ITA,2017-10-31,0.013648883397176625
ITA,2017-11-30,0.0297551102079181
ITA,2017-12-29,0.013942594749130954
ITA,2018-01-31,0.080484843648569
ITA,2018-02-28,-0.0018694815450480684
ITA,2018-03-29,-0.022164110246288726
ITA,2018-04-30,-0.028338975514499043
ITA,2018-05-31,0.03504037623493872
ITA,2018-06-29,-0.031059982020533505
ITA,2018-07-31,0.06946557430024658
ITA,2018-08-31,0.007918424652197942
ITA,2018-09-28,0.047403373534146365
ITA,2018-10-31,-0.1141705984382877
ITA,2018-11-30,0.001512306168135913
ITA,2018-12-31,-0.09860632499462085
ITA,2019-01-31,0.12518779262993784
ITA,2019-02-28,0.07516693697154309
ITA,2019-03-29,-0.04280887538612543
ITA,2019-04-30,0.05030570014765767
ITA,2019-05-31,-0.03663784218881938
ITA,2019-06-28,0.06391246745519075
ITA,2019-07-31,0.004995179902111291
ITA,2019-08-30,0.0303325971986379
ITA,2019-09-30,0.015652271462198497
ITA,2019-10-31,-0.02047155752448082
ITA,2019-11-29,0.05197611954275594
ITA,2019-12-31,-0.033902817182620226
ITA,2020-01-31,0.02530601830842949
ITA,2020-02-28,-0.11774239441740864
ITA,2020-03-31,-0.27964051419814995
ITA,2020-04-30,0.08279469039656462
ITA,2020-05-29,0.056432806631408594
ITA,2020-06-30,0.003485730285531119
ITA,2020-07-31,-0.048688698370169314
ITA,2020-08-31,0.066049828422313
ITA,2020-09-30,-0.04931558058409169
ITA,2020-10-30,-0.046587963056091586
ITA,2020-11-30,0.22366451102620966
ITA,2020-12-31,0.02721928179684041
ITA,2021-01-29,-0.05954369269515081
ITA,2021-02-26,0.07330479489066866
ITA,2021-03-31,0.09233505482302484
ITA,2021-04-30,0.0223800905925835
ITA,2021-05-28,0.036264854859320295
ITA,2021-06-30,-0.005294912472201374
ITA,2021-07-30,-0.01424257138217544
ITA,2021-08-31,-0.01843116260334432
ITA,2021-09-30,-0.014721453949420704
ITA,2021-10-29,0.0024941569371119687
ITA,2021-11-30,-0.061243819332301386
ITA,2021-12-31,0.04933393875039194
ITA,2022-01-31,-0.016053643120028105
ITA,2022-02-28,0.10649684070231125
ITA,2022-03-31,-0.008496837517245837
ITA,2022-04-29,-0.07157684076707738
ITA,2022-05-31,-0.006611084859245442
ITA,2022-06-30,-0.02687954317532093
ITA,2022-07-29,0.04668748531637368
ITA,2022-08-31,-0.020134667564399744
ITA,2022-09-30,-0.09979396812609076
ITA,2022-10-31,0.1756773577573707
ITA,2022-11-30,0.043932492067490836
ITA,2022-12-30,0.0016163085838114544
ITA,2023-01-31,0.025120657636358512
ITA,2023-02-28,3.487865115998634e-4
ITA,2023-03-31,0.005764629514993347
ITA,2023-04-28,-0.009732293102682865
ITA,2023-05-31,-0.04650746228488223
ITA,2023-06-30,0.07597615715374317
ITA,2023-07-31,0.008999702340959814
ITA,2023-08-31,-0.01316674622093994
ITA,2023-09-29,-0.08587237567100237
ITA,2023-10-31,0.03670833187209932
ITA,2023-11-30,0.09102515132822897
ITA,2023-12-29,0.05986121986171122
ITA,2024-01-31,-0.03120066967350843
ITA,2024-02-29,0.042641596341068455
ITA,2024-03-28,0.03379072141156536
ITA,2024-04-30,-0.015765990373913796
ITA,2024-05-31,0.04751653637429487
ITA,2024-06-28,-0.027050499871827727
ITA,2024-07-31,0.08428619288390227
ITA,2024-08-30,0.03163869752613779
ITA,2024-09-30,0.014609677896172846
ITA,2024-10-31,-0.03481700414315447
ITA,2024-11-29,0.07713090376892606
ITA,2024-12-31,-0.06295716566615883
ITA,2025-01-31,0.07726179816955292
ITA,2025-02-28,-0.011431827074898648
ITA,2025-03-31,-0.009284277980157851
ITA,2025-04-30,0.024885589410411413
ITA,2025-05-30,0.1295647670058373
ITA,2025-06-30,0.06533634143334033
ITA,2025-07-31,0.04219681351897253
ITA,2025-08-29,0.009257415264992463
ITA,2025-09-30,0.058565263972037096
ITA,2025-10-31,0.03120515251216105
ITA,2025-11-28,-0.04953882137071841
ITA,2025-12-31,0.046757733400458745
ITA,2026-01-30,0.0823978283487472
ITA,2026-02-27,0.04879938848372456
ITA,2026-03-31,-0.10187116724603085
ITA,2026-04-30,-8.685227251682415e-4
ITA,2026-05-29,0.0772328207313362
ITA,2026-06-30,0.03036935173346822
ITA,2026-07-31,-0.011385141485758199
ITA,2026-08-31,-0.04719185893678368
ITA,2026-09-18,-0.062457276373046544
KSA,2015-09-30,-0.01982114757967124
KSA,2015-10-30,-0.010309451170047779
KSA,2015-11-30,0.005608993169580412
KSA,2015-12-31,-0.03470440246492412
KSA,2016-01-29,-0.13294804942880378
KSA,2016-02-29,0.005762034337064126
KSA,2016-03-31,0.05108648426700846
KSA,2016-04-29,0.09117129649936517
KSA,2016-05-31,-0.0381440907159849
KSA,2016-06-30,0.014666369242809063
KSA,2016-07-29,-0.04062193050057428
KSA,2016-08-31,-0.027973129808123498
KSA,2016-09-30,-0.04351450335846663
KSA,2016-10-31,0.05668606797560449
KSA,2016-11-30,0.14773033921715228
KSA,2016-12-30,0.019679780657810175
KSA,2017-01-31,0.0017025726427044585
KSA,2017-02-28,-0.026326146840896403
KSA,2017-03-31,0.008322591339980923
KSA,2017-04-28,0.004951991594517757
KSA,2017-05-31,-0.00612959350329445
KSA,2017-06-30,0.1045238835401836
KSA,2017-07-31,-0.04575972410515872
KSA,2017-08-31,0.008926042590665206
KSA,2017-09-29,0.0011491178422389225
KSA,2017-10-31,-0.03596022643493668
KSA,2017-11-30,0.002777847761646468
KSA,2017-12-29,0.049980870768612684
KSA,2018-01-31,0.05882350840347961
KSA,2018-02-28,-0.03751784526207769
KSA,2018-03-29,0.09782617266384963
KSA,2018-04-30,0.04404194387239824
KSA,2018-05-31,0.01471569682226348
KSA,2018-06-29,0.02034185912074049
KSA,2018-07-31,-0.004781698074245777
KSA,2018-08-31,-0.055092906186705815
KSA,2018-09-28,0.011559368534616699
KSA,2018-10-31,-0.004054937664850433
KSA,2018-11-30,-0.03970375930310899
KSA,2018-12-31,0.027692035032270468
KSA,2019-01-31,0.10522676047796775
KSA,2019-02-28,-0.004071398615837385
KSA,2019-03-29,0.04716991621833211
KSA,2019-04-30,0.055555662118937255
KSA,2019-05-31,-0.08250380960045278
KSA,2019-06-28,0.03300232684229565
KSA,2019-07-31,-0.014536476773594709
KSA,2019-08-30,-0.06883847348892658
KSA,2019-09-30,0.005940553275587401
KSA,2019-10-31,-0.05446196620570043
KSA,2019-11-29,0.01839001265630924
KSA,2019-12-31,0.06632066354329136
KSA,2020-01-31,-0.033958679905888745
KSA,2020-02-28,-0.09440921891919196
KSA,2020-03-31,-0.11534205351856086
KSA,2020-04-30,0.06853319778928779
KSA,2020-05-29,0.04536585250790659
KSA,2020-06-30,0.0016034837893696974
KSA,2020-07-31,0.020136907710032403
KSA,2020-08-31,0.07523292521749547
KSA,2020-09-30,0.028749431488540367
KSA,2020-10-30,-0.04646469366800854
KSA,2020-11-30,0.10346041835262598
KSA,2020-12-31,-0.001472460739592285
KSA,2021-01-29,0.0012857372892951524
KSA,2021-02-26,0.03178178588013969
KSA,2021-03-31,0.11792120443037057
KSA,2021-04-30,0.051489185192551856
KSA,2021-05-28,0.020116629159515176
KSA,2021-06-30,0.03249573242340187
KSA,2021-07-30,0.008117636455733379
KSA,2021-08-31,0.03749354056503318
KSA,2021-09-30,0.013825034612562792
KSA,2021-10-29,0.03445003615127895
KSA,2021-11-30,-0.08903822226930691
KSA,2021-12-31,0.04547850332377634
KSA,2022-01-31,0.11347504880813752
KSA,2022-02-28,0.023281389627366478
KSA,2022-03-31,0.018673630996234314
KSA,2022-04-29,0.06763581930202034
KSA,2022-05-31,-0.07696854856512936
KSA,2022-06-30,-0.10856123452055799
KSA,2022-07-29,0.0647502089181311
KSA,2022-08-31,0.0061265892693531665
KSA,2022-09-30,-0.07532703989476863
KSA,2022-10-31,0.044878073810669994
KSA,2022-11-30,-0.07959858002019016
KSA,2022-12-30,-0.03288705650433554
KSA,2023-01-31,0.039501471014175005
KSA,2023-02-28,-0.07472586292245398
KSA,2023-03-31,0.06753041838792506
KSA,2023-04-28,0.06300015496702072
KSA,2023-05-31,-0.028661657385819495
KSA,2023-06-30,0.04586785194173082
KSA,2023-07-31,0.01790440446630681
KSA,2023-08-31,-0.027810635132613837
KSA,2023-09-29,-0.052811674126196695
KSA,2023-10-31,-0.021941091516571642
KSA,2023-11-30,0.04513046813476018
KSA,2023-12-29,0.08292691525060225
KSA,2024-01-31,-0.016064326701672793
KSA,2024-02-29,0.06794714333982843
KSA,2024-03-28,-0.007194156521739159
KSA,2024-04-30,-0.025815307770555296
KSA,2024-05-31,-0.0676429500097292
KSA,2024-06-28,0.02786187371753912
KSA,2024-07-31,0.03643525081044996
KSA,2024-08-30,0.006413440804619253
KSA,2024-09-30,0.007788516306015847
KSA,2024-10-31,-0.017798763704226506
KSA,2024-11-29,-0.020982129919864367
KSA,2024-12-31,0.013852975764841124
KSA,2025-01-31,0.0347697635855273
KSA,2025-02-28,-0.02673904579358133
KSA,2025-03-31,0.005834995506992291
KSA,2025-04-30,-0.022721740970321425
KSA,2025-05-30,-0.05194160344910914
KSA,2025-06-30,0.022917656782295515
KSA,2025-07-31,-0.025428122135295883
KSA,2025-08-29,-0.0053248084078163505
KSA,2025-09-30,0.08618843576364466
KSA,2025-10-31,-0.007392893649321386
KSA,2025-11-28,-0.07050645008096657
KSA,2025-12-31,-0.01574556080008571
KSA,2026-01-30,0.09475418192401275
KSA,2026-02-27,-0.06748623212809834
KSA,2026-03-31,0.06941081037994024
KSA,2026-04-30,-0.016352226259905178
KSA,2026-05-29,-0.00895132912894514
KSA,2026-06-30,-0.022440819276857926
KSA,2026-07-31,-0.00938092404008628
KSA,2026-08-31,0.04978355514518662
KSA,2026-09-18,-0.03530925151607178
MCHI,2015-01-30,0.0027858670629257176
MCHI,2015-02-27,0.05277786034201104
MCHI,2015-03-31,0.027138991544158664
MCHI,2015-04-30,0.15009147038844528
MCHI,2015-05-29,-0.04514977887313543
MCHI,2015-06-30,-0.05409496334802555
MCHI,2015-07-31,-0.10706662103391573
MCHI,2015-08-31,-0.11870489070188728
MCHI,2015-09-30,-0.006576234775697243
MCHI,2015-10-30,0.07966251527049417
MCHI,2015-11-30,-0.011627829927670308
MCHI,2015-12-31,-0.03209438838508627
MCHI,2016-01-29,-0.11967710627944006
MCHI,2016-02-29,-0.0236762552686971
MCHI,2016-03-31,0.10847436282107936
MCHI,2016-04-29,-0.005645531542306403
MCHI,2016-05-31,-4.732866412472392e-4
MCHI,2016-06-30,0.010643128476883978
MCHI,2016-07-29,0.03845268834791038
MCHI,2016-08-31,0.06224439989214248
MCHI,2016-09-30,0.037211119334263465
MCHI,2016-10-31,-0.029484551462236275
MCHI,2016-11-30,-0.009559963808652872
MCHI,2016-12-30,-0.05291020934663304
MCHI,2017-01-31,0.07500559802866413
MCHI,2017-02-28,0.03616255707322025
MCHI,2017-03-31,0.025046371910684817
MCHI,2017-04-28,0.024634401303975872
MCHI,2017-05-31,0.051016548157369224
MCHI,2017-06-30,0.020676729940222405
MCHI,2017-07-31,0.0863045877534021
MCHI,2017-08-31,0.04359546930711877
MCHI,2017-09-29,0.01758057673214286
MCHI,2017-10-31,0.0350293535064814
MCHI,2017-11-30,0.014394942459681648
MCHI,2017-12-29,0.017522862478515755
MCHI,2018-01-31,0.12428599697430287
MCHI,2018-02-28,-0.07498994267998582
MCHI,2018-03-29,-0.009104148252727207
MCHI,2018-04-30,-0.025083929885741596
MCHI,2018-05-31,0.029618685924818422
MCHI,2018-06-29,-0.05718072787918238
MCHI,2018-07-31,-0.012074259767548057
MCHI,2018-08-31,-0.048260876192045776
MCHI,2018-09-28,-0.013993966816613912
MCHI,2018-10-31,-0.11086997988974512
MCHI,2018-11-30,0.07943657770703738
MCHI,2018-12-31,-0.07564192102079903
MCHI,2019-01-31,0.12713809093485384
MCHI,2019-02-28,0.02360476569082337
MCHI,2019-03-29,0.02833152577466591
MCHI,2019-04-30,0.01745951823507874
MCHI,2019-05-31,-0.1289356789392212
MCHI,2019-06-28,0.0813376283623286
MCHI,2019-07-31,-0.01648446903939227
MCHI,2019-08-30,-0.03506079066096135
MCHI,2019-09-30,-0.0060260499511780585
MCHI,2019-10-31,0.04261758009667549
MCHI,2019-11-29,0.020352336976140695
MCHI,2019-12-31,0.08427437029617368
MCHI,2020-01-31,-0.062099894409929024
MCHI,2020-02-28,0.03360481960902639
MCHI,2020-03-31,-0.07854481091767496
MCHI,2020-04-30,0.04768552960073591
MCHI,2020-05-29,0.017005608490660462
MCHI,2020-06-30,0.07695306274356817
MCHI,2020-07-31,0.09259012306892567
MCHI,2020-08-31,0.05789370800834037
MCHI,2020-09-30,-0.01956349306832572
MCHI,2020-10-30,0.04786304203414993
MCHI,2020-11-30,0.026891289405412966
MCHI,2020-12-31,0.022291419394472323
MCHI,2021-01-29,0.08089433873625884
MCHI,2021-02-26,-0.004684685143054201
MCHI,2021-03-31,-0.06210542303251576
MCHI,2021-04-30,0.0034272186649988434
MCHI,2021-05-28,-0.001707860933950256
MCHI,2021-06-30,0.00952775177306675
MCHI,2021-07-30,-0.1354925215218853
MCHI,2021-08-31,-0.006735051045502871
MCHI,2021-09-30,-0.04605152180839145
MCHI,2021-10-29,0.02532226094801504
MCHI,2021-11-30,-0.05820353646098819
MCHI,2021-12-31,-0.030399397560010644
MCHI,2022-01-31,-0.0027082418732978786
MCHI,2022-02-28,-0.06373798722951507
MCHI,2022-03-31,-0.09759432087551234
MCHI,2022-04-29,-0.045944446547291906
MCHI,2022-05-31,0.026357611362851863
MCHI,2022-06-30,0.08367818629807511
MCHI,2022-07-29,-0.10965781235452232
MCHI,2022-08-31,0
MCHI,2022-09-30,-0.14348952785145885
MCHI,2022-10-31,-0.16400363738563306
MCHI,2022-11-30,0.3212474818755495
MCHI,2022-12-30,0.025534829826567407
MCHI,2023-01-31,0.1279999496082478
MCHI,2023-02-28,-0.1067562681399008
MCHI,2023-03-31,0.04241538127051747
MCHI,2023-04-28,-0.04349563323633121
MCHI,2023-05-31,-0.09388104533306951
MCHI,2023-06-30,0.04443279013957402
MCHI,2023-07-31,0.11309788465728743
MCHI,2023-08-31,-0.09819293701551057
MCHI,2023-09-29,-0.03607197399564033
MCHI,2023-10-31,-0.03418803581364649
MCHI,2023-11-30,0.020808333573751225
MCHI,2023-12-29,-0.02194331211364542
MCHI,2024-01-31,-0.10309280282278677
MCHI,2024-02-29,0.06704994155763466
MCHI,2024-03-28,0.01897908031884299
MCHI,2024-04-30,0.05386358221380472
MCHI,2024-05-31,0.04657282805163265
MCHI,2024-06-28,-0.033453636359301986
MCHI,2024-07-31,-0.015413853694890012
MCHI,2024-08-30,0.0074664182677994795
MCHI,2024-09-30,0.21706900014345143
MCHI,2024-10-31,-0.032606616763639185
MCHI,2024-11-29,-0.039187914928056844
MCHI,2024-12-31,0.009213816438532696
MCHI,2025-01-31,0.03307721529537755
MCHI,2025-02-28,0.10679617790908513
MCHI,2025-03-31,0.01530416458422068
MCHI,2025-04-30,-0.050367664010359414
MCHI,2025-05-30,0.022454535410854737
MCHI,2025-06-30,0.053475130681405636
MCHI,2025-07-31,0.042286800485137555
MCHI,2025-08-29,0.06756055527840221
MCHI,2025-09-30,0.07404985380171647
MCHI,2025-10-31,-0.03462416643852817
MCHI,2025-11-28,-0.021551001481026066
MCHI,2025-12-31,-0.022440489291178145
MCHI,2026-01-30,0.03878814153933652
MCHI,2026-02-27,-0.05352568266249902
MCHI,2026-03-31,-0.04876396999016275
MCHI,2026-04-30,0.024741894997814873
MCHI,2026-05-29,-0.04290431860638555
MCHI,2026-06-30,-0.06772762542760713
MCHI,2026-07-31,0.09347443801427024
MCHI,2026-08-31,-0.019354803425160716
MCHI,2026-09-18,-0.030153535984473567
PAVE,2017-03-31,0.002033800161992172
PAVE,2017-04-28,-0.006765894019460594
PAVE,2017-05-31,-0.029291361977608177
PAVE,2017-06-30,0.023508654402085716
PAVE,2017-07-31,-0.004456650129931461
PAVE,2017-08-31,-0.007575694656198673
PAVE,2017-09-29,0.06939611297545056
PAVE,2017-10-31,0.009733930550989589
PAVE,2017-11-30,0.038560508417506245
PAVE,2017-12-29,0.04153011529889539
PAVE,2018-01-31,0.03218115155158752
PAVE,2018-02-28,-0.05773692303384681
PAVE,2018-03-29,-0.016544082027921347
PAVE,2018-04-30,-0.026168118051978384
PAVE,2018-05-31,0.053102968783309556
PAVE,2018-06-29,-0.010935433501590763
PAVE,2018-07-31,0.05159720194105133
PAVE,2018-08-31,0.006425077216711816
PAVE,2018-09-28,-0.0040628496239014655
PAVE,2018-10-31,-0.11888109994187723
PAVE,2018-11-30,0.030423399391109607
PAVE,2018-12-31,-0.12927976271149066
PAVE,2019-01-31,0.11664223009855834
PAVE,2019-02-28,0.04723870106377648
PAVE,2019-03-29,-0.002541246859185886
PAVE,2019-04-30,0.04942695426763111
PAVE,2019-05-31,-0.10293772993794825
PAVE,2019-06-28,0.10734297625704037
PAVE,2019-07-31,-0.00552136864479269
PAVE,2019-08-30,-0.05070956036801544
PAVE,2019-09-30,0.05081893165699225
PAVE,2019-10-31,0.0253556670787094
PAVE,2019-11-29,0.050060241903351566
PAVE,2019-12-31,0.026077479279840166
PAVE,2020-01-31,-0.041549458161104336
PAVE,2020-02-28,-0.0872878438481276
PAVE,2020-03-31,-0.20988439644990864
PAVE,2020-04-30,0.12103978178457497
PAVE,2020-05-29,0.06521733172174304
PAVE,2020-06-30,0.04148075642829174
PAVE,2020-07-31,0.02992790771396825
PAVE,2020-08-31,0.08475874066523925
PAVE,2020-09-30,-0.011781928014704457
PAVE,2020-10-30,0.033869061737648254
PAVE,2020-11-30,0.16351137132035998
PAVE,2020-12-31,0.04861594993446716
PAVE,2021-01-29,-0.019330500297137343
PAVE,2021-02-26,0.09951935046382188
PAVE,2021-03-31,0.09575855353233353
PAVE,2021-04-30,0.030327249371221443
PAVE,2021-05-28,0.02594897224935977
PAVE,2021-06-30,-0.02641795961951765
PAVE,2021-07-30,0.028349386846973523
PAVE,2021-08-31,0.027945525549244454
PAVE,2021-09-30,-0.06649518762079254
PAVE,2021-10-29,0.08776085267828337
PAVE,2021-11-30,-0.01555727269592766
PAVE,2021-12-31,0.061708926295724886
PAVE,2022-01-31,-0.08614103478583557
PAVE,2022-02-28,0.01748398234031967
PAVE,2022-03-31,0.05640633115028626
PAVE,2022-04-29,-0.07072131971083251
PAVE,2022-05-31,-0.017123350837722873
PAVE,2022-06-30,-0.11535544542129106
PAVE,2022-07-29,0.15458936448227245
PAVE,2022-08-31,-0.02738690245330766
PAVE,2022-09-30,-0.09816183265849887
PAVE,2022-10-31,0.12315699943641056
PAVE,2022-11-30,0.07876455715088015
PAVE,2022-12-30,-0.046817673950733996
PAVE,2023-01-31,0.09248772259139026
PAVE,2023-02-28,0.008638621027548199
PAVE,2023-03-31,-0.028776936058531266
PAVE,2023-04-28,-0.02680778184083288
PAVE,2023-05-31,-0.01123598209865273
PAVE,2023-06-30,0.1551215167779565
PAVE,2023-07-31,0.030544032478426075
PAVE,2023-08-31,-0.0037048056203925483
PAVE,2023-09-29,-0.05856836454879155
PAVE,2023-10-31,-0.05200789343351786
PAVE,2023-11-30,0.09340270981124599
PAVE,2023-12-29,0.09924041042284193
PAVE,2024-01-31,-0.004062499120701668
PAVE,2024-02-29,0.099067560344136
PAVE,2024-03-28,0.05540816467125165
PAVE,2024-04-30,-0.05827666135506915
PAVE,2024-05-31,0.03227506763026189
PAVE,2024-06-28,-0.041332765825925266
PAVE,2024-07-31,0.07941634878654624
PAVE,2024-08-30,-0.013513585495633196
PAVE,2024-09-30,0.04414013788141857
PAVE,2024-10-31,-9.717493151917278e-4
PAVE,2024-11-29,0.11211078571883015
PAVE,2024-12-31,-0.11332602423005822
PAVE,2025-01-31,0.04652312794072544
PAVE,2025-02-28,-0.04918423311565201
PAVE,2025-03-31,-0.061676119893751435
PAVE,2025-04-30,0.017227628320668265
PAVE,2025-05-30,0.08155286534527795
PAVE,2025-06-30,0.052537724093440374
PAVE,2025-07-31,0.048416681291386876
PAVE,2025-08-29,0.017946990095996984
PAVE,2025-09-30,0.024080907548091668
PAVE,2025-10-31,0.013226926884996715
PAVE,2025-11-28,0.005801981531902589
PAVE,2025-12-31,-0.00881223499790007
PAVE,2026-01-30,0.06193756690824803
PAVE,2026-02-27,0.08551729040107547
PAVE,2026-03-31,-0.07769103065967375
PAVE,2026-04-30,0.11769336565630195
PAVE,2026-05-29,-0.008452201849419194
PAVE,2026-06-30,0.04818537070605533
PAVE,2026-07-31,-0.043448703974044545
PAVE,2026-08-31,-0.02945351010353292
PAVE,2026-09-18,-0.031809902270525936
PICK,2015-01-30,-0.07801396604076116
PICK,2015-02-27,0.12797215122745098
PICK,2015-03-31,-0.08803471487820269
PICK,2015-04-30,0.09041472437164888
PICK,2015-05-29,-0.03740657401140324
PICK,2015-06-30,-0.07898455134526317
PICK,2015-07-31,-0.10942277629700237
PICK,2015-08-31,-0.0836176372871279
PICK,2015-09-30,-0.12383621137156409
PICK,2015-10-30,0.08289093701662509
PICK,2015-11-30,-0.10598638505280955
PICK,2015-12-31,-0.053707132303507654
PICK,2016-01-29,-0.12470333463581496
PICK,2016-02-29,0.12076016003409973
PICK,2016-03-31,0.16464877047996063
PICK,2016-04-29,0.1559252912113993
PICK,2016-05-31,-0.13489218758073107
PICK,2016-06-30,0.05092717430787852
PICK,2016-07-29,0.11022902015169533
PICK,2016-08-31,-0.03488389564232386
PICK,2016-09-30,0.08155670834447637
PICK,2016-10-31,0.03427597525949966
PICK,2016-11-30,0.10604809689862771
PICK,2016-12-30,-0.027987016539207543
PICK,2017-01-31,0.14646472680446476
PICK,2017-02-28,-0.03320927421492437
PICK,2017-03-31,-0.015772698623346848
PICK,2017-04-28,-0.032051530236312686
PICK,2017-05-31,-0.026121976668283642
PICK,2017-06-30,0.03473903319836191
PICK,2017-07-31,0.128195611432125
PICK,2017-08-31,0.053858738046134835
PICK,2017-09-29,-0.03490195993418477
PICK,2017-10-31,0.023894101732146344
PICK,2017-11-30,-0.005676345628952362
PICK,2017-12-29,0.11353376119691183
PICK,2018-01-31,0.06121848419811249
PICK,2018-02-28,-0.038639264227679604
PICK,2018-03-29,-0.05123127727756949
PICK,2018-04-30,0.02297132796710666
PICK,2018-05-31,0.010790243741576111
PICK,2018-06-29,-0.04497335769111077
PICK,2018-07-31,0.025743279614024894
PICK,2018-08-31,-0.08007173906857878
PICK,2018-09-28,0.058460432915207416
PICK,2018-10-31,-0.09420038697681155
PICK,2018-11-30,-0.037940788976237205
PICK,2018-12-31,-0.022151272877480088
PICK,2019-01-31,0.11119362867020466
PICK,2019-02-28,0.021014083415433094
PICK,2019-03-29,0.01502768019605849
PICK,2019-04-30,-0.00804643452506093
PICK,2019-05-31,-0.08890313526137528
PICK,2019-06-28,0.11221563053070316
PICK,2019-07-31,-0.0670186118672178
PICK,2019-08-30,-0.09483374369016606
PICK,2019-09-30,0.040656666397919095
PICK,2019-10-31,0.030052611750410962
PICK,2019-11-29,0.03574034433720885
PICK,2019-12-31,0.07311736842246996
PICK,2020-01-31,-0.09384442221654532
PICK,2020-02-28,-0.12769129185424477
PICK,2020-03-31,-0.17872334481440577
PICK,2020-04-30,0.10362686422542655
PICK,2020-05-29,0.10563370086366786
PICK,2020-06-30,0.05744772811343268
PICK,2020-07-31,0.0758254315533744
PICK,2020-08-31,0.05380829633562567
PICK,2020-09-30,-0.03703686739493439
PICK,2020-10-30,-0.004481082931271696
PICK,2020-11-30,0.21380333540590613
PICK,2020-12-31,0.15345143339795708
PICK,2021-01-29,-0.008955229169994583
PICK,2021-02-26,0.1374593396428887
PICK,2021-03-31,0.01420288987707008
PICK,2021-04-30,0.08734884258113862
PICK,2021-05-28,0.037982881603139784
PICK,2021-06-30,-0.03576762305362302
PICK,2021-07-30,0.050475835417869375
PICK,2021-08-31,-0.040252846887441573
PICK,2021-09-30,-0.10452345015028286
PICK,2021-10-29,0.04046110052912777
PICK,2021-11-30,-0.04124438544683107
PICK,2021-12-31,0.09419470070616809
PICK,2022-01-31,0.003284799995889154
PICK,2022-02-28,0.12231052171749313
PICK,2022-03-31,0.0673057003340789
PICK,2022-04-29,-0.11226074295040511
PICK,2022-05-31,0.007697282370654701
PICK,2022-06-30,-0.19188255191776205
PICK,2022-07-29,0.04042697175257648
PICK,2022-08-31,-0.014031474502762986
PICK,2022-09-30,-0.06869170323343043
PICK,2022-10-31,0.03614448896162048
PICK,2022-11-30,0.2277370724517045
PICK,2022-12-30,-0.028846236711440043
PICK,2023-01-31,0.13731727972926255
PICK,2023-02-28,-0.08749747564687693
PICK,2023-03-31,0.00399539549204464
PICK,2023-04-28,-0.034410009208038494
PICK,2023-05-31,-0.08606074265558605
PICK,2023-06-30,0.09430041130303346
PICK,2023-07-31,0.07587729218586903
PICK,2023-08-31,-0.07787743650874546
PICK,2023-09-29,-0.00946668927014771
PICK,2023-10-31,-0.056841053234944816
PICK,2023-11-30,0.08293325592800582
PICK,2023-12-29,0.08603759120794052
PICK,2024-01-31,-0.060134600124440385
PICK,2024-02-29,-0.02470357062165429
PICK,2024-03-28,0.05623098426054107
PICK,2024-04-30,0.023261406116883876
PICK,2024-05-31,0.034216130456010685
PICK,2024-06-28,-0.0636078582773747
PICK,2024-07-31,-0.015429843981335067
PICK,2024-08-30,-0.025870715243081266
PICK,2024-09-30,0.10342191030894665
PICK,2024-10-31,-0.07104836979997842
PICK,2024-11-29,-0.01071250283433578
PICK,2024-12-31,-0.10372077684753855
PICK,2025-01-31,0.013718175472874572
PICK,2025-02-28,0.011840995141611854
PICK,2025-03-31,-2.7860543279489836e-4
PICK,2025-04-30,-0.020066957188131007
PICK,2025-05-30,0.047781696366026916
PICK,2025-06-30,0.04007550496621448
PICK,2025-07-31,0.020744719713433613
PICK,2025-08-29,0.06826466374862927
PICK,2025-09-30,0.08536587806704499
PICK,2025-10-31,0.04651691711859707
PICK,2025-11-28,0.01782263789339078
PICK,2025-12-31,0.10028456854946222
PICK,2026-01-30,0.13576160081664046
PICK,2026-02-27,0.10341274739309747
PICK,2026-03-31,-0.12045382610108724
PICK,2026-04-30,0.08853156734788548
PICK,2026-05-29,0.07288960761193652
PICK,2026-06-30,-0.1127499809380349
PICK,2026-07-31,0.017196904105926114
PICK,2026-08-31,0.1022822530227041
PICK,2026-09-18,-0.05214720660003502
QAT,2015-01-30,-0.01961597974216689
QAT,2015-02-27,0.062200656754133554
QAT,2015-03-31,-0.04700040053330745
QAT,2015-04-30,0.04189868040711975
QAT,2015-05-29,-0.008161537901955618
QAT,2015-06-30,-0.02092332813448039
QAT,2015-07-31,-0.039435996096084946
QAT,2015-08-31,0.00412843104666516
QAT,2015-09-30,-0.0357240524786111
QAT,2015-10-30,0.028993625181033655
QAT,2015-11-30,-0.13213617481807727
QAT,2015-12-31,0.02346664354603134
QAT,2016-01-29,-0.08817429893324236
QAT,2016-02-29,0.06769052039203505
QAT,2016-03-31,0.06925968203127875
QAT,2016-04-29,-0.019930495194985243
QAT,2016-05-31,-0.0711743264768735
QAT,2016-06-30,0.03835788608747093
QAT,2016-07-29,0.06834308385499965
QAT,2016-08-31,0.03428856749331155
QAT,2016-09-30,-0.03884214126104091
QAT,2016-10-31,-0.01724560106367279
QAT,2016-11-30,-0.06862227256384767
QAT,2016-12-30,0.07199091665038093
QAT,2017-01-31,0.01783833470646612
QAT,2017-02-28,0.015979426314375322
QAT,2017-03-31,-0.00913246838405013
QAT,2017-04-28,-0.020481235804765463
QAT,2017-05-31,-0.013486878531140056
QAT,2017-06-30,-0.09899120349027313
QAT,2017-07-31,0.07640590533668745
QAT,2017-08-31,-0.07013055451540218
QAT,2017-09-29,-0.040671938852356204
QAT,2017-10-31,-0.03685784059960251
QAT,2017-11-30,-0.08261736418500254
QAT,2017-12-29,0.16714715244807565
QAT,2018-01-31,0.04592601118817985
QAT,2018-02-28,-0.05925434801038432
QAT,2018-03-29,0.04115472358091421
QAT,2018-04-30,0.031212198759788645
QAT,2018-05-31,0.021970381188619825
QAT,2018-06-29,-0.02305768325876134
QAT,2018-07-31,0.08611600035752986
QAT,2018-08-31,0.01362768301056394
QAT,2018-09-28,0.0016668616549491144
QAT,2018-10-31,0.02989467873064422
QAT,2018-11-30,0.04259761833449627
QAT,2018-12-31,-0.03894694807278998
QAT,2019-01-31,0.05191978617414961
QAT,2019-02-28,-0.056555185785641116
QAT,2019-03-29,0.008174520865941393
QAT,2019-04-30,0.02432444104523035
QAT,2019-05-31,-0.03430091446256589
QAT,2019-06-28,0.011601178700993975
QAT,2019-07-31,-0.01397422462756348
QAT,2019-08-30,-0.02006825953023128
QAT,2019-09-30,0.015850974444028276
QAT,2019-10-31,5.695417093385391e-4
QAT,2019-11-29,-0.003983955593237165
QAT,2019-12-31,0.016571485215617576
QAT,2020-01-31,0.011804272106287206
QAT,2020-02-28,-0.1183332576917776
QAT,2020-03-31,-0.08172645828760827
QAT,2020-04-30,0.09373486132687003
QAT,2020-05-29,0.008218834737151903
QAT,2020-06-30,0.024428308261132736
QAT,2020-07-31,0.052301955821081325
QAT,2020-08-31,0.04107146502774928
QAT,2020-09-30,0.024585432330022305
QAT,2020-10-30,-0.05145093430073522
QAT,2020-11-30,0.06247800165428985
QAT,2020-12-31,0.021594732483209755
QAT,2021-01-29,0.010840054829314827
QAT,2021-02-26,-0.03592500988322411
QAT,2021-03-31,0.04616245605284397
QAT,2021-04-30,0.04253055474943701
QAT,2021-05-28,-0.013054458848262618
QAT,2021-06-30,-5.369476116345862e-4
QAT,2021-07-30,-0.0015856736712553943
QAT,2021-08-31,0.04393885379409879
QAT,2021-09-30,0.027028357783306145
QAT,2021-10-29,0.022070901707325064
QAT,2021-11-30,-0.018405996049320028
QAT,2021-12-31,0.016268093454975263
QAT,2022-01-31,0.07770745525519751
QAT,2022-02-28,0.03515091886364785
QAT,2022-03-31,0.0461472006911281
QAT,2022-04-29,0.005409961929207618
QAT,2022-05-31,-0.059188783975480885
QAT,2022-06-30,-0.0481884795440668
QAT,2022-07-29,0.06408406652544518
QAT,2022-08-31,0.01707877843133221
QAT,2022-09-30,-0.06875847052085193
QAT,2022-10-31,0.014045958022018912
QAT,2022-11-30,-0.04351889870637715
QAT,2022-12-30,-0.09680719639204649
QAT,2023-01-31,0.040553914707731176
QAT,2023-02-28,-0.042954274449540364
QAT,2023-03-31,-0.0049263008428024335
QAT,2023-04-28,0.01430149387489088
QAT,2023-05-31,-5.423819567724752e-4
QAT,2023-06-30,0.009537193674239441
QAT,2023-07-31,0.05921782614366089
QAT,2023-08-31,-0.05221516208036803
QAT,2023-09-29,-0.03227608554983252
QAT,2023-10-31,-0.06612993307905446
QAT,2023-11-30,0.06896565820790856
QAT,2023-12-29,0.04435474719783361
QAT,2024-01-31,-0.04853824693845665
QAT,2024-02-29,0.0539130770546985
QAT,2024-03-28,-0.029702960813394297
QAT,2024-04-30,-0.02097499722975693
QAT,2024-05-31,-0.03590061307025294
QAT,2024-06-28,0.06150095719591886
QAT,2024-07-31,0.03080565641408417
QAT,2024-08-30,0.013218234384255734
QAT,2024-09-30,0.0516168006566704
QAT,2024-10-31,-0.022114493599973417
QAT,2024-11-29,0.0044126336492384954
QAT,2024-12-31,3.672646523698031e-4
QAT,2025-01-31,0.010039180295091654
QAT,2025-02-28,-0.006073981725628674
QAT,2025-03-31,-0.00888893537054869
QAT,2025-04-30,0.02634521542199786
QAT,2025-05-30,0.024030545318328267
QAT,2025-06-30,0.017326053576709688
QAT,2025-07-31,0.05558548451771572
QAT,2025-08-29,0.01755271158871441
QAT,2025-09-30,-0.0235000228204042
QAT,2025-10-31,-0.011776841585065756
QAT,2025-11-28,-0.021761624355731812
QAT,2025-12-31,0.008761942404775569
QAT,2026-01-30,0.04740126493147079
QAT,2026-02-27,-0.012683943464307124
QAT,2026-03-31,-0.0441931081427952
QAT,2026-04-30,0.00967743886452066
QAT,2026-05-29,0.023961604097266775
QAT,2026-06-30,-0.03146989256062893
QAT,2026-07-31,-0.0344444910685221
QAT,2026-08-31,0.0017261615704349254
QAT,2026-09-18,-0.026651390348706228
SPY,2015-01-30,-0.029109847284609525
SPY,2015-02-27,0.056204434458041685
SPY,2015-03-31,-0.01570572561303285
SPY,2015-04-30,0.009834175116050226
SPY,2015-05-29,0.012856301910394441
SPY,2015-06-30,-0.020312424960815867
SPY,2015-07-31,0.02258914545588242
SPY,2015-08-31,-0.06094985613826487
SPY,2015-09-30,-0.025515967737159917
SPY,2015-10-30,0.08505963677406614
SPY,2015-11-30,0.003655016575646819
SPY,2015-12-31,-0.017282404607031898
SPY,2016-01-29,-0.049786708871292995
SPY,2016-02-29,-8.257275576737388e-4
SPY,2016-03-31,0.067265795130387
SPY,2016-04-29,0.003941184721602875
SPY,2016-05-31,0.017011480295191284
SPY,2016-06-30,0.0034760386200898274
SPY,2016-07-29,0.03647124529634671
SPY,2016-08-31,0.0011976268791804578
SPY,2016-09-30,5.7744461674058556e-5
SPY,2016-10-31,-0.01733679416634537
SPY,2016-11-30,0.03683821315966429
SPY,2016-12-30,0.02027192246797993
SPY,2017-01-31,0.017894746879802748
SPY,2017-02-28,0.039291204145728065
SPY,2017-03-31,0.0012500165256676965
SPY,2017-04-28,0.009926503824479349
SPY,2017-05-31,0.01411275854881211
SPY,2017-06-30,0.006375096527444057
SPY,2017-07-31,0.02055400453088785
SPY,2017-08-31,0.0029178435644721112
SPY,2017-09-29,0.020149507725921723
SPY,2017-10-31,0.02356380403175362
SPY,2017-11-30,0.030565848841366927
SPY,2017-12-29,0.012128292414461006
SPY,2018-01-31,0.05635887686148666
SPY,2018-02-28,-0.03636040878557312
SPY,2018-03-29,-0.027410693124684693
SPY,2018-04-30,0.005168322996973229
SPY,2018-05-31,0.02430907914814462
SPY,2018-06-29,0.005750955642238154
SPY,2018-07-31,0.03704658536557415
SPY,2018-08-31,0.031919926777394636
SPY,2018-09-28,0.005945511538710591
SPY,2018-10-31,-0.0691045015940207
SPY,2018-11-30,0.018549695606943972
SPY,2018-12-31,-0.08804861606976844
SPY,2019-01-31,0.08006527451228851
SPY,2019-02-28,0.032415937863038424
SPY,2019-03-29,0.018100842140786222
SPY,2019-04-30,0.04085211176228554
SPY,2019-05-31,-0.06377114127231931
SPY,2019-06-28,0.06958646654671874
SPY,2019-07-31,0.015119464131618132
SPY,2019-08-30,-0.016743451965204992
SPY,2019-09-30,0.019457961020817427
SPY,2019-10-31,0.022104677319580768
SPY,2019-11-29,0.03619841830746173
SPY,2019-12-31,0.029055308907622868
SPY,2020-01-31,-4.0418298101840833e-4
SPY,2020-02-28,-0.07916572778181152
SPY,2020-03-31,-0.12487116190493452
SPY,2020-04-30,0.12698362766054405
SPY,2020-05-29,0.04764525938381858
SPY,2020-06-30,0.01773468236270337
SPY,2020-07-31,0.05889197173681793
SPY,2020-08-31,0.06979672449248264
SPY,2020-09-30,-0.03744352747657409
SPY,2020-10-30,-0.024933962445911506
SPY,2020-11-30,0.1087772291900464
SPY,2020-12-31,0.037048335386989484
SPY,2021-01-29,-0.01019064184652596
SPY,2021-02-26,0.027805758284391358
SPY,2021-03-31,0.045399040101119725
SPY,2021-04-30,0.05291088502468799
SPY,2021-05-28,0.006565832441108199
SPY,2021-06-30,0.02242747642436016
SPY,2021-07-30,0.024412255633509128
SPY,2021-08-31,0.02976016923785485
SPY,2021-09-30,-0.04660558702500639
SPY,2021-10-29,0.07016327740614381
SPY,2021-11-30,-0.008034622310655881
SPY,2021-12-31,0.046247893747012325
SPY,2022-01-31,-0.052741322716474914
SPY,2022-02-28,-0.029517070586338456
SPY,2022-03-31,0.037590500150980866
SPY,2022-04-29,-0.08776915611869462
SPY,2022-05-31,0.002257153777078136
SPY,2022-06-30,-0.08246039762663637
SPY,2022-07-29,0.09208742008332194
SPY,2022-08-31,-0.040801648657809886
SPY,2022-09-30,-0.09244614375429583
SPY,2022-10-31,0.08127543982917973
SPY,2022-11-30,0.05559182763772874
SPY,2022-12-30,-0.057628163898034934
SPY,2023-01-31,0.06288726060130134
SPY,2023-02-28,-0.025142746045064723
SPY,2023-03-31,0.037077884081470724
SPY,2023-04-28,0.015974958278720308
SPY,2023-05-31,0.004616245253594942
SPY,2023-06-30,0.06479959058975848
SPY,2023-07-31,0.0327333775816967
SPY,2023-08-31,-0.016252135732674478
SPY,2023-09-29,-0.047434507600699005
SPY,2023-10-31,-0.02170860815281994
SPY,2023-11-30,0.0913439918727319
SPY,2023-12-29,0.0456553335842762
SPY,2024-01-31,0.015926483320106266
SPY,2024-02-29,0.05218686150252427
SPY,2024-03-28,0.03270184195942716
SPY,2024-04-30,-0.040319622402039346
SPY,2024-05-31,0.05057952181423242
SPY,2024-06-28,0.03528025253594613
SPY,2024-07-31,0.012109262111189789
SPY,2024-08-30,0.023365535451421948
SPY,2024-09-30,0.021004710308786922
SPY,2024-10-31,-0.008923604006773722
SPY,2024-11-29,0.059633363004623297
SPY,2024-12-31,-0.02406012170171823
SPY,2025-01-31,0.02685645585594032
SPY,2025-02-28,-0.012694925318311623
SPY,2025-03-31,-0.05571910658300483
SPY,2025-04-30,-0.008670177212539043
SPY,2025-05-30,0.0628449014337158
SPY,2025-06-30,0.051386135090823126
SPY,2025-07-31,0.02303146683242674
SPY,2025-08-29,0.020519642635701274
SPY,2025-09-30,0.035620266220022234
SPY,2025-10-31,0.023837504679023125
SPY,2025-11-28,0.0019500531676446275
SPY,2025-12-31,7.974069154037533e-4
SPY,2026-01-30,0.014737793329742122
SPY,2026-02-27,-0.00864208318847337
SPY,2026-03-31,-0.04937952339785867
SPY,2026-04-30,0.10505274506872397
SPY,2026-05-29,0.05262574755586291
SPY,2026-06-30,-0.010292580956815511
SPY,2026-07-31,3.4822442006920973e-4
SPY,2026-08-31,0.026799359784972054
SPY,2026-09-18,-0.0045219383167984795
TAN,2015-01-30,-0.004414353350316924
TAN,2015-02-27,0.1676026991031545
TAN,2015-03-31,0.12481024148738906
TAN,2015-04-30,0.05784357483994729
TAN,2015-05-29,-0.09595722978048404
TAN,2015-06-30,-0.07695931342595119
TAN,2015-07-31,-0.0994390863873078
TAN,2015-08-31,-0.1627972733887244
TAN,2015-09-30,-0.10246876629304258
TAN,2015-10-30,0.12283353428961252
TAN,2015-11-30,-0.10939603292782485
TAN,2015-12-31,0.17253397144485816
TAN,2016-01-29,-0.17721920086767196
TAN,2016-02-29,-0.06981357279489553
TAN,2016-03-31,-0.03368878671498032
TAN,2016-04-29,0.05119168859711687
TAN,2016-05-31,-0.07598661496232006
TAN,2016-06-30,-0.04770560192947648
TAN,2016-07-29,0.021946593093792988
TAN,2016-08-31,-0.023809698876028795
TAN,2016-09-30,-0.02869414850547658
TAN,2016-10-31,-0.059576582159074465
TAN,2016-11-30,-0.08219921373108408
TAN,2016-12-30,-0.00788016298208949
TAN,2017-01-31,0.043451896530563916
TAN,2017-02-28,0.08502041258649995
TAN,2017-03-31,-0.07889120907583325
TAN,2017-04-28,0.012731211967412337
TAN,2017-05-31,0.05771426908098398
TAN,2017-06-30,0.07455451228511212
TAN,2017-07-31,0.08798371642517755
TAN,2017-08-31,0.002772825814332247
TAN,2017-09-29,-0.0023042229377773227
TAN,2017-10-31,0.10762122373491434
TAN,2017-11-30,0.02460382145739759
TAN,2017-12-29,0.04111120468365592
TAN,2018-01-31,-0.0027853727754529878
TAN,2018-02-28,-0.03152445984302088
TAN,2018-03-29,0.01194899284468609
TAN,2018-04-30,0.0024429730112016657
TAN,2018-05-31,0.03493092708684897
TAN,2018-06-29,-0.09340652773858416
TAN,2018-07-31,-0.015584515691532741
TAN,2018-08-31,-0.040017588274029015
TAN,2018-09-28,-0.049931116840144396
TAN,2018-10-31,-0.10848612107125932
TAN,2018-11-30,0.13845323821005207
TAN,2018-12-31,-0.1125667396426221
TAN,2019-01-31,0.2555255476953653
TAN,2019-02-28,0.0699871019262095
TAN,2019-03-29,-0.07062594638905739
TAN,2019-04-30,0.08333336798557256
TAN,2019-05-31,0.02311677454494787
TAN,2019-06-28,0.1012854739641249
TAN,2019-07-31,0.04386271270163
TAN,2019-08-30,0.035242334166218914
TAN,2019-09-30,-0.03862515961337332
TAN,2019-10-31,-0.043581895746097166
TAN,2019-11-29,-0.003560046566744801
TAN,2019-12-31,0.1036665664502161
TAN,2020-01-31,0.04383125719486469
TAN,2020-02-28,0.1343700888758539
TAN,2020-03-31,-0.30819845795325584
TAN,2020-04-30,0.19381683949858375
TAN,2020-05-29,0.12084977949545195
TAN,2020-06-30,0.06931291644633664
TAN,2020-07-31,0.24681432197004427
TAN,2020-08-31,0.2617197133185367
TAN,2020-09-30,0.1408698969058917
TAN,2020-10-30,0.06142910969696436
TAN,2020-11-30,0.22989687324596564
TAN,2020-12-31,0.21610982872728668
TAN,2021-01-29,0.05770725826820278
TAN,2021-02-26,-0.06780750392395951
TAN,2021-03-31,-0.09425582003226174
TAN,2021-04-30,-0.09393046182170439
TAN,2021-05-28,-0.0485869455267427
TAN,2021-06-30,0.12918728470499663
TAN,2021-07-30,-0.0409717617156522
TAN,2021-08-31,-4.668854005061007e-4
TAN,2021-09-30,-0.06633192111901931
TAN,2021-10-29,0.23952477575562336
TAN,2021-11-30,-0.09697280017049015
TAN,2021-12-31,-0.13990384619507457
TAN,2022-01-31,-0.1492789148202709
TAN,2022-02-28,0.09147823323085413
TAN,2022-03-31,0.055827612828962536
TAN,2022-04-29,-0.14882051217380976
TAN,2022-05-31,0.10695933950274394
TAN,2022-06-30,0.0040787813889098246
TAN,2022-07-29,0.1986271314817869
TAN,2022-08-31,-0.014490989845302948
TAN,2022-09-30,-0.1271197060187762
TAN,2022-10-31,-0.031653242937099146
TAN,2022-11-30,0.17817072183382154
TAN,2022-12-30,-0.13146000460745988
TAN,2023-01-31,0.10775987054607583
TAN,2023-02-28,-0.08056931365438702
TAN,2023-03-31,0.04495884180638643
TAN,2023-04-28,-0.07265228740026863
TAN,2023-05-31,-0.02792047841808798
TAN,2023-06-30,0.02057719221558374
TAN,2023-07-31,-0.04032472448749114
TAN,2023-08-31,-0.15042312936244917
TAN,2023-09-29,-0.11059591564544624
TAN,2023-10-31,-0.1894187836298471
TAN,2023-11-30,0.09194858816531148
TAN,2023-12-29,0.16491048702961142
TAN,2024-01-31,-0.2058106800801145
TAN,2024-02-29,0.01840930476638558
TAN,2024-03-28,0.051448369103863856
TAN,2024-04-30,-0.11108661683183974
TAN,2024-05-31,0.19712370144569658
TAN,2024-06-28,-0.16714997694546052
TAN,2024-07-31,0.047749375199853006
TAN,2024-08-30,-0.020175717563430395
TAN,2024-09-30,0.04433144367216113
TAN,2024-10-31,-0.07608440476097311
TAN,2024-11-29,-0.07532009667145656
TAN,2024-12-31,-0.09628732083744529
TAN,2025-01-31,0.020531410842563158
TAN,2025-02-28,-0.042899431824530265
TAN,2025-03-31,-0.058423476933402996
TAN,2025-04-30,-0.06828627663243625
TAN,2025-05-30,0.13988722448035662
TAN,2025-06-30,0.059041729134548415
TAN,2025-07-31,0.07413896789162688
TAN,2025-08-29,0.1290760896325338
TAN,2025-09-30,0.0500602134596293
TAN,2025-10-31,0.12583079828942778
TAN,2025-11-28,-0.004275225754053147
TAN,2025-12-31,0.00429358178547945
TAN,2026-01-30,0.0962947810482544
TAN,2026-02-27,0.021355646396750805
TAN,2026-03-31,0.012909074263139253
TAN,2026-04-30,0.0484652810502737
TAN,2026-05-29,0.2657079352560774
TAN,2026-06-30,-0.19991882481112533
TAN,2026-07-31,-0.1660185873457305
TAN,2026-08-31,-0.03567812833776329
TAN,2026-09-18,-0.040151352946506846
THD,2015-01-30,0.04362604965462391
THD,2015-02-27,0.022152489205794712
THD,2015-03-31,-0.02816199371286554
THD,2015-04-30,-0.007433805854455966
THD,2015-05-29,-0.03363774599499303
THD,2015-06-30,-0.0018809473586748338
THD,2015-07-31,-0.0637926239983384
THD,2015-08-31,-0.07488176381280942
THD,2015-09-30,-0.034578861019461726
THD,2015-10-30,0.04673936363129805
THD,2015-11-30,-0.016878605844131145
THD,2015-12-31,-0.07624292965805646
THD,2016-01-29,0.04536184406226651
THD,2016-02-29,0.03311574414963614
THD,2016-03-31,0.06410848801243252
THD,2016-04-29,0.008309951715785857
THD,2016-05-31,-0.003973447448030076
THD,2016-06-30,0.03491556306231125
THD,2016-07-29,0.07937893573819244
THD,2016-08-31,0.015864581870758565
THD,2016-09-30,-0.027130902898209186
THD,2016-10-31,-0.020133156386480056
THD,2016-11-30,-0.0023602188946124647
THD,2016-12-30,0.014156422932795065
THD,2017-01-31,0.049799199576830766
THD,2017-02-28,-0.008853010553593665
THD,2017-03-31,0.039728010505195366
THD,2017-04-28,-0.006026446944723429
THD,2017-05-31,0.008514134530470008
THD,2017-06-30,0.01457408955095385
THD,2017-07-31,0.014623009551048893
THD,2017-08-31,0.045638488159474244
THD,2017-09-29,0.045217910406550876
THD,2017-10-31,0.0244073123900288
THD,2017-11-30,0.012082121971855653
THD,2017-12-29,0.039149569972491305
THD,2018-01-31,0.07729747570767476
THD,2018-02-28,0.00893133671914459
THD,2018-03-29,-0.00835520877666418
THD,2018-04-30,-0.022366765096801577
THD,2018-05-31,-0.034985304898163316
THD,2018-06-29,-0.11004068590452609
THD,2018-07-31,0.08386995962514865
THD,2018-08-31,0.012784516697385673
THD,2018-09-28,0.04418129517894753
THD,2018-10-31,-0.08059398965914
THD,2018-11-30,-0.005420977981307917
THD,2018-12-31,-0.032680755193781774
THD,2019-01-31,0.09769330750708849
THD,2019-02-28,-0.014191463505364155
THD,2019-03-29,-0.01428420580462908
THD,2019-04-30,0.025585971267265473
THD,2019-05-31,-0.011149235625538934
THD,2019-06-28,0.0840875375185437
THD,2019-07-31,-0.03755633504278344
THD,2019-08-30,-0.02173892854442061
THD,2019-09-30,-0.014444469018147443
THD,2019-10-31,-0.008004686248308523
THD,2019-11-29,-0.006250590881337836
THD,2019-12-31,0.009739272433334056
THD,2020-01-31,-0.09920086927319594
THD,2020-02-28,-0.10911163575934013
THD,2020-03-31,-0.18250351831021994
THD,2020-04-30,0.12841488645735533
THD,2020-05-29,0.0843483919909429
THD,2020-06-30,0.023032788856045316
THD,2020-07-31,-0.028029459481752728
THD,2020-08-31,-0.005825758929698499
THD,2020-09-30,-0.08086735967265302
THD,2020-10-30,-0.027733539156822973
THD,2020-11-30,0.23311467845781997
THD,2020-12-31,0.030400543236437594
THD,2021-01-29,-0.0016865920007552715
THD,2021-02-26,0.012347309241543591
THD,2021-03-31,0.05571944968473597
THD,2021-04-30,-0.01787667773598367
THD,2021-05-28,0.004953040830094402
THD,2021-06-30,-0.024348624807351116
THD,2021-07-30,-0.062211324388854905
THD,2021-08-31,0.08767621710259377
THD,2021-09-30,-0.06174555127861081
THD,2021-10-29,0.026940271851223052
THD,2021-11-30,-0.04894296120930264
THD,2021-12-31,0.060756730185795416
THD,2022-01-31,0.005778925123634204
THD,2022-02-28,0.04400621959730655
THD,2022-03-31,-0.024515219335288774
THD,2022-04-29,-0.04513394766778889
THD,2022-05-31,0.018665095863268144
THD,2022-06-30,-0.07632523473636588
THD,2022-07-29,-0.004498605633674324
THD,2022-08-31,0.018221542868072316
THD,2022-09-30,-0.06957772424886177
THD,2022-10-31,0.02323446007649399
THD,2022-11-30,0.10601530624291566
THD,2022-12-30,0.030505107714866142
THD,2023-01-31,0.05905035832889349
THD,2023-02-28,-0.10712035096027639
THD,2023-03-31,0.031645300730698045
THD,2023-04-28,-0.03394663436296497
THD,2023-05-31,-0.03513962364426215
THD,2023-06-30,-0.020621803410895034
THD,2023-07-31,0.0754027011983005
THD,2023-08-31,-0.024031426502188258
THD,2023-09-29,-0.09487253712723065
THD,2023-10-31,-0.042566825400626396
THD,2023-11-30,0.018886740529199253
THD,2023-12-29,0.05870216866430589
THD,2024-01-31,-0.06905727878998935
THD,2024-02-29,-0.00689655269456213
THD,2024-03-28,-0.010670715940132025
THD,2024-04-30,-0.015921924445636004
THD,2024-05-31,0.001217756468353537
THD,2024-06-28,-0.03768869165548627
THD,2024-07-31,0.052340696489818095
THD,2024-08-30,0.07793347887040314
THD,2024-09-30,0.1255888813920072
THD,2024-10-31,-0.0444572802227865
THD,2024-11-29,-0.04214498930654975
THD,2024-12-31,-0.03510049045917918
THD,2025-01-31,-0.047485076186847275
THD,2025-02-28,-0.07694978646564521
THD,2025-03-31,-0.02220554925050089
THD,2025-04-30,0.05504232349847982
THD,2025-05-30,-0.026085288928794248
THD,2025-06-30,-0.03293887968957887
THD,2025-07-31,0.11789169936853794
THD,2025-08-29,0.014711178656811708
THD,2025-09-30,0.02864618990937995
THD,2025-10-31,0.0307353100170209
THD,2025-11-28,-0.02734763495912018
THD,2025-12-31,0.02426839326744723
THD,2026-01-30,0.05848839888358959
THD,2026-02-27,0.18825206985350662
THD,2026-03-31,-0.07554962506491536
THD,2026-04-30,0.01916974693061646
THD,2026-05-29,0.038891270673763856
THD,2026-06-30,0.007529296306107769
THD,2026-07-31,0.010095469251566014
THD,2026-08-31,-0.009173030675618143
THD,2026-09-18,-0.0015199752131660471
TUR,2015-01-30,-0.008175484022544866
TUR,2015-02-27,-0.07100020421133313
TUR,2015-03-31,-0.06432755993719286
TUR,2015-04-30,0.010776055883835678
TUR,2015-05-29,-0.0021325037130368596
TUR,2015-06-30,-0.012537319481782716
TUR,2015-07-31,-0.04785123094459098
TUR,2015-08-31,-0.11028390482768002
TUR,2015-09-30,-0.044456133319749846
TUR,2015-10-30,0.10180625962594014
TUR,2015-11-30,-0.04843506761069594
TUR,2015-12-31,-0.05061732798179852
TUR,2016-01-29,0.02282709387437798
TUR,2016-02-29,0.007797899537561381
TUR,2016-03-31,0.16969069995575214
TUR,2016-04-29,0.04835738006033341
TUR,2016-05-31,-0.13707571421615183
TUR,2016-06-30,0.022113628328295887
TUR,2016-07-29,-0.04539728966252643
TUR,2016-08-31,0.003170662362449006
TUR,2016-09-30,-0.0028969726576089094
TUR,2016-10-31,-0.013206569617433384
TUR,2016-11-30,-0.1482869701328472
TUR,2016-12-30,0.022034690770653897
TUR,2017-01-31,0.035109243767694975
TUR,2017-02-28,0.04552237846577567
TUR,2017-03-31,0.01878195425402951
TUR,2017-04-28,0.11089380688330541
TUR,2017-05-31,0.03595686018153632
TUR,2017-06-30,0.032722980608717034
TUR,2017-07-31,0.06793569679498312
TUR,2017-08-31,0.043086018895640565
TUR,2017-09-29,-0.09580454865877641
TUR,2017-10-31,2.3916228485809654e-4
TUR,2017-11-30,-0.09397422329814309
TUR,2017-12-29,0.15025331361373495
TUR,2018-01-31,0.04694007438784009
TUR,2018-02-28,-0.019780263458258895
TUR,2018-03-29,-0.048879075279161244
TUR,2018-04-30,-0.11173962700089668
TUR,2018-05-31,-0.12685764794556686
TUR,2018-06-29,-0.05195517537947003
TUR,2018-07-31,-0.06651209052169604
TUR,2018-08-31,-0.2835872635467591
TUR,2018-09-28,0.1781293840620548
TUR,2018-10-31,-0.019319392367036503
TUR,2018-11-30,0.1246251372920566
TUR,2018-12-31,-0.0613940726260207
TUR,2019-01-31,0.1762310188950047
TUR,2019-02-28,-0.03564002666488508
TUR,2019-03-29,-0.12917118076658052
TUR,2019-04-30,-0.03914292822224208
TUR,2019-05-31,-0.02144104711558592
TUR,2019-06-28,0.0718992796304907
TUR,2019-07-31,0.09571802729576184
TUR,2019-08-30,-0.07547877337283893
TUR,2019-09-30,0.10733500699422605
TUR,2019-10-31,-0.0741016875901418
TUR,2019-11-29,0.07275676512350415
TUR,2019-12-31,0.03213658866451752
TUR,2020-01-31,0.024363085637865156
TUR,2020-02-28,-0.14774754657743006
TUR,2020-03-31,-0.20549688514167164
TUR,2020-04-30,0.07025024916401446
TUR,2020-05-29,0.07458968400016275
TUR,2020-06-30,0.08182367362549647
TUR,2020-07-31,-0.07105946192549284
TUR,2020-08-31,-0.07417702731274955
TUR,2020-09-30,-0.010515642034484851
TUR,2020-10-30,-0.1022267006410007
TUR,2020-11-30,0.2564823295851464
TUR,2020-12-31,0.19276026587706707
TUR,2021-01-29,0.006037665220983035
TUR,2021-02-26,0.0022503887533908973
TUR,2021-03-31,-0.1395957148952348
TUR,2021-04-30,0.01391913008716128
TUR,2021-05-28,-0.016302044465211663
TUR,2021-06-30,-0.05303557145450888
TUR,2021-07-30,0.05173225030034345
TUR,2021-08-31,0.07355613072537426
TUR,2021-09-30,-0.10634738222802731
TUR,2021-10-29,0.001881581078642336
TUR,2021-11-30,-0.1568075244918128
TUR,2021-12-31,0.03927609586958747
TUR,2022-01-31,0.09903096374481724
TUR,2022-02-28,-0.0832516434228755
TUR,2022-03-31,0.10576919169218191
TUR,2022-04-29,0.07681170377650925
TUR,2022-05-31,-0.0448632433324323
TUR,2022-06-30,-0.08205769537652263
TUR,2022-07-29,0.012098706276952642
TUR,2022-08-31,0.16891902510150758
TUR,2022-09-30,-0.018230245874082285
TUR,2022-10-31,0.2314311692651987
TUR,2022-11-30,0.26149314586360584
TUR,2022-12-30,0.08410874126059498
TUR,2023-01-31,-0.08378375089641887
TUR,2023-02-28,0.04660765365273578
TUR,2023-03-31,-0.08060884837115578
TUR,2023-04-28,-0.050582514472163886
TUR,2023-05-31,-0.020019299622736852
TUR,2023-06-30,-0.03734052618637951
TUR,2023-07-31,0.1968141158571668
TUR,2023-08-31,0.1082520803753575
TUR,2023-09-29,0.029090037287653026
TUR,2023-10-31,-0.11436722322792026
TUR,2023-11-30,0.03279638882789748
TUR,2023-12-29,-0.07518416456406285
TUR,2024-01-31,0.10904593669105966
TUR,2024-02-29,0.04720672175455887
TUR,2024-03-28,-0.041344501787412336
TUR,2024-04-30,0.11853096784789319
TUR,2024-05-31,0.05174125446601341
TUR,2024-06-28,0.00618794815223378
TUR,2024-07-31,-0.005711595111621115
TUR,2024-08-30,-0.11297262859826074
TUR,2024-09-30,-0.018348609085611867
TUR,2024-10-31,-0.07861469078856387
TUR,2024-11-29,0.08830546519150784
TUR,2024-12-31,-0.013108795315392219
TUR,2025-01-31,0.0022309602850185684
TUR,2025-02-28,-0.04618805660876468
TUR,2025-03-31,-0.042590404501172574
TUR,2025-04-30,-0.06550890846829671
TUR,2025-05-30,-0.022171475850817024
TUR,2025-06-30,0.09224425089434485
TUR,2025-07-31,0.049287082888102685
TUR,2025-08-29,0.04254067077461032
TUR,2025-09-30,-0.030036933174600322
TUR,2025-10-31,-0.00233699475808824
TUR,2025-11-28,-0.019033803753982337
TUR,2025-12-31,0.038022375762346794
TUR,2026-01-30,0.19843120527624092
TUR,2026-02-27,-0.015030269578944488
TUR,2026-03-31,-0.04873250994309719
TUR,2026-04-30,0.09935321408717623
TUR,2026-05-29,-0.10096498410929822
TUR,2026-06-30,0.030307885604047513
TUR,2026-07-31,-0.02109052655085153
TUR,2026-08-31,0.05964267934463785
TUR,2026-09-18,-0.07562615703650344
UAE,2015-01-30,-0.025504642216966134
UAE,2015-02-27,0.06052346652805629
UAE,2015-03-31,-0.07043724046282329
UAE,2015-04-30,0.1869251611405489
UAE,2015-05-29,-0.05843698447224954
UAE,2015-06-30,0.01416623504125214
UAE,2015-07-31,0.02609102852959788
UAE,2015-08-31,-0.08850857589356365
UAE,2015-09-30,-0.05472098497356115
UAE,2015-10-30,-0.03609536762419974
UAE,2015-11-30,-0.06323598176577117
UAE,2015-12-31,-0.0023228357586162485
UAE,2016-01-29,-0.09108156356172648
UAE,2016-02-29,0.12178179696350244
UAE,2016-03-31,0.032878245932215444
UAE,2016-04-29,0.04594598532407912
UAE,2016-05-31,-0.05483786252637379
UAE,2016-06-30,0.03274596158186216
UAE,2016-07-29,0.04121883333469034
UAE,2016-08-31,-0.0012902831963506056
UAE,2016-09-30,-3.5209746785347384e-4
UAE,2016-10-31,-0.05304605468562795
UAE,2016-11-30,-0.013709840382575167
UAE,2016-12-30,0.05054350438294275
UAE,2017-01-31,0.028416028254050207
UAE,2017-02-28,-0.008818300197307893
UAE,2017-03-31,-0.004448545643802926
UAE,2017-04-28,0.011021891697801323
UAE,2017-05-31,-0.004714374135020405
UAE,2017-06-30,0.01769659249620359
UAE,2017-07-31,0.05917500029735434
UAE,2017-08-31,0.0028217636397069867
UAE,2017-09-29,-0.022791318703793473
UAE,2017-10-31,0.021019333632970927
UAE,2017-11-30,-0.05978571400179089
UAE,2017-12-29,0.013869699677875547
UAE,2018-01-31,0.04565468328697175
UAE,2018-02-28,-0.04935363059442499
UAE,2018-03-29,0.002394828762258605
UAE,2018-04-30,-0.012544700372422057
UAE,2018-05-31,-0.01270406911295463
UAE,2018-06-29,-0.0264610142986218
UAE,2018-07-31,0.03745080975541604
UAE,2018-08-31,-0.015199733533622029
UAE,2018-09-28,-0.01800616977231284
UAE,2018-10-31,-0.005893927233376894
UAE,2018-11-30,-0.0467721031154531
UAE,2018-12-31,-0.04817900043148737
UAE,2019-01-31,0.03868614854187835
UAE,2019-02-28,0.0372453643810402
UAE,2019-03-29,-0.0022358120640918466
UAE,2019-04-30,0.04970451507926721
UAE,2019-05-31,-0.08726296220628804
UAE,2019-06-28,-0.006247520935456552
UAE,2019-07-31,0.06940139416626234
UAE,2019-08-30,-0.03766657257093797
UAE,2019-09-30,-0.02757840574249515
UAE,2019-10-31,0.02333817903346236
UAE,2019-11-29,-0.030744732728407942
UAE,2019-12-31,0
UAE,2020-01-31,-0.01653020176893416
UAE,2020-02-28,-0.07783154857013364
UAE,2020-03-31,-0.23152708261397492
UAE,2020-04-30,0.11752120332571403
UAE,2020-05-29,-0.0133841189867967
UAE,2020-06-30,0.02458500993724355
UAE,2020-07-31,0.03493000799911994
UAE,2020-08-31,0.037608612781347084
UAE,2020-09-30,-9.293168603438096e-4
UAE,2020-10-30,-0.023720903305678442
UAE,2020-11-30,0.1205334987027109
UAE,2020-12-31,0.004059730790316962
UAE,2021-01-29,0.1005084983527118
UAE,2021-02-26,-0.013552910793625084
UAE,2021-03-31,0.04605770352076566
UAE,2021-04-30,0.003731279338616389
UAE,2021-05-28,0.10483263124309272
UAE,2021-06-30,-0.015439266086945347
UAE,2021-07-30,7.07784493110486e-4
UAE,2021-08-31,0.05445538609588363
UAE,2021-09-30,-0.004694837863077117
UAE,2021-10-29,-0.0026953745697309017
UAE,2021-11-30,0.1202700536332848
UAE,2021-12-31,-0.009122352725119853
UAE,2022-01-31,0.034653378328400875
UAE,2022-02-28,0.04904298928670725
UAE,2022-03-31,0.0832383082184811
UAE,2022-04-29,-0.009473805008686442
UAE,2022-05-31,-0.0781080927211435
UAE,2022-06-30,-0.08504905294582576
UAE,2022-07-29,0.061815719096005584
UAE,2022-08-31,-0.010309151177380738
UAE,2022-09-30,-0.06924029060731263
UAE,2022-10-31,0.03291643740695904
UAE,2022-11-30,0.014658974142440773
UAE,2022-12-30,-0.060185629332031865
UAE,2023-01-31,-0.022103094879044827
UAE,2023-02-28,0.0034245524211180545
UAE,2023-03-31,-0.033447075305928275
UAE,2023-04-28,0.09180791911961816
UAE,2023-05-31,-0.05627422616535627
UAE,2023-06-30,0.03140065290209959
UAE,2023-07-31,0.04914690927601595
UAE,2023-08-31,-0.022121117082056774
UAE,2023-09-29,0.01729883442983482
UAE,2023-10-31,-0.09744941905254534
UAE,2023-11-30,0.0739130026519097
UAE,2023-12-29,0.009219151883785859
UAE,2024-01-31,-0.008075339608938692
UAE,2024-02-29,-0.012211549624546403
UAE,2024-03-28,0.015796616653933615
UAE,2024-04-30,-0.031102145695721672
UAE,2024-05-31,-0.03279832555763207
UAE,2024-06-28,0.031118800002446045
UAE,2024-07-31,0.061818245424853036
UAE,2024-08-30,0.027397224438913792
UAE,2024-09-30,0.012666659142758885
UAE,2024-10-31,-0.006583253151553392
UAE,2024-11-29,0.030748814271090108
UAE,2024-12-31,0.059457593702107125
UAE,2025-01-31,0.03462952141205622
UAE,2025-02-28,0.024662323033475708
UAE,2025-03-31,-0.027507291317069527
UAE,2025-04-30,0.05362404078086369
UAE,2025-05-30,0.038590803148233155
UAE,2025-06-30,0.04283879799867818
UAE,2025-07-31,0.07051277273123202
UAE,2025-08-29,-0.03293416062473187
UAE,2025-09-30,-0.025283798844181526
UAE,2025-10-31,0.041821161691431685
UAE,2025-11-28,-0.055894320986753954
UAE,2025-12-31,0.039143999596600754
UAE,2026-01-30,0.071652651248864
UAE,2026-02-27,0.04197166666104679
UAE,2026-03-31,-0.12646366775352247
UAE,2026-04-30,0.031099160692809935
UAE,2026-05-29,0.0156006884045512
UAE,2026-06-30,0.007416910997775528
UAE,2026-07-31,-0.004208307351017848
UAE,2026-08-31,0.027469648673037472
UAE,2026-09-18,0.02467863873563081
URA,2015-01-30,-0.11548559493316968
URA,2015-02-27,0.09000994710481525
URA,2015-03-31,-0.06624332376301068
URA,2015-04-30,0.14091344469964895
URA,2015-05-29,-0.06643927717964138
URA,2015-06-30,-0.15875915542674746
URA,2015-07-31,-0.11496738350667524
URA,2015-08-31,-0.025735382277808028
URA,2015-09-30,-0.12578616780709684
URA,2015-10-30,0.06618696331234775
URA,2015-11-30,-0.07557336466313291
URA,2015-12-31,0.041717199812357775
URA,2016-01-29,-0.08792012281790429
URA,2016-02-29,-0.01332296635635788
URA,2016-03-31,0.15488513582046348
URA,2016-04-29,0.04126538376037292
URA,2016-05-31,-0.09048884767686094
URA,2016-06-30,0.032679792747712266
URA,2016-07-29,-0.02531653368427711
URA,2016-08-31,-0.009379533703072207
URA,2016-09-30,-0.05025470569865931
URA,2016-10-31,-0.0705519717494053
URA,2016-11-30,0.02722737847740553
URA,2016-12-30,0.10962699807229748
URA,2017-01-31,0.3512042967027942
URA,2017-02-28,-0.039677785329884085
URA,2017-03-31,-0.08083852444188133
URA,2017-04-28,-0.14267107721384686
URA,2017-05-31,-0.021276405806155196
URA,2017-06-30,0.02329193247295347
URA,2017-07-31,0.09787551337428435
URA,2017-08-31,-0.041465029037955126
URA,2017-09-29,-0.041095928273127025
URA,2017-10-31,-0.10225576996942709
URA,2017-11-30,0.19598025809312847
URA,2017-12-29,0.07575030796909266
URA,2018-01-31,-0.0631228291794349
URA,2018-02-28,-0.09716322142287892
URA,2018-03-29,-0.05184588488867248
URA,2018-04-30,0.10521928274887382
URA,2018-05-31,-0.011993760628841388
URA,2018-06-29,-0.023520716926203722
URA,2018-07-31,0.02331016396726615
URA,2018-08-31,-0.03416862841419965
URA,2018-09-28,0.04638382593818857
URA,2018-10-31,-0.09767097404088088
URA,2018-11-30,0.044129722758781575
URA,2018-12-31,-0.0651618505620839
URA,2019-01-31,0.08826038966676175
URA,2019-02-28,-0.025984134418693183
URA,2019-03-29,0.009700915101197749
URA,2019-04-30,-0.029623744960335485
URA,2019-05-31,-0.04620477777593124
URA,2019-06-28,0.06015782982014972
URA,2019-07-31,-0.09218113888781732
URA,2019-08-30,-0.03898427986614583
URA,2019-09-30,0.03773571497058681
URA,2019-10-31,-0.011818149504450148
URA,2019-11-29,-0.004600006358036479
URA,2019-12-31,0.03142355779436912
URA,2020-01-31,-0.08754523542994874
URA,2020-02-28,-0.04055388855580211
URA,2020-03-31,-0.10206177290244478
URA,2020-04-30,0.24339826300691847
URA,2020-05-29,0.0341642916648397
URA,2020-06-30,-0.017038363770995657
URA,2020-07-31,0.06082927185901332
URA,2020-08-31,0.08601227505224718
URA,2020-09-30,-0.109599995881698
URA,2020-10-30,-0.028751250782215187
URA,2020-11-30,0.09435723767483961
URA,2020-12-31,0.3045775678662952
URA,2021-01-29,-0.05283752012634635
URA,2021-02-26,0.20523431092580702
URA,2021-03-31,0.07599989401173612
URA,2021-04-30,0.04142334813621784
URA,2021-05-28,0.11575721701746167
URA,2021-06-30,-0.0299608968754681
URA,2021-07-30,-0.05613220827920318
URA,2021-08-31,0.046976560275615586
URA,2021-09-30,0.13556091986045415
URA,2021-10-29,0.12904581654488956
URA,2021-11-30,-0.06775881053223065
URA,2021-12-31,-0.036407160956105744
URA,2022-01-31,-0.09465372035756814
URA,2022-02-28,0.16698940222855452
URA,2022-03-31,0.0850269608253853
URA,2022-04-29,-0.11353210893667653
URA,2022-05-31,-0.05390260479168352
URA,2022-06-30,-0.14956461587238556
URA,2022-07-29,0.1627158012961729
URA,2022-08-31,0.08155698427512204
URA,2022-09-30,-0.15081403099584778
URA,2022-10-31,0.01917258222224616
URA,2022-11-30,0.0638612540862018
URA,2022-12-30,-0.0632712830939014
URA,2023-01-31,0.14691236129631458
URA,2023-02-28,-0.09118546583024778
URA,2023-03-31,-0.04777825637724542
URA,2023-04-28,0.0035123425553915677
URA,2023-05-31,-0.0055000772886677485
URA,2023-06-30,0.0910005837197505
URA,2023-07-31,0.046082994650688436
URA,2023-08-31,0.057709195967350135
URA,2023-09-29,0.12619737787120022
URA,2023-10-31,-0.007396392850481215
URA,2023-11-30,0.07898647879151777
URA,2023-12-29,0.014042631111250259
URA,2024-01-31,0.09498013704610986
URA,2024-02-29,-0.0943271866580132
URA,2024-03-28,0.049890732146982364
URA,2024-04-30,-0.0020811527735152824
URA,2024-05-31,0.120611785552454
URA,2024-06-28,-0.10127506763575944
URA,2024-07-31,-0.021070884700509662
URA,2024-08-30,-0.08609733124701024
URA,2024-09-30,0.10463326931675332
URA,2024-10-31,0.07409986647470546
URA,2024-11-29,0.052717157350099075
URA,2024-12-31,-0.14975823985621284
URA,2025-01-31,0.05713213277639828
URA,2025-02-28,-0.12398448519190242
URA,2025-03-31,-0.07580638441905918
URA,2025-04-30,0.09075043645233882
URA,2025-05-30,0.280399890903382
URA,2025-06-30,0.21243367854473072
URA,2025-07-31,0.014171592121373422
URA,2025-08-29,0.033282489908235124
URA,2025-09-30,0.17211708390319913
URA,2025-10-31,0.156282800978784
URA,2025-11-28,-0.17851964286659516
URA,2025-12-31,-0.011267742636506872
URA,2026-01-30,0.28691790937446915
URA,2026-02-27,-0.011820358356770866
URA,2026-03-31,-0.1087596582778193
URA,2026-04-30,0.16498033891021113
URA,2026-05-29,-0.10031903635416073
URA,2026-06-30,-0.13908585090710668
URA,2026-07-31,-0.1059496793428385
URA,2026-08-31,0.1648323183263838
URA,2026-09-18,-0.08481645655934744
VEA,2015-01-30,0.012204920217104176
VEA,2015-02-27,0.061598871922845744
VEA,2015-03-31,-0.012183548708186054
VEA,2015-04-30,0.038664490266086204
VEA,2015-05-29,-4.8355007077460765e-4
VEA,2015-06-30,-0.029107757315856464
VEA,2015-07-31,0.014627836940772854
VEA,2015-08-31,-0.07233390986132482
VEA,2015-09-30,-0.0408033177099113
VEA,2015-10-30,0.06734009794692208
VEA,2015-11-30,-0.007623640778356089
VEA,2015-12-31,-0.02133661138764309
VEA,2016-01-29,-0.05528322154675214
VEA,2016-02-29,-0.030844481600934226
VEA,2016-03-31,0.07190978268664883
VEA,2016-04-29,0.023132552736625067
VEA,2016-05-31,-0.0029964377451752178
VEA,2016-06-30,-0.020596566479286427
VEA,2016-07-29,0.04157194243636542
VEA,2016-08-31,0.004072920509914368
VEA,2016-09-30,0.01637848841667977
VEA,2016-10-31,-0.024057764959118932
VEA,2016-11-30,-0.015064215410675152
VEA,2016-12-30,0.024485406580681213
VEA,2017-01-31,0.03667182861148399
VEA,2017-02-28,0.010560147631394567
VEA,2017-03-31,0.030584001287426332
VEA,2017-04-28,0.02213711362705184
VEA,2017-05-31,0.034105302330359466
VEA,2017-06-30,0.006372388071421264
VEA,2017-07-31,0.02880010277585532
VEA,2017-08-31,2.350489910765141e-4
VEA,2017-09-29,0.02514303878313906
VEA,2017-10-31,0.017737648029222175
VEA,2017-11-30,0.008601410767025142
VEA,2017-12-29,0.0165414531691912
VEA,2018-01-31,0.04748097220289904
VEA,2018-02-28,-0.051074846623964665
VEA,2018-03-29,-0.003899030737178344
VEA,2018-04-30,0.012655465658313991
VEA,2018-05-31,-0.014282682889563136
VEA,2018-06-29,-0.016532608820141625
VEA,2018-07-31,0.022843833649440537
VEA,2018-08-31,-0.01732017232073113
VEA,2018-09-28,0.007108492417825518
VEA,2018-10-31,-0.08597183508236905
VEA,2018-11-30,0.005056939911644465
VEA,2018-12-31,-0.05677609660695915
VEA,2019-01-31,0.074663317099819
VEA,2019-02-28,0.02332571492520108
VEA,2019-03-29,0.006016870868478019
VEA,2019-04-30,0.02838255011975055
VEA,2019-05-31,-0.05210533751576374
VEA,2019-06-28,0.0585931439775238
VEA,2019-07-31,-0.020378662003413428
VEA,2019-08-30,-0.018844723109859962
VEA,2019-09-30,0.031523218110009577
VEA,2019-10-31,0.0321325643656285
VEA,2019-11-29,0.013443031625515856
VEA,2019-12-31,0.03566724923928599
VEA,2020-01-31,-0.02995933133383699
VEA,2020-02-28,-0.0765091408139853
VEA,2020-03-31,-0.1515284810780161
VEA,2020-04-30,0.07018628940257954
VEA,2020-05-29,0.05577331070107139
VEA,2020-06-30,0.03497855619156698
VEA,2020-07-31,0.026295266561075392
VEA,2020-08-31,0.05174564201705523
VEA,2020-09-30,-0.01799726689258485
VEA,2020-10-30,-0.03545229300248576
VEA,2020-11-30,0.1429658314572142
VEA,2020-12-31,0.05630037256200415
VEA,2021-01-29,-0.007201742989863091
VEA,2021-02-26,0.024322460897991283
VEA,2021-03-31,0.027685045916404194
VEA,2021-04-30,0.03054354926323466
VEA,2021-05-28,0.035763571216839596
VEA,2021-06-30,-0.009213465716904401
VEA,2021-07-30,0.005046394721484271
VEA,2021-08-31,0.01313235881664121
VEA,2021-09-30,-0.03385534283792879
VEA,2021-10-29,0.032283624986870096
VEA,2021-11-30,-0.046431320152207634
VEA,2021-12-31,0.043285740873347356
VEA,2022-01-31,-0.038582357249165256
VEA,2022-02-28,-0.026481791988587466
VEA,2022-03-31,0.006754447469401681
VEA,2022-04-29,-0.06787417547333452
VEA,2022-05-31,0.016528764142966557
VEA,2022-06-30,-0.09170041954641317
VEA,2022-07-29,0.05294104950145573
VEA,2022-08-31,-0.058193826277690874
VEA,2022-09-30,-0.09860030895119842
VEA,2022-10-31,0.06078120204250892
VEA,2022-11-30,0.12548635972224553
VEA,2022-12-30,-0.021825135981398902
VEA,2023-01-31,0.09030281352309832
VEA,2023-02-28,-0.034746587235200854
VEA,2023-03-31,0.026485116880972992
VEA,2023-04-28,0.0263448968859612
VEA,2023-05-31,-0.03731656004339645
VEA,2023-06-30,0.04429002309103458
VEA,2023-07-31,0.03139885983358526
VEA,2023-08-31,-0.039470948842095566
VEA,2023-09-29,-0.037847841488999334
VEA,2023-10-31,-0.033851745241229025
VEA,2023-11-30,0.0880681439496307
VEA,2023-12-29,0.055885712709312196
VEA,2024-01-31,-0.010856163588875756
VEA,2024-02-29,0.027437718700173086
VEA,2024-03-28,0.036584504716667965
VEA,2024-04-30,-0.03408402467369198
VEA,2024-05-31,0.04663642179151317
VEA,2024-06-28,-0.01654176318079581
VEA,2024-07-31,0.030149627680616353
VEA,2024-08-30,0.029071045598616507
VEA,2024-09-30,0.010785497081672535
VEA,2024-10-31,-0.05131602404154523
VEA,2024-11-29,0.0039920552804730836
VEA,2024-12-31,-0.03505988312327113
VEA,2025-01-31,0.04433299991626383
VEA,2025-02-28,0.022627129306532545
VEA,2025-03-31,-9.736552148009725e-5
VEA,2025-04-30,0.04013371585272063
VEA,2025-05-30,0.05125790631351368
VEA,2025-06-30,0.03388648769800673
VEA,2025-07-31,-0.013857202015321923
VEA,2025-08-29,0.044290252188813106
VEA,2025-09-30,0.025497934059877325
VEA,2025-10-31,0.017690347905578996
VEA,2025-11-28,0.009675256484361183
VEA,2025-12-31,0.03178365363761371
VEA,2026-01-30,0.05970858417693048
VEA,2026-02-27,0.06102731510619952
VEA,2026-03-31,-0.08614684780788795
VEA,2026-04-30,0.07365796578740014
VEA,2026-05-29,0.04316847527576151
VEA,2026-06-30,-0.002019776973942622
VEA,2026-07-31,-0.008842036788953012
VEA,2026-08-31,0.032568582837068094
VEA,2026-09-18,-0.0186980750331176
VNM,2015-01-30,-0.036861151898526456
VNM,2015-02-27,0.07326382770465645
VNM,2015-03-31,-0.14009149419658073
VNM,2015-04-30,0.06812799867391917
VNM,2015-05-29,-0.018857393580149817
VNM,2015-06-30,0.05370238268523386
VNM,2015-07-31,-0.014484792507446165
VNM,2015-08-31,-0.11377250478578538
VNM,2015-09-30,-0.04913992411313839
VNM,2015-10-30,0.09560686707226118
VNM,2015-11-30,-0.08254702623729226
VNM,2015-12-31,-0.01302614602139085
VNM,2016-01-29,-0.0561190804128856
VNM,2016-02-29,0
VNM,2016-03-31,0.002865257496167173
VNM,2016-04-29,0.029999942164549598
VNM,2016-05-31,-0.0013868530018921188
VNM,2016-06-30,0.015277843898807486
VNM,2016-07-29,0.03898755556369471
VNM,2016-08-31,-6.582047449590345e-4
VNM,2016-09-30,-0.005270101784183523
VNM,2016-10-31,-0.05099334533375821
VNM,2016-11-30,-0.0662945868748831
VNM,2016-12-30,-0.0011265550041570371
VNM,2017-01-31,0.039877462665516505
VNM,2017-02-28,-0.003687494368162181
VNM,2017-03-31,0.03774993626113665
VNM,2017-04-28,0.0014265276287455109
VNM,2017-05-31,0.02848983590504539
VNM,2017-06-30,0.033933566703927776
VNM,2017-07-31,-0.010046669035347677
VNM,2017-08-31,-0.006766013952084204
VNM,2017-09-29,0.015667546728862947
VNM,2017-10-31,0.07444683686867815
VNM,2017-11-30,0.05742810457022118
VNM,2017-12-29,0.06672188349063601
VNM,2018-01-31,0.10011157045026886
VNM,2018-02-28,-0.05033015760178483
VNM,2018-03-29,0.04710900388257411
VNM,2018-04-30,-0.08588943848349684
VNM,2018-05-31,-0.06655486304931246
VNM,2018-06-29,-0.04313969502650483
VNM,2018-07-31,0.030682558921785397
VNM,2018-08-31,0.006075357840514384
VNM,2018-09-28,0.015096551010548742
VNM,2018-10-31,-0.09696599036522957
VNM,2018-11-30,0.03425551100216162
VNM,2018-12-31,-0.052769273572750186
VNM,2019-01-31,0.07389826944877109
VNM,2019-02-28,0.05303035345955154
VNM,2019-03-29,-0.0071942865153546975
VNM,2019-04-30,0.006642655094435623
VNM,2019-05-31,-0.028794281997108984
VNM,2019-06-28,-0.01050034811311451
VNM,2019-07-31,0.009987595117648906
VNM,2019-08-30,-0.03090237653530048
VNM,2019-09-30,0.04017847312625045
VNM,2019-10-31,-0.005518119355863882
VNM,2019-11-29,-0.017262697813562822
VNM,2019-12-31,0.010832937249951158
VNM,2020-01-31,-0.06879293944981812
VNM,2020-02-28,-0.07723324391019915
VNM,2020-03-31,-0.24017458902299782
VNM,2020-04-30,0.1925288378487
VNM,2020-05-29,0.10040166301308728
VNM,2020-06-30,-0.018978289228301137
VNM,2020-07-31,0.019345432440401655
VNM,2020-08-31,0.07299264825857121
VNM,2020-09-30,0.010204193434363962
VNM,2020-10-30,-0.007407469325462768
VNM,2020-11-30,0.08276784646085744
VNM,2020-12-31,0.10043342355759566
VNM,2021-01-29,-0.032589962188141586
VNM,2021-02-26,0.040189082473613746
VNM,2021-03-31,0.028409131805174237
VNM,2021-04-30,0.04143652209015403
VNM,2021-05-28,0.04403168130523327
VNM,2021-06-30,0.05640266407803285
VNM,2021-07-30,-0.059644159199427005
VNM,2021-08-31,0.010230214043857266
VNM,2021-09-30,-0.024303879812677454
VNM,2021-10-29,0.05345096009653938
VNM,2021-11-30,0.02216753949782868
VNM,2021-12-31,0.028715870578543745
VNM,2022-01-31,-0.06920905482533579
VNM,2022-02-28,-0.01315121438739808
VNM,2022-03-31,-0.032803691697068316
VNM,2022-04-29,-0.09697934965945498
VNM,2022-05-31,-0.05868538985399285
VNM,2022-06-30,-0.10224445240300861
VNM,2022-07-29,0.02291665063609205
VNM,2022-08-31,0.04073320106984912
VNM,2022-09-30,-0.13242005256721212
VNM,2022-10-31,-0.12180447771711977
VNM,2022-11-30,0.09417803867533148
VNM,2022-12-30,-0.06502320035666542
VNM,2023-01-31,0.08868238321335276
VNM,2023-02-28,-0.1264546333803055
VNM,2023-03-31,0.08170515780922671
VNM,2023-04-28,-0.0024631002214838826
VNM,2023-05-31,0.023045367655605054
VNM,2023-06-30,0.06999196290130993
VNM,2023-07-31,0.13157897527066442
VNM,2023-08-31,0.0073088383776525045
VNM,2023-09-29,-0.10686010080949782
VNM,2023-10-31,-0.1462333605931324
VNM,2023-11-30,0.13321803740042526
VNM,2023-12-29,0.03953500066664417
VNM,2024-01-31,-0.01702786057110528
VNM,2024-02-29,0.06377956322777001
VNM,2024-03-28,0.02886746047072264
VNM,2024-04-30,-0.12230217360650042
VNM,2024-05-31,0.03360657323604621
VNM,2024-06-28,-0.03489293585912656
VNM,2024-07-31,-0.008216932482886907
VNM,2024-08-30,0.03976806311242287
VNM,2024-09-30,0.018326682244887316
VNM,2024-10-31,-0.06807510982298737
VNM,2024-11-29,-0.012594426504294653
VNM,2024-12-31,-0.023809636029395675
VNM,2025-01-31,0.006968746113513502
VNM,2025-02-28,0.04152245130241061
VNM,2025-03-31,0.03654484311481876
VNM,2025-04-30,-0.03285257858298696
VNM,2025-05-30,0.12593213387637214
VNM,2025-06-30,0.011773327943070067
VNM,2025-07-31,0.16436363368466012
VNM,2025-08-29,0.1424110994243244
VNM,2025-09-30,-0.024603700916273397
VNM,2025-10-31,-0.022982072689105237
VNM,2025-11-28,0.05220881023946933
VNM,2025-12-31,0.04250314181341741
VNM,2026-01-30,-5.241210126741835e-4
VNM,2026-02-27,5.243958595630982e-4
VNM,2026-03-31,-0.09276731996023357
VNM,2026-04-30,0.08838825729924493
VNM,2026-05-29,-0.007430965420093583
VNM,2026-06-30,-0.012299542256746232
VNM,2026-07-31,-0.08067134956744904
VNM,2026-08-31,0.06360423750422628
VNM,2026-09-18,-0.023809541411486612
VWO,2015-01-30,0.009605677109330468
VWO,2015-02-27,0.04657013140593591
VWO,2015-03-31,-0.02055286896386055
VWO,2015-04-30,0.07413750773839545
VWO,2015-05-29,-0.0355352836743813
VWO,2015-06-30,-0.025531387865202038
VWO,2015-07-31,-0.06262232571235171
VWO,2015-08-31,-0.0986428571136273
VWO,2015-09-30,-0.028817147217287897
VWO,2015-10-30,0.052886450065718904
VWO,2015-11-30,-0.022961918979505835
VWO,2015-12-31,-0.03436795071354004
VWO,2016-01-29,-0.05747481820731615
VWO,2016-02-29,-0.0032435148426773752
VWO,2016-03-31,0.12720734183925853
VWO,2016-04-29,0.010121093010794002
VWO,2016-05-31,-0.03235032397104143
VWO,2016-06-30,0.04923636744988702
VWO,2016-07-29,0.05137703368764068
VWO,2016-08-31,0.007829518929419965
VWO,2016-09-30,0.020207300571106313
VWO,2016-10-31,0.0031886519531278967
VWO,2016-11-30,-0.040529784759874454
VWO,2016-12-30,-0.007382377284565811
VWO,2017-01-31,0.057573838085493545
VWO,2017-02-28,0.022463031206059414
VWO,2017-03-31,0.028449424592331907
VWO,2017-04-28,0.015608919706046498
VWO,2017-05-31,0.00991622945179893
VWO,2017-06-30,0.008504389263328083
VWO,2017-07-31,0.05339186419413888
VWO,2017-08-31,0.029993119488926467
VWO,2017-09-29,-0.004951290461589375
VWO,2017-10-31,0.024328559415437212
VWO,2017-11-30,-0.003361177520212588
VWO,2017-12-29,0.03705385564637842
VWO,2018-01-31,0.08560232073961616
VWO,2018-02-28,-0.05357164375939982
VWO,2018-03-29,-0.0020916716562031645
VWO,2018-04-30,-0.02767134058989562
VWO,2018-05-31,-0.02342376578133243
VWO,2018-06-29,-0.047894835105494526
VWO,2018-07-31,0.03981051224251275
VWO,2018-08-31,-0.04193254078514308
VWO,2018-09-28,-0.013457697509733357
VWO,2018-10-31,-0.07658539005767395
VWO,2018-11-30,0.04833612546970123
VWO,2018-12-31,-0.03345015259790307
VWO,2019-01-31,0.09658798359171628
VWO,2019-02-28,-0.0038296820670929987
VWO,2019-03-29,0.023148670083991574
VWO,2019-04-30,0.021411754645260572
VWO,2019-05-31,-0.06381020187648001
VWO,2019-06-28,0.05371853548246541
VWO,2019-07-31,-0.018104905343875988
VWO,2019-08-30,-0.0325672370093153
VWO,2019-09-30,0.009108720759751332
VWO,2019-10-31,0.039493686512007686
VWO,2019-11-29,0.005018502063920627
VWO,2019-12-31,0.07068841640395584
VWO,2020-01-31,-0.05531834688936088
VWO,2020-02-28,-0.03546782597129394
VWO,2020-03-31,-0.17046777285540227
VWO,2020-04-30,0.07809247104025419
VWO,2020-05-29,0.0329000511548907
VWO,2020-06-30,0.06477196233066462
VWO,2020-07-31,0.08583694055242974
VWO,2020-08-31,0.02743524179863943
VWO,2020-09-30,-0.01195778251656443
VWO,2020-10-30,0.013182207920977573
VWO,2020-11-30,0.0855969974898898
VWO,2020-12-31,0.05999349127979858
VWO,2021-01-29,0.031331164476322115
VWO,2021-02-26,0.015673527136897958
VWO,2021-03-31,-0.007104198769561365
VWO,2021-04-30,0.01786730191017316
VWO,2021-05-28,0.016987795276591555
VWO,2021-06-30,0.013267774324252857
VWO,2021-07-30,-0.05892127198265085
VWO,2021-08-31,0.02191368932449489
VWO,2021-09-30,-0.03361976289580826
VWO,2021-10-29,0.012997443624884752
VWO,2021-11-30,-0.029017007749982282
VWO,2021-12-31,0.015402308591916603
VWO,2022-01-31,0.004245861237776705
VWO,2022-02-28,-0.03724584123897534
VWO,2022-03-31,-0.03255308602331752
VWO,2022-04-29,-0.05831342205692014
VWO,2022-05-31,0.004604059438538144
VWO,2022-06-30,-0.038502164364322966
VWO,2022-07-29,-0.007923268956881557
VWO,2022-08-31,-0.004598067705163911
VWO,2022-09-30,-0.1008226655375799
VWO,2022-10-31,-0.028500691371519227
VWO,2022-11-30,0.14301809931480802
VWO,2022-12-30,-0.022292384485305572
VWO,2023-01-31,0.08337616512742274
VWO,2023-02-28,-0.06654045227190397
VWO,2023-03-31,0.02560183130404048
VWO,2023-04-28,-0.003960084613453763
VWO,2023-05-31,-0.029572778734677896
VWO,2023-06-30,0.0474105043114712
VWO,2023-07-31,0.058751086753342285
VWO,2023-08-31,-0.058973789675126786
VWO,2023-09-29,-0.024677264153700196
VWO,2023-10-31,-0.032389782664645095
VWO,2023-11-30,0.0709016311382955
VWO,2023-12-29,0.033331392123387316
VWO,2024-01-31,-0.03552312113924261
VWO,2024-02-29,0.034813277621208893
VWO,2024-03-28,0.019235583466684636
VWO,2024-04-30,0.009576096644483112
VWO,2024-05-31,0.021579571988050716
VWO,2024-06-28,0.01970022143794914
VWO,2024-07-31,0.012111488391092884
VWO,2024-08-30,0.009708718360053714
VWO,2024-09-30,0.07315498697265488
VWO,2024-10-31,-0.026750102094801664
VWO,2024-11-29,-0.021473039123580784
VWO,2024-12-31,-0.010242631582579986
VWO,2025-01-31,0.008174426141570379
VWO,2025-02-28,0.007432416074833359
VWO,2025-03-31,0.01287831094698677
VWO,2025-04-30,-2.2091285153125195e-4
VWO,2025-05-30,0.038674115271058795
VWO,2025-06-30,0.05538708739306264
VWO,2025-07-31,0.006874234051925221
VWO,2025-08-29,0.03473897941799842
VWO,2025-09-30,0.05687923882856594
VWO,2025-10-31,0.01458102857485244
VWO,2025-11-28,-0.012188577999233452
VWO,2025-12-31,0.009518440914917603
VWO,2026-01-30,0.05040924677851577
VWO,2026-02-27,0.028864790964145515
VWO,2026-03-31,-0.06970740284642485
VWO,2026-04-30,0.09028686667941455
VWO,2026-05-29,0.016120830778483253
VWO,2026-06-30,-0.001988342173782298
VWO,2026-07-31,-0.01574800225386741
VWO,2026-08-31,0.030127662254172627
VWO,2026-09-18,-0.006536566438683056
WOOD,2015-01-30,0.02265865443060955
WOOD,2015-02-27,0.03101903488511737
WOOD,2015-03-31,-0.021847993940321664
WOOD,2015-04-30,-0.012083275794336323
WOOD,2015-05-29,0.007412940267158108
WOOD,2015-06-30,-0.02391414753827481
WOOD,2015-07-31,-0.028740098957715676
WOOD,2015-08-31,-0.05918088447741221
WOOD,2015-09-30,-0.07290139781067906
WOOD,2015-10-30,0.09570902132269099
WOOD,2015-11-30,0.065819043415144
WOOD,2015-12-31,-0.07241858622057307
WOOD,2016-01-29,-0.10613355145100722
WOOD,2016-02-29,-0.017330612807041956
WOOD,2016-03-31,0.11630164946098542
WOOD,2016-04-29,0.019214149329738417
WOOD,2016-05-31,0.018223680056273395
WOOD,2016-06-30,-0.056521797529193285
WOOD,2016-07-29,0.07535881483850848
WOOD,2016-08-31,0.021578559348737425
WOOD,2016-09-30,0.010259461144612736
WOOD,2016-10-31,1.9905344084514276e-4
WOOD,2016-11-30,0.040015968403735336
WOOD,2016-12-30,0.030843381080630783
WOOD,2017-01-31,0.021268581024759703
WOOD,2017-02-28,0.030325203414127477
WOOD,2017-03-31,0.02180865679902011
WOOD,2017-04-28,0.02880438663666607
WOOD,2017-05-31,0.01821534376933287
WOOD,2017-06-30,0.026070374244655525
WOOD,2017-07-31,0.016976778024068384
WOOD,2017-08-31,0.021348426374862006
WOOD,2017-09-29,0.04950470207205537
WOOD,2017-10-31,0.04252795172980739
WOOD,2017-11-30,0.005458128124640194
WOOD,2017-12-29,0.018433252851881132
WOOD,2018-01-31,0.07690150234746529
WOOD,2018-02-28,-0.010574403401692023
WOOD,2018-03-29,0.03377741286560898
WOOD,2018-04-30,0.02552654951286959
WOOD,2018-05-31,0.00784072782362144
WOOD,2018-06-29,-0.02561012653626682
WOOD,2018-07-31,-0.0325137924618345
WOOD,2018-08-31,0.034003804337028765
WOOD,2018-09-28,-0.036724419568106126
WOOD,2018-10-31,-0.12234320223877682
WOOD,2018-11-30,-0.039049472069006885
WOOD,2018-12-31,-0.08745743167552145
WOOD,2019-01-31,0.15385975507084448
WOOD,2019-02-28,-0.03382892903986878
WOOD,2019-03-29,-0.0026691702173755605
WOOD,2019-04-30,0.009918318915251634
WOOD,2019-05-31,-0.1426344730733593
WOOD,2019-06-28,0.11117311102990768
WOOD,2019-07-31,-0.040860589471432784
WOOD,2019-08-30,-0.033559242261861355
WOOD,2019-09-30,0.05505563093538868
WOOD,2019-10-31,0.07384033072325269
WOOD,2019-11-29,0.030014381874251983
WOOD,2019-12-31,0.034828586082003454
WOOD,2020-01-31,-0.06791050381321007
WOOD,2020-02-28,-0.08038422190694683
WOOD,2020-03-31,-0.1621104984526165
WOOD,2020-04-30,0.09351625983461154
WOOD,2020-05-29,0.02679584959024628
WOOD,2020-06-30,0.03545828418938157
WOOD,2020-07-31,0.07699244063539212
WOOD,2020-08-31,0.10279606978799949
WOOD,2020-09-30,-0.01852132111952165
WOOD,2020-10-30,-0.02134580411863518
WOOD,2020-11-30,0.13924471810642913
WOOD,2020-12-31,0.1090763515698201
WOOD,2021-01-29,-0.00527527789638349
WOOD,2021-02-26,0.05037898798980889
WOOD,2021-03-31,0.024882766941525025
WOOD,2021-04-30,0.0763546100545125
WOOD,2021-05-28,-0.003159855453459981
WOOD,2021-06-30,-0.041778873151787854
WOOD,2021-07-30,0.009330756065803136
WOOD,2021-08-31,0.022483081579733
WOOD,2021-09-30,-0.05123313075664071
WOOD,2021-10-29,-0.009176394600365123
WOOD,2021-11-30,0.004155727309059554
WOOD,2021-12-31,0.09110209382688805
WOOD,2022-01-31,-0.027068193908410754
WOOD,2022-02-28,-0.014971839608231896
WOOD,2022-03-31,0.013157623859800571
WOOD,2022-04-29,0.008620721136689768
WOOD,2022-05-31,-0.012210016630822329
WOOD,2022-06-30,-0.14886299822980076
WOOD,2022-07-29,0.06450731305271917
WOOD,2022-08-31,-0.031435564970177854
WOOD,2022-09-30,-0.14715842118374167
WOOD,2022-10-31,0.07580612379509266
WOOD,2022-11-30,0.07927277107781183
WOOD,2022-12-30,-0.041114661957457055
WOOD,2023-01-31,0.0782131436918061
WOOD,2023-02-28,-0.060938401611168036
WOOD,2023-03-31,-0.02810215591412879
WOOD,2023-04-28,-0.009358720740243243
WOOD,2023-05-31,-0.020727578561335114
WOOD,2023-06-30,0.05156203773106949
WOOD,2023-07-31,0.06444393333867415
WOOD,2023-08-31,-0.022408469808363196
WOOD,2023-09-29,-0.007774884034310259
WOOD,2023-10-31,-0.04431236406824679
WOOD,2023-11-30,0.0870794538741757
WOOD,2023-12-29,0.057217229849656936
WOOD,2024-01-31,-0.06322252015823815
WOOD,2024-02-29,0.04057237258898172
WOOD,2024-03-28,0.06473179278890395
WOOD,2024-04-30,-0.06233707246497455
WOOD,2024-05-31,0.04979789774561527
WOOD,2024-06-28,-0.0416025845735738
WOOD,2024-07-31,0.04159753879829009
WOOD,2024-08-30,0.0030626362842058885
WOOD,2024-09-30,0.05239377713245719
WOOD,2024-10-31,-0.06533586741776276
WOOD,2024-11-29,0.010553650661619063
WOOD,2024-12-31,-0.0580488181301434
WOOD,2025-01-31,0.051873253397731967
WOOD,2025-02-28,-0.03549189837464006
WOOD,2025-03-31,-0.026081255919749302
WOOD,2025-04-30,-0.03897666966973312
WOOD,2025-05-30,0.01986484948206102
WOOD,2025-06-30,0.0025540195099662544
WOOD,2025-07-31,-0.032988014905380725
WOOD,2025-08-29,0.07132790629265706
WOOD,2025-09-30,-0.034079009300202356
WOOD,2025-10-31,-0.054760952158492415
WOOD,2025-11-28,0.014267247413877637
WOOD,2025-12-31,0.03844180609293524
WOOD,2026-01-30,0.037078195941073755
WOOD,2026-02-27,0.04954464932017055
WOOD,2026-03-31,-0.0947945695364889
WOOD,2026-04-30,-0.0350951491690904
WOOD,2026-05-29,-0.010809103511203899
WOOD,2026-06-30,-0.012733296126942073
WOOD,2026-07-31,0.0862016797798808
WOOD,2026-08-31,-0.003474635310684482
WOOD,2026-09-18,-0.015062681277933199
XLE,2015-01-30,-0.0500437864520521
XLE,2015-02-27,0.045929667413908914
XLE,2015-03-31,-0.011552327172016486
XLE,2015-04-30,0.06573838635112494
XLE,2015-05-29,-0.051886804652532814
XLE,2015-06-30,-0.03483446934289669
XLE,2015-07-31,-0.07690291213429723
XLE,2015-08-31,-0.04251945024838366
XLE,2015-09-30,-0.07193368415713686
XLE,2015-10-30,0.11160117541415815
XLE,2015-11-30,-1.473212079340369e-4
XLE,2015-12-31,-0.10516942842057952
XLE,2016-01-29,-0.03498012385790494
XLE,2016-02-29,-0.02800196138285671
XLE,2016-03-31,0.1016592478412972
XLE,2016-04-29,0.09064443244309461
XLE,2016-05-31,-0.009332941223083369
XLE,2016-06-30,0.027207061313632375
XLE,2016-07-29,-0.012602726346193638
XLE,2016-08-31,0.016770584485573448
XLE,2016-09-30,0.036882047571928034
XLE,2016-10-31,-0.028183180597928348
XLE,2016-11-30,0.084669181679633
XLE,2016-12-30,0.017307825690107137
XLE,2017-01-31,-0.032129592392836304
XLE,2017-02-28,-0.02085070762860808
XLE,2017-03-31,-0.014859900794393588
XLE,2017-04-28,-0.029470673448841578
XLE,2017-05-31,-0.03537727200853624
XLE,2017-06-30,-0.001116830766941801
XLE,2017-07-31,0.02618618580352461
XLE,2017-08-31,-0.054788106085395194
XLE,2017-09-29,0.1018229054092259
XLE,2017-10-31,-0.008323180509672179
XLE,2017-11-30,0.0175225795319367
XLE,2017-12-29,0.052694319915325805
XLE,2018-01-31,0.03584286884321486
XLE,2018-02-28,-0.10835008080373798
XLE,2018-03-29,0.017230387153449822
XLE,2018-04-30,0.09494112470235816
XLE,2018-05-31,0.029942190684923764
XLE,2018-06-29,0.005694974179381251
XLE,2018-07-31,0.015538596269956795
XLE,2018-08-31,-0.03475092737848651
XLE,2018-09-28,0.024459624266015334
XLE,2018-10-31,-0.11328204293673572
XLE,2018-11-30,-0.015634434458822066
XLE,2018-12-31,-0.12439187248585204
XLE,2019-01-31,0.11211839122543243
XLE,2019-02-28,0.023048151062090128
XLE,2019-03-29,0.021280832489441348
XLE,2019-04-30,-1.510817911165585e-4
XLE,2019-05-31,-0.11102717296905174
XLE,2019-06-28,0.09395156105546798
XLE,2019-07-31,-0.01585313021776147
XLE,2019-08-30,-0.08325334309702126
XLE,2019-09-30,0.039342611585712506
XLE,2019-10-31,-0.02094589549609549
XLE,2019-11-29,0.016045397423252172
XLE,2019-12-31,0.06026256159685772
XLE,2020-01-31,-0.10992692668135529
XLE,2020-02-28,-0.15288153201819832
XLE,2020-03-31,-0.3437095354643793
XLE,2020-04-30,0.3076392773135317
XLE,2020-05-29,0.020000150062208455
XLE,2020-06-30,-0.01095558327778623
XLE,2020-07-31,-0.0480847144516362
XLE,2020-08-31,-0.010546370634519131
XLE,2020-09-30,-0.14606639654079057
XLE,2020-10-30,-0.04106876394974612
XLE,2020-11-30,0.2799444652097782
XLE,2020-12-31,0.04480129827889323
XLE,2021-01-29,0.037466971180182274
XLE,2021-02-26,0.22456757012687012
XLE,2021-03-31,0.02971012418675123
XLE,2021-04-30,0.006726269159879283
XLE,2021-05-28,0.057096463093532446
XLE,2021-06-30,0.04233964345684571
XLE,2021-07-30,-0.08316318369934084
XLE,2021-08-31,-0.020044667855783516
XLE,2021-09-30,0.08931489966099382
XLE,2021-10-29,0.10328295485465144
XLE,2021-11-30,-0.050113166604637605
XLE,2021-12-31,0.02983413087844977
XLE,2022-01-31,0.18774739141556962
XLE,2022-02-28,0.07069170270907077
XLE,2022-03-31,0.09338612121326717
XLE,2022-04-29,-0.016875958690412585
XLE,2022-05-31,0.16034595546017583
XLE,2022-06-30,-0.17073460703181986
XLE,2022-07-29,0.09662959514167824
XLE,2022-08-31,0.026523826933654293
XLE,2022-09-30,-0.09558709160535517
XLE,2022-10-31,0.2496529758566315
XLE,2022-11-30,0.012777879008746273
XLE,2022-12-30,-0.030489727614902207
XLE,2023-01-31,0.02812409402540772
XLE,2023-02-28,-0.06938741588038888
XLE,2023-03-31,5.3501772872888154e-5
XLE,2023-04-28,0.0277675712722103
XLE,2023-05-31,-0.10031706858512879
XLE,2023-06-30,0.06913332607624012
XLE,2023-07-31,0.07773832467712816
XLE,2023-08-31,0.016460808155113416
XLE,2023-09-29,0.02403302358842585
XLE,2023-10-31,-0.057528179347968944
XLE,2023-11-30,-0.007160707566027824
XLE,2023-12-29,7.718332706074804e-4
XLE,2024-01-31,-0.005128781971902918
XLE,2024-02-29,0.0327298677542498
XLE,2024-03-28,0.10486372191263293
XLE,2024-04-30,-0.009426925793458607
XLE,2024-05-31,-0.0034217117125324714
XLE,2024-06-28,-0.014141850777606657
XLE,2024-07-31,0.0226002270453991
XLE,2024-08-30,-0.020705945701165684
XLE,2024-09-30,-0.030181022389355938
XLE,2024-10-31,0.00899767709489252
XLE,2024-11-29,0.07833844496586839
XLE,2024-12-31,-0.09579584872449753
XLE,2025-01-31,0.023114691580322644
XLE,2025-02-28,0.03833856607043096
XLE,2025-03-31,0.03493238862773129
XLE,2025-04-30,-0.1385768352884883
XLE,2025-05-30,0.012795016773089918
XLE,2025-06-30,0.04869268796918069
XLE,2025-07-31,0.028298640131365405
XLE,2025-08-29,0.036463722378694774
XLE,2025-09-30,-0.0031820114002346633
XLE,2025-10-31,-0.013543667229312661
XLE,2025-11-28,0.026324687251945367
XLE,2025-12-31,-0.0029601582568700158
XLE,2026-01-30,0.1418026741972711
XLE,2026-02-27,0.09539670174721437
XLE,2026-03-31,0.10265119723456761
XLE,2026-04-30,-0.02628136791889235
XLE,2026-05-29,-0.05632857041269368
XLE,2026-06-30,-0.04968884533158102
XLE,2026-07-31,0.12125773964788422
XLE,2026-08-31,0.07405541400355853
XLE,2026-09-18,0.005472146327876626
XLF,2015-01-30,-0.06955105852245536
XLF,2015-02-27,0.05823588558687631
XLF,2015-03-31,-0.006160717948969108
XLF,2015-04-30,8.29501555736023e-4
XLF,2015-05-29,0.019478030873743668
XLF,2015-06-30,-0.0046097854758305745
XLF,2015-07-31,0.03404385235183649
XLF,2015-08-31,-0.07060691972669353
XLF,2015-09-30,-0.028134225698825954
XLF,2015-10-30,0.06266571567919987
XLF,2015-11-30,0.01993350906791269
XLF,2015-12-31,-0.023643980333037495
XLF,2016-01-29,-0.08854369141269225
XLF,2016-02-29,-0.02900562392402095
XLF,2016-03-31,0.07159153676417773
XLF,2016-04-29,0.03600017674033995
XLF,2016-05-31,0.018876264784133845
XLF,2016-06-30,-0.03232710381697379
XLF,2016-07-29,0.034557903843777105
XLF,2016-08-31,0.03847761118427728
XLF,2016-09-30,-0.028017797484759854
XLF,2016-10-31,0.022798062619161508
XLF,2016-11-30,0.1403241445061616
XLF,2016-12-30,0.03756470072133178
XLF,2017-01-31,0.002580641627746516
XLF,2017-02-28,0.052767078253531885
XLF,2017-03-31,-0.029560904490400164
XLF,2017-04-28,-0.0084283478713717
XLF,2017-05-31,-0.011899830152373725
XLF,2017-06-30,0.06513363623348822
XLF,2017-07-31,0.01702495982154506
XLF,2017-08-31,-0.01554441809170437
XLF,2017-09-29,0.05133014349169773
XLF,2017-10-31,0.028615543592149795
XLF,2017-11-30,0.0345865081004888
XLF,2017-12-29,0.01888126156493608
XLF,2018-01-31,0.0655679748237652
XLF,2018-02-28,-0.029253348660987055
XLF,2018-03-29,-0.0415532826042343
XLF,2018-04-30,-0.004352672831733573
XLF,2018-05-31,-0.009835983027770112
XLF,2018-06-29,-0.01746924034427977
XLF,2018-07-31,0.051146927613081594
XLF,2018-08-31,0.013595679739115907
XLF,2018-09-28,-0.022154710249028486
XLF,2018-10-31,-0.04713542747555666
XLF,2018-11-30,0.02625534106278704
XLF,2018-12-31,-0.11128943075627673
XLF,2019-01-31,0.08900115896650052
XLF,2019-02-28,0.02235901369593929
XLF,2019-03-29,-0.025593919331366233
XLF,2019-04-30,0.0898483945281221
XLF,2019-05-31,-0.0717344860618564
XLF,2019-06-28,0.06653676643177198
XLF,2019-07-31,0.023550759740802896
XLF,2019-08-30,-0.04707944582413037
XLF,2019-09-30,0.045421247610280435
XLF,2019-10-31,0.025000139048021675
XLF,2019-11-29,0.05052258309135582
XLF,2019-12-31,0.02609250921844497
XLF,2020-01-31,-0.02664050690207098
XLF,2020-02-28,-0.11248336696752481
XLF,2020-03-31,-0.21035922281144293
XLF,2020-04-30,0.09462033159169225
XLF,2020-05-29,0.0272048936879441
XLF,2020-06-30,-0.005228147496564639
XLF,2020-07-31,0.038461679435759066
XLF,2020-08-31,0.042862733453897794
XLF,2020-09-30,-0.034222104892643435
XLF,2020-10-30,-0.008724381694787398
XLF,2020-11-30,0.16848275442102145
XLF,2020-12-31,0.06306051248692879
XLF,2021-01-29,-0.017978464890020973
XLF,2021-02-26,0.11606227219552623
XLF,2021-03-31,0.058524320046316136
XLF,2021-04-30,0.06490434416548418
XLF,2021-05-28,0.047711216847565296
XLF,2021-06-30,-0.030394009654825194
XLF,2021-07-30,-0.004633365561136249
XLF,2021-08-31,0.051478571346391444
XLF,2021-09-30,-0.018424894277754733
XLF,2021-10-29,0.07274159666763902
XLF,2021-11-30,-0.05712852962331516
XLF,2021-12-31,0.03364296623863949
XLF,2022-01-31,2.5610689855493085e-4
XLF,2022-02-28,-0.0138249650423381
XLF,2022-03-31,-0.0012996518315790961
XLF,2022-04-29,-0.09942597951949106
XLF,2022-05-31,0.027818207952723828
XLF,2022-06-30,-0.10860891309758791
XLF,2022-07-29,0.071860243950983893
XLF,2022-08-31,-0.01957898971344374
XLF,2022-09-30,-0.07655949614279667
XLF,2022-10-31,0.1192358294417204
XLF,2022-11-30,0.06857013646514565
XLF,2022-12-30,-0.05220476324067058
XLF,2023-01-31,0.0690058186782132
XLF,2023-02-28,-0.022975930219792717
XLF,2023-03-31,-0.09547690835009004
XLF,2023-04-28,0.031726335331575095
XLF,2023-05-31,-0.04250837277229025
XLF,2023-06-30,0.06616054482527622
XLF,2023-07-31,0.04805683094034041
XLF,2023-08-31,-0.026889148988250455
XLF,2023-09-29,-0.030882174486327685
XLF,2023-10-31,-0.024419629297480427
XLF,2023-11-30,0.10939432891291112
XLF,2023-12-29,0.052538711809674066
XLF,2024-01-31,0.030851150942686312
XLF,2024-02-29,0.04076377849797885
XLF,2024-03-28,0.048056046511193884
XLF,2024-04-30,-0.04178534628016617
XLF,2024-05-31,0.03171449268529636
XLF,2024-06-28,-0.008818918509973406
XLF,2024-07-31,0.06397467744939167
XLF,2024-08-30,0.045724550011066345
XLF,2024-09-30,-0.005588726950584766
XLF,2024-10-31,0.025595696848063954
XLF,2024-11-29,0.10456109200989361
XLF,2024-12-31,-0.05461413659791847
XLF,2025-01-31,0.06497003116835987
XLF,2025-02-28,0.013794367435135957
XLF,2025-03-31,-0.04195234771353484
XLF,2025-04-30,-0.021080165735116174
XLF,2025-05-30,0.04511894740844924
XLF,2025-06-30,0.031190671700565664
XLF,2025-07-31,0
XLF,2025-08-29,0.03093384505952046
XLF,2025-09-30,0.0010619311806887577
XLF,2025-10-31,-0.027844904335128873
XLF,2025-11-28,0.018331233286564608
XLF,2025-12-31,0.030591044482189966
XLF,2026-01-30,-0.024283391331581416
XLF,2026-02-27,-0.03761221368769385
XLF,2026-03-31,-0.03511997639435782
XLF,2026-04-30,0.055904408448808285
XLF,2026-05-29,-0.010550553302632437
XLF,2026-06-30,0.0429971735588075
XLF,2026-07-31,0.062115239292021895
XLF,2026-08-31,0.013523015039246689
XLF,2026-09-18,-0.032056809971754974
XLI,2015-01-30,-0.03432989294877287
XLI,2015-02-27,0.05350926842770298
XLI,2015-03-31,-0.025460556428121617
XLI,2015-04-30,-0.0025102517596802265
XLI,2015-05-29,0.0032351822619332005
XLI,2015-06-30,-0.026546821382584573
XLI,2015-07-31,0.002959598929876517
XLI,2015-08-31,-0.05403897479847031
XLI,2015-09-30,-0.022040154236106058
XLI,2015-10-30,0.08779299182692846
XLI,2015-11-30,0.008660405449388175
XLI,2015-12-31,-0.025724728063912017
XLI,2016-01-29,-0.056970266268342895
XLI,2016-02-29,0.04260855474296621
XLI,2016-03-31,0.0697353895355095
XLI,2016-04-29,0.012438954457957951
XLI,2016-05-31,-0.00427330527999048
XLI,2016-06-30,0.007131640340010792
XLI,2016-07-29,0.03624319691282474
XLI,2016-08-31,0.009476666611500928
XLI,2016-09-30,0.0018613781359138049
XLI,2016-10-31,-0.020040988475107824
XLI,2016-11-30,0.09089274322643304
XLI,2016-12-30,0.003060869585308934
XLI,2017-01-31,0.018643683355323182
XLI,2017-02-28,0.03912918122683484
XLI,2017-03-31,-0.007655747601339358
XLI,2017-04-28,0.019674081887486095
XLI,2017-05-31,0.017787418625940354
XLI,2017-06-30,0.013512331166020575
XLI,2017-07-31,0.0029366244097579486
XLI,2017-08-31,0.0021957108542431936
XLI,2017-09-29,0.04184425058506114
XLI,2017-10-31,0.0074651909992149434
XLI,2017-11-30,0.04166087712297162
XLI,2017-12-29,0.02108492020204422
XLI,2018-01-31,0.05365397893498858
XLI,2018-02-28,-0.03862988685729729
XLI,2018-03-29,-0.026883265569273673
XLI,2018-04-30,-0.027863729129195103
XLI,2018-05-31,0.03073941001752689
XLI,2018-06-29,-0.03388967188475811
XLI,2018-07-31,0.07385129613405295
XLI,2018-08-31,0.0023403267006323336
XLI,2018-09-28,0.02177395950124028
XLI,2018-10-31,-0.10867340226494648
XLI,2018-11-30,0.03806492222302005
XLI,2018-12-31,-0.10658997570296813
XLI,2019-01-31,0.11426775104663967
XLI,2019-02-28,0.0636755230292898
XLI,2019-03-29,-0.011494652693891272
XLI,2019-04-30,0.03971770314592904
XLI,2019-05-31,-0.07640071680271177
XLI,2019-06-28,0.07920456711338564
XLI,2019-07-31,0.005166434623225857
XLI,2019-08-30,-0.02647119242381024
XLI,2019-09-30,0.030113900215471112
XLI,2019-10-31,0.011335822779217297
XLI,2019-11-29,0.044962437220993356
XLI,2019-12-31,-0.002011466091475178
XLI,2020-01-31,-0.0044186524955660555
XLI,2020-02-28,-0.0990013386033114
XLI,2020-03-31,-0.1862593469652455
XLI,2020-04-30,0.08812065190647012
XLI,2020-05-29,0.05388552324997686
XLI,2020-06-30,0.019728231236033622
XLI,2020-07-31,0.044104522411122504
XLI,2020-08-31,0.08476244042219783
XLI,2020-09-30,-0.006821945422505915
XLI,2020-10-30,-0.014419067027591548
XLI,2020-11-30,0.16027405561081265
XLI,2020-12-31,0.010068283189140326
XLI,2021-01-29,-0.042687694705724644
XLI,2021-02-26,0.06889220548330655
XLI,2021-03-31,0.08986872310142102
XLI,2021-04-30,0.03534819465321459
XLI,2021-05-28,0.031295685884044744
XLI,2021-06-30,-0.022794647477852314
XLI,2021-07-30,0.009374995480274428
XLI,2021-08-31,0.011126145726016778
XLI,2021-09-30,-0.06079780253174927
XLI,2021-10-29,0.06796791823527326
XLI,2021-11-30,-0.035601652559920094
XLI,2021-12-31,0.053976212377188304
XLI,2022-01-31,-0.04791610006846281
XLI,2022-02-28,-0.008437516423922431
XLI,2022-03-31,0.03436378500917536
XLI,2022-04-29,-0.07613125166015444
XLI,2022-05-31,-0.004624866824943119
XLI,2022-06-30,-0.07367000091754172
XLI,2022-07-29,0.09503111621230875
XLI,2022-08-31,-0.02833537302647393
XLI,2022-09-30,-0.10430940533785227
XLI,2022-10-31,0.13894273118312883
XLI,2022-11-30,0.07811328842474308
XLI,2022-12-30,-0.029898147928526075
XLI,2023-01-31,0.03706339224822419
XLI,2023-02-28,-0.008640308539868413
XLI,2023-03-31,0.006191237331188537
XLI,2023-04-28,-0.0116622747273456
XLI,2023-05-31,-0.03150001419668935
XLI,2023-06-30,0.11253652529801417
XLI,2023-07-31,0.02888547962385979
XLI,2023-08-31,-0.019833380528355815
XLI,2023-09-29,-0.05947541943127399
XLI,2023-10-31,-0.0297888195491276
XLI,2023-11-30,0.08834894514880243
XLI,2023-12-29,0.07065537171284508
XLI,2024-01-31,-0.00964982597210573
XLI,2024-02-29,0.07183984632503182
XLI,2024-03-28,0.044208814986494316
XLI,2024-04-30,-0.03524925567938508
XLI,2024-05-31,0.01637595383119428
XLI,2024-06-28,-0.009888536932435188
XLI,2024-07-31,0.049150727912583125
XLI,2024-08-30,0.02815589299642296
XLI,2024-09-30,0.033620165026371884
XLI,2024-10-31,-0.011887191112519346
XLI,2024-11-29,0.0759173611528754
XLI,2024-12-31,-0.08033202122086047
XLI,2025-01-31,0.0500152420727944
XLI,2025-02-28,-0.014600683889680721
XLI,2025-03-31,-0.035629496759834955
XLI,2025-04-30,0.0011444417753418978
XLI,2025-05-30,0.08840110518659627
XLI,2025-06-30,0.036052219105758176
XLI,2025-07-31,0.030436594191700417
XLI,2025-08-29,0
XLI,2025-09-30,0.01879603537110741
XLI,2025-10-31,0.005381708498340965
XLI,2025-11-28,-0.008835373337182095
XLI,2025-12-31,0.012761344215487913
XLI,2026-01-30,0.06652912179969128
XLI,2026-02-27,0.070720495189775745
XLI,2026-03-31,-0.0844278706828635
XLI,2026-04-30,0.0794534330629244
XLI,2026-05-29,-0.008305649732612164
XLI,2026-06-30,0.0725219048167669
XLI,2026-07-31,-0.02909895542823837
XLI,2026-08-31,-0.026189899638503156
XLI,2026-09-18,-0.030720063568847045
