symbol,date,monthly_return
ARGT,2015-01-30,-0.016137633120004824
ARGT,2015-02-27,0.09786782977392394
ARGT,2015-03-31,0.04382430095766132
ARGT,2015-04-30,0.050572690841846235
ARGT,2015-05-29,-0.04586742854965897
ARGT,2015-06-30,-0.04616828488955438
ARGT,2015-07-31,-0.08582847510554747
ARGT,2015-08-31,-0.015283861605488447
ARGT,2015-09-30,-0.11585367278701453
ARGT,2015-10-30,0.2514105094100383
ARGT,2015-11-30,-0.05360705075322192
ARGT,2015-12-31,-0.03440789990245985
ARGT,2016-01-29,-0.051438136557274694
ARGT,2016-02-29,0.07930050310836756
ARGT,2016-03-31,0.043759816842581456
ARGT,2016-04-29,0.07349904208513625
ARGT,2016-05-31,0.002892798837383248
ARGT,2016-06-30,0.07211559167537818
ARGT,2016-07-29,0.013004510162521576
ARGT,2016-08-31,-0.004869312845903084
ARGT,2016-09-30,0.0622774594611446
ARGT,2016-10-31,-0.0033498366140211067
ARGT,2016-11-30,-0.028991724407078534
ARGT,2016-12-30,0.0015212348301940626
ARGT,2017-01-31,0.11361680720542666
ARGT,2017-02-28,0.023364271506708834
ARGT,2017-03-31,0.07496218448511294
ARGT,2017-04-28,0.015221160786029309
ARGT,2017-05-31,0.05683402027385953
ARGT,2017-06-30,-0.0336521015858855
ARGT,2017-07-31,0.013997849748320856
ARGT,2017-08-31,3.3667688056460143e-4
ARGT,2017-09-29,0.07034681643062668
ARGT,2017-10-31,0.006289272280582736
ARGT,2017-11-30,0.008437245294060203
ARGT,2017-12-29,0.09957486526085235
ARGT,2018-01-31,0.08071398590983558
ARGT,2018-02-28,-0.02987402945708617
ARGT,2018-03-29,-0.036197016293972206
ARGT,2018-04-30,-0.019899107378405723
ARGT,2018-05-31,-0.14755496458188444
ARGT,2018-06-29,-0.09526991253007588
ARGT,2018-07-31,0.09862806960542869
ARGT,2018-08-31,-0.11879858263971732
ARGT,2018-09-28,0.019532682398540224
ARGT,2018-10-31,-0.04883544676627394
ARGT,2018-11-30,0.015008003692398075
ARGT,2018-12-31,-0.07427680497810041
ARGT,2019-01-31,0.19088219853812083
ARGT,2019-02-28,0.008228904306673668
ARGT,2019-03-29,-0.02022728508509597
ARGT,2019-04-30,-0.056501159400902945
ARGT,2019-05-31,0.08023037639742703
ARGT,2019-06-28,0.15278219954832628
ARGT,2019-07-31,0.004970664196401131
ARGT,2019-08-30,-0.30695516746776963
ARGT,2019-09-30,0.017395176706728632
ARGT,2019-10-31,-0.04077170346462633
ARGT,2019-11-29,0.08135299517896977
ARGT,2019-12-31,0.12706495530547435
ARGT,2020-01-31,-0.03986456719347986
ARGT,2020-02-28,-0.1018410762262475
ARGT,2020-03-31,-0.28303523803950237
ARGT,2020-04-30,0.0973237492338952
ARGT,2020-05-29,0.20953403093507106
ARGT,2020-06-30,0.09670031557735448
ARGT,2020-07-31,0.11157545256318269
ARGT,2020-08-31,-0.03270668744994665
ARGT,2020-09-30,-0.09483097455759448
ARGT,2020-10-30,0.01030469436967385
ARGT,2020-11-30,0.21334485454963903
ARGT,2020-12-31,0.06707956187601871
ARGT,2021-01-29,-0.05003280775120733
ARGT,2021-02-26,0.014206493049508717
ARGT,2021-03-31,-0.014349145342297254
ARGT,2021-04-30,0.03639510196356621
ARGT,2021-05-28,0.02642149479214395
ARGT,2021-06-30,0.010576414524175348
ARGT,2021-07-30,0.01064864712746405
ARGT,2021-08-31,0.17177516463592113
ARGT,2021-09-30,-0.0912806901621308
ARGT,2021-10-29,-0.015292258390627311
ARGT,2021-11-30,-0.11449451512352837
ARGT,2021-12-31,0.08386737266577571
ARGT,2022-01-31,-0.00863983495737719
ARGT,2022-02-28,0.044221976242172056
ARGT,2022-03-31,0.10077291361177076
ARGT,2022-04-29,-0.10923907783567965
ARGT,2022-05-31,-0.027742648045820162
ARGT,2022-06-30,-0.18370269608387035
ARGT,2022-07-29,0.12137094329164588
ARGT,2022-08-31,0.07335483556757061
ARGT,2022-09-30,-0.032495796628214224
ARGT,2022-10-31,0.07686990444782538
ARGT,2022-11-30,0.057556246680977585
ARGT,2022-12-30,0.04647988025179517
ARGT,2023-01-31,0.19605523066476915
ARGT,2023-02-28,-0.022397316621185603
ARGT,2023-03-31,-0.011329032157105345
ARGT,2023-04-28,5.091334048230589e-4
ARGT,2023-05-31,0.012980554368779318
ARGT,2023-06-30,0.15769705061036254
ARGT,2023-07-31,0.02293584130007953
ARGT,2023-08-31,0.013239330653580739
ARGT,2023-09-29,-0.13003159335708536
ARGT,2023-10-31,-0.06879838948886774
ARGT,2023-11-30,0.3137355302755831
ARGT,2023-12-29,0.026867309904451853
ARGT,2024-01-31,0.020451951445423555
ARGT,2024-02-29,-0.04829169192760996
ARGT,2024-03-28,0.07882068811665688
ARGT,2024-04-30,0.06748465810655202
ARGT,2024-05-31,0.09299894365610761
ARGT,2024-06-28,-0.09141806890094906
ARGT,2024-07-31,0.007569108738202157
ARGT,2024-08-30,0.1388889248919165
ARGT,2024-09-30,0.017027098094250626
ARGT,2024-10-31,0.09969833108572668
ARGT,2024-11-29,0.1455218281296209
ARGT,2024-12-31,0.0010449932425142805
ARGT,2025-01-31,0.04608694466327323
ARGT,2025-02-28,-0.042784570014004375
ARGT,2025-03-31,-0.024281202254392564
ARGT,2025-04-30,0.061037519669114415
ARGT,2025-05-30,0.05285881942176229
ARGT,2025-06-30,-0.06018645065452166
ARGT,2025-07-31,-0.023840479952998317
ARGT,2025-08-29,-0.030951409020131826
ARGT,2025-09-30,-0.12963193104440784
ARGT,2025-10-31,0.3530675935334189
ARGT,2025-11-28,-0.012819196580741044
ARGT,2025-12-31,-0.011494472728386773
ARGT,2026-01-30,0.07428064241622034
ARGT,2026-02-27,-0.08594694940025982
ARGT,2026-03-31,0.03966124319563846
ARGT,2026-04-30,-0.023681930807818663
ARGT,2026-05-29,0.07233007452682538
ARGT,2026-06-30,-0.06212692760926142
ARGT,2026-07-31,0.04216865657647939
ARGT,2026-08-31,-0.006305816757742333
ARGT,2026-09-21,-0.02284509352080044
COPX,2015-01-30,-0.1767879624949259
COPX,2015-02-27,0.183606440152855
COPX,2015-03-31,-0.06094165399177476
COPX,2015-04-30,0.1784658220110884
COPX,2015-05-29,-0.08886102543857
COPX,2015-06-30,-0.05631849440136816
COPX,2015-07-31,-0.18340618023841138
COPX,2015-08-31,-0.0748663202378862
COPX,2015-09-30,-0.18304427616254393
COPX,2015-10-30,0.18867908323903104
COPX,2015-11-30,-0.16534388975577208
COPX,2015-12-31,-0.053089519872175917
COPX,2016-01-29,-0.1524131276598213
COPX,2016-02-29,0.1908090633652746
COPX,2016-03-31,0.18372471488814646
COPX,2016-04-29,0.21828458857627053
COPX,2016-05-31,-0.1559044018164336
COPX,2016-06-30,0.062026124322511755
COPX,2016-07-29,0.1291368729399398
COPX,2016-08-31,-0.0890803098454842
COPX,2016-09-30,0.05867486791562859
COPX,2016-10-31,0.04529238866898133
COPX,2016-11-30,0.2120861938020282
COPX,2016-12-30,-0.05371351438128846
COPX,2017-01-31,0.23449990836542844
COPX,2017-02-28,-0.050627671428327026
COPX,2017-03-31,-0.043088831177936604
COPX,2017-04-28,-0.04636644466125539
COPX,2017-05-31,-0.05516604566777872
COPX,2017-06-30,0.03810009145904125
COPX,2017-07-31,0.19828427085086742
COPX,2017-08-31,0.053301310233708765
COPX,2017-09-29,-0.06155585331718305
COPX,2017-10-31,0.02977862228207684
COPX,2017-11-30,-0.04493934071143768
COPX,2017-12-29,0.13684467509408837
COPX,2018-01-31,0.026325402039954815
COPX,2018-02-28,-0.03099403422917968
COPX,2018-03-29,-0.04485297170264835
COPX,2018-04-30,-0.0019244476122594056
COPX,2018-05-31,-0.010027036274873669
COPX,2018-06-29,-0.06038177335977335
COPX,2018-07-31,0.0024876085856031516
COPX,2018-08-31,-0.11869311927786541
COPX,2018-09-28,0.03660257464841643
COPX,2018-10-31,-0.12539623846666936
COPX,2018-11-30,0.0217391841229031
COPX,2018-12-31,-0.04827832878878735
COPX,2019-01-31,0.11906073374114401
COPX,2019-02-28,0.06490975504082797
COPX,2019-03-29,0.0018329138804484835
COPX,2019-04-30,-0.012808543959188623
COPX,2019-05-31,-0.14735878026463345
COPX,2019-06-28,0.14262851689393807
COPX,2019-07-31,-0.08557681228293801
COPX,2019-08-30,-0.12986337675890258
COPX,2019-09-30,0.0338369729021073
COPX,2019-10-31,0.02162447345175056
COPX,2019-11-29,0.0371858382645891
COPX,2019-12-31,0.1238540560321777
COPX,2020-01-31,-0.1392716019529432
COPX,2020-02-28,-0.10806176221286967
COPX,2020-03-31,-0.2416667098491131
COPX,2020-04-30,0.2180896144135387
COPX,2020-05-29,0.0791118407586664
COPX,2020-06-30,0.13914874640351305
COPX,2020-07-31,0.1241496082629252
COPX,2020-08-31,0.12002021876377644
COPX,2020-09-30,-0.06708700166444503
COPX,2020-10-30,0.03764487126352023
COPX,2020-11-30,0.2530232369869079
COPX,2020-12-31,0.1391362888994292
COPX,2021-01-29,-0.021739045667026002
COPX,2021-02-26,0.24511753351202548
COPX,2021-03-31,-0.03839875310785934
COPX,2021-04-30,0.10967336506239578
COPX,2021-05-28,0.04510913920199755
COPX,2021-06-30,-0.09526297868182787
COPX,2021-07-30,0.018842332760913072
COPX,2021-08-31,-0.024570572975529226
COPX,2021-09-30,-0.07367270550595906
COPX,2021-10-29,0.09122806291958763
COPX,2021-11-30,-0.04849956712760861
COPX,2021-12-31,0.05033121112058714
COPX,2022-01-31,0.01354639948662606
COPX,2022-02-28,0.1387328839969142
COPX,2022-03-31,0.06830980768652495
COPX,2022-04-29,-0.12019323480586441
COPX,2022-05-31,-0.012487453063200538
COPX,2022-06-30,-0.21436637112262713
COPX,2022-07-29,0.0036207787763771204
COPX,2022-08-31,-0.020990508631293814
COPX,2022-09-30,-0.05326632907437845
COPX,2022-10-31,0.014508155048117866
COPX,2022-11-30,0.26229507840920196
COPX,2022-12-30,-0.01015441678214335
COPX,2023-01-31,0.16539650739977296
COPX,2023-02-28,-0.08282877063177285
COPX,2023-03-31,0.022181223526842153
COPX,2023-04-28,0.02014989338980766
COPX,2023-05-31,-0.12382911080057557
COPX,2023-06-30,0.10300837141639829
COPX,2023-07-31,0.10889764014009784
COPX,2023-08-31,-0.09317361212705377
COPX,2023-09-29,-0.03829911340615966
COPX,2023-10-31,-0.0977753582765285
COPX,2023-11-30,0.04657551631705448
COPX,2023-12-29,0.1018425347046239
COPX,2024-01-31,-0.034933454515186924
COPX,2024-02-29,-0.005802592715652977
COPX,2024-03-28,0.17926624250466716
COPX,2024-04-30,0.07871795416610605
COPX,2024-05-31,0.052873023870043445
COPX,2024-06-28,-0.06065258274438756
COPX,2024-07-31,-0.030370179044767687
COPX,2024-08-30,-0.009144998299297047
COPX,2024-09-30,0.09067831128041082
COPX,2024-10-31,-0.07573521647864778
COPX,2024-11-29,-0.02426170537307948
COPX,2024-12-31,-0.0921211123250143
COPX,2025-01-31,0
COPX,2025-02-28,0.0010476858522998622
COPX,2025-03-31,0.022239534261037752
COPX,2025-04-30,-0.0322496770001417
COPX,2025-05-30,0.08701388362929396
COPX,2025-06-30,0.10092769922598932
COPX,2025-07-31,-0.04333334319940263
COPX,2025-08-29,0.15702680509334255
COPX,2025-09-30,0.20076287639003754
COPX,2025-10-31,0.032603183889274634
COPX,2025-11-28,0.04112703172030052
COPX,2025-12-31,0.1426640139569444
COPX,2026-01-30,0.1813622205911818
COPX,2026-02-27,0.12840468190473708
COPX,2026-03-31,-0.20219431749569716
COPX,2026-04-30,0.042698142218519086
COPX,2026-05-29,0.10714727708193528
COPX,2026-06-30,-0.12376258950315977
COPX,2026-07-31,0.024555013117760982
COPX,2026-08-31,0.17752979827091564
COPX,2026-09-21,-0.05782901907480076
DFEN,2017-05-31,0.10073103416874751
DFEN,2017-06-30,-0.010332071386641495
DFEN,2017-07-31,0.14653269626382492
DFEN,2017-08-31,0.10286160864206173
DFEN,2017-09-29,0.1396810833939719
DFEN,2017-10-31,0.034928723716429744
DFEN,2017-11-30,0.08825012502958263
DFEN,2017-12-29,0.038221905338430506
DFEN,2018-01-31,0.24853919150307813
DFEN,2018-02-28,-0.028617465344739856
DFEN,2018-03-29,-0.07800632174710787
DFEN,2018-04-30,-0.09264503408727442
DFEN,2018-05-31,0.09413108923178704
DFEN,2018-06-29,-0.09731887905033698
DFEN,2018-07-31,0.20831434113142877
DFEN,2018-08-31,0.018225720256505262
DFEN,2018-09-28,0.14455294249189365
DFEN,2018-10-31,-0.32517584337710004
DFEN,2018-11-30,-0.012799471170535703
DFEN,2018-12-31,-0.285839942418866
DFEN,2019-01-31,0.40053960131000554
DFEN,2019-02-28,0.23615745499847796
DFEN,2019-03-29,-0.1346334909498511
DFEN,2019-04-30,0.14852356369366415
DFEN,2019-05-31,-0.12127151010476356
DFEN,2019-06-28,0.18884083539807706
DFEN,2019-07-31,0.008836313247603034
DFEN,2019-08-30,0.07603441601854732
DFEN,2019-09-30,0.038452199146309374
DFEN,2019-10-31,-0.07256310913239417
DFEN,2019-11-29,0.15720191862121635
DFEN,2019-12-31,-0.10293555700457935
DFEN,2020-01-31,0.06688682891741937
DFEN,2020-02-28,-0.33040227672227185
DFEN,2020-03-31,-0.7543538384914157
DFEN,2020-04-30,0.18655956300172982
DFEN,2020-05-29,0.11665275533441788
DFEN,2020-06-30,-0.06661624012417655
DFEN,2020-07-31,-0.15815091175352625
DFEN,2020-08-31,0.1926781705278242
DFEN,2020-09-30,-0.15993532707476865
DFEN,2020-10-30,-0.14519235983687984
DFEN,2020-11-30,0.761530038232969
DFEN,2020-12-31,0.07988747157581577
DFEN,2021-01-29,-0.18332345638291048
DFEN,2021-02-26,0.21578555955330803
DFEN,2021-03-31,0.27655903462401876
DFEN,2021-04-30,0.061624959577486926
DFEN,2021-05-28,0.10026362371816
DFEN,2021-06-30,-0.021982390679918695
DFEN,2021-07-30,-0.05435228074381426
DFEN,2021-08-31,-0.06266207730890905
DFEN,2021-09-30,-0.05209768915649493
DFEN,2021-10-29,0.0014590853911982116
DFEN,2021-11-30,-0.1855268772582257
DFEN,2021-12-31,0.13597546121751702
DFEN,2022-01-31,-0.0625333524672812
DFEN,2022-02-28,0.33865424553277945
DFEN,2022-03-31,-0.03790436469101388
DFEN,2022-04-29,-0.2054005494870047
DFEN,2022-05-31,-0.04401124449857752
DFEN,2022-06-30,-0.10139859520142358
DFEN,2022-07-29,0.12581058345282736
DFEN,2022-08-31,-0.07200478555106682
DFEN,2022-09-30,-0.28484142291200665
DFEN,2022-10-31,0.5761529551024631
DFEN,2022-11-30,0.11319723249829439
DFEN,2022-12-30,-0.009714390912997861
DFEN,2023-01-31,0.06228040924578826
DFEN,2023-02-28,-0.007565290808707714
DFEN,2023-03-31,-0.002922986179773601
DFEN,2023-04-28,-0.042145570389409026
DFEN,2023-05-31,-0.14599992056807587
DFEN,2023-06-30,0.224713863840188
DFEN,2023-07-31,0.011990169086268487
DFEN,2023-08-31,-0.05497627618304879
DFEN,2023-09-29,-0.2465167245135773
DFEN,2023-10-31,0.0921843655276342
DFEN,2023-11-30,0.2825687568857709
DFEN,2023-12-29,0.17311546527077426
DFEN,2024-01-31,-0.10412421687288353
DFEN,2024-02-29,0.11668182034293184
DFEN,2024-03-28,0.09098801746750751
DFEN,2024-04-30,-0.05666042582680708
DFEN,2024-05-31,0.13603819496906078
DFEN,2024-06-28,-0.09208956287288173
DFEN,2024-07-31,0.2508709352682801
DFEN,2024-08-30,0.07428031718016159
DFEN,2024-09-30,0.028583213644941097
DFEN,2024-10-31,-0.11721817720731209
DFEN,2024-11-29,0.21982207687405553
DFEN,2024-12-31,-0.1960479719799415
DFEN,2025-01-31,0.22973463461539345
DFEN,2025-02-28,-0.04611287882846926
DFEN,2025-03-31,-0.04797844032371945
DFEN,2025-04-30,-0.0022801296219725486
DFEN,2025-05-30,0.4214823383321413
DFEN,2025-06-30,0.19297410926156422
DFEN,2025-07-31,0.11777174003059931
DFEN,2025-08-29,0.015002614196970798
DFEN,2025-09-30,0.16895188002413386
DFEN,2025-10-31,0.07549087958068768
DFEN,2025-11-28,-0.15499053772994087
DFEN,2025-12-31,0.12684956473776343
DFEN,2026-01-30,0.24405134749083368
DFEN,2026-02-27,0.13640369942414288
DFEN,2026-03-31,-0.3009054595406332
DFEN,2026-04-30,-0.026465871608432057
DFEN,2026-05-29,0.22204131387260406
DFEN,2026-06-30,0.06464429111462189
DFEN,2026-07-31,-0.05644563748851272
DFEN,2026-08-31,-0.1525401348554627
DFEN,2026-09-21,-0.15636247061822905
ECH,2015-01-30,-0.032986455515588764
ECH,2015-02-27,0.08396767803743876
ECH,2015-03-31,-0.02469145157966013
ECH,2015-04-30,0.04790276014781103
ECH,2015-05-29,-0.02273827262890704
ECH,2015-06-30,-0.06268192370308834
ECH,2015-07-31,-0.0629589495604782
ECH,2015-08-31,-0.01931698405518678
ECH,2015-09-30,-0.05909206020633995
ECH,2015-10-30,0.05855550450537761
ECH,2015-11-30,-0.07022049932557772
ECH,2015-12-31,-0.01249744677714193
ECH,2016-01-29,0.022243119631718544
ECH,2016-02-29,0.017162283007169377
ECH,2016-03-31,0.11178055783707475
ECH,2016-04-29,0.033333443471999846
ECH,2016-05-31,-0.07684263494821708
ECH,2016-06-30,0.06495936585310025
ECH,2016-07-29,0.044836700405977536
ECH,2016-08-31,-0.05019490057641196
ECH,2016-09-30,0.010131071607250464
ECH,2016-10-31,0.08349186248375884
ECH,2016-11-30,-0.06254687870041464
ECH,2016-12-30,-9.330833352372281e-4
ECH,2017-01-31,0.03901667912449436
ECH,2017-02-28,0.036265397566733304
ECH,2017-03-31,0.08116167017264986
ECH,2017-04-28,-0.014233238654853042
ECH,2017-05-31,-6.988083793769695e-4
ECH,2017-06-30,-0.013124260667780496
ECH,2017-07-31,0.09095295560499683
ECH,2017-08-31,0.05917290083727811
ECH,2017-09-29,0.009761250617114303
ECH,2017-10-31,0.05183057754878262
ECH,2017-11-30,-0.12162717807490842
ECH,2017-12-29,0.16226454912865274
ECH,2018-01-31,0.07285245893924519
ECH,2018-02-28,-0.040207221044218366
ECH,2018-03-29,-0.012846748965864574
ECH,2018-04-30,0.014334465459384882
ECH,2018-05-31,-0.07196009366680278
ECH,2018-06-29,-0.05996149662134853
ECH,2018-07-31,0.04735036692626782
ECH,2018-08-31,-0.10120291942665904
ECH,2018-09-28,0.04545432966665497
ECH,2018-10-31,-0.08364601134789162
ECH,2018-11-30,0.03660915103681517
ECH,2018-12-31,-0.03647480611884879
ECH,2019-01-31,0.12822958453387345
ECH,2019-02-28,-0.034246547426497354
ECH,2019-03-29,-0.042996349585520455
ECH,2019-04-30,-0.010421564909326109
ECH,2019-05-31,-0.0985254536846829
ECH,2019-06-28,0.08106832714904155
ECH,2019-07-31,-0.05849231597678173
ECH,2019-08-30,-0.0722642869996789
ECH,2019-09-30,0.049033393065696096
ECH,2019-10-31,-0.0777244429992845
ECH,2019-11-29,-0.13147974851206956
ECH,2019-12-31,0.1137991178101152
ECH,2020-01-31,-0.07980802803110454
ECH,2020-02-28,-0.12096530184178378
ECH,2020-03-31,-0.1958456171408237
ECH,2020-04-30,0.1609778556033996
ECH,2020-05-29,-0.05085406832839001
ECH,2020-06-30,0.07522676553053032
ECH,2020-07-31,0.08412725500477913
ECH,2020-08-31,-0.07210854224578012
ECH,2020-09-30,-0.04970423031531046
ECH,2020-10-30,-0.00788688124444692
ECH,2020-11-30,0.12510451757586893
ECH,2020-12-31,0.12925790688933048
ECH,2021-01-29,-0.009268351135535258
ECH,2021-02-26,0.049448878835416155
ECH,2021-03-31,0.09041687447086622
ECH,2021-04-30,-0.06861312154202759
ECH,2021-05-28,-0.07805646990516801
ECH,2021-06-30,0.002224120090273729
ECH,2021-07-30,-0.056245816844389895
ECH,2021-08-31,0.04497263147675379
ECH,2021-09-30,-0.09027282054525898
ECH,2021-10-29,-0.05653844068033542
ECH,2021-11-30,0.03138991205308761
ECH,2021-12-31,-0.05848310853213656
ECH,2022-01-31,0.13945426236104863
ECH,2022-02-28,-0.011022364314230426
ECH,2022-03-31,0.11721746280055445
ECH,2022-04-29,-0.12659099407636398
ECH,2022-05-31,0.1965340386219192
ECH,2022-06-30,-0.17660231338342747
ECH,2022-07-29,0.09846286601170218
ECH,2022-08-31,0.05030252748273867
ECH,2022-09-30,-0.13575807476499113
ECH,2022-10-31,0.02791670920603062
ECH,2022-11-30,0.09890567202769684
ECH,2022-12-30,0.025429688967904207
ECH,2023-01-31,0.08010327345905277
ECH,2023-02-28,-0.03930267860798964
ECH,2023-03-31,0.02383488049336191
ECH,2023-04-28,-0.012856193939448035
ECH,2023-05-31,-0.005279820786730061
ECH,2023-06-30,0.0741965721289064
ECH,2023-07-31,0.06100058294144595
ECH,2023-08-31,-0.0894702358971825
ECH,2023-09-29,-0.07094710780918445
ECH,2023-10-31,-0.07521967222846904
ECH,2023-11-30,0.10941385468349973
ECH,2023-12-29,0.056460828482909786
ECH,2024-01-31,-0.09854665553563458
ECH,2024-02-29,0.03539139802299007
ECH,2024-03-28,0.009114964771376854
ECH,2024-04-30,0.004892765755685646
ECH,2024-05-31,0.05730339177218413
ECH,2024-06-28,-0.06017886951219098
ECH,2024-07-31,0.00541158471999581
ECH,2024-08-30,0.024990307746294294
ECH,2024-09-30,0.023255947809154298
ECH,2024-10-31,-0.06231680921362859
ECH,2024-11-29,-0.008991352994042967
ECH,2024-12-31,-0.008975764743394787
ECH,2025-01-31,0.09145379691106825
ECH,2025-02-28,0.047200875283828436
ECH,2025-03-31,0.04192866224709624
ECH,2025-04-30,0.04393018612481714
ECH,2025-05-30,0.011885692000702663
ECH,2025-06-30,0.019946003941718526
ECH,2025-07-31,-0.051510366692055776
ECH,2025-08-29,0.09989945055654181
ECH,2025-09-30,0.004571676725137808
ECH,2025-10-31,0.07160201606019245
ECH,2025-11-28,0.0719139490492775
ECH,2025-12-31,0.07089627894450423
ECH,2026-01-30,0.11980202986432875
ECH,2026-02-27,-0.038461594465131865
ECH,2026-03-31,-0.085977032135929
ECH,2026-04-30,0.05030176831319655
ECH,2026-05-29,0.005268260871703401
ECH,2026-06-30,-0.039381500451320384
ECH,2026-07-31,-0.00931987216056085
ECH,2026-08-31,0.02974823581171293
ECH,2026-09-21,-0.0133333559389468
EIDO,2015-01-30,-0.006348002204266789
EIDO,2015-02-27,0.03645253494722667
EIDO,2015-03-31,0.006163687660766026
EIDO,2015-04-30,-0.10774772153405388
EIDO,2015-05-29,0.03836843886707286
EIDO,2015-06-30,-0.0870636299828158
EIDO,2015-07-31,-0.027190287793739665
EIDO,2015-08-31,-0.11579416681337473
EIDO,2015-09-30,-0.11239336175622605
EIDO,2015-10-30,0.13906191631240739
EIDO,2015-11-30,0.01339917291419579
EIDO,2015-12-31,0.024011438711164512
EIDO,2016-01-29,0.03737409784097556
EIDO,2016-02-29,0.04803698723531702
EIDO,2016-03-31,0.03834300826917891
EIDO,2016-04-29,-0.019949108980393482
EIDO,2016-05-31,-0.0311824886111165
EIDO,2016-06-30,0.10527759388051283
EIDO,2016-07-29,0.062142410885953625
EIDO,2016-08-31,-0.017706069038083916
EIDO,2016-09-30,0.03605025970123399
EIDO,2016-10-31,-0.007186177302899721
EIDO,2016-11-30,-0.11047573013385725
EIDO,2016-12-30,0.03451810572455627
EIDO,2017-01-31,0.011604027488672841
EIDO,2017-02-28,0.0032772351294587665
EIDO,2017-03-31,0.05308284329611768
EIDO,2017-04-28,0.020938352022725093
EIDO,2017-05-31,0.008735197583384036
EIDO,2017-06-30,0.037053616317109794
EIDO,2017-07-31,-0.012495224701652763
EIDO,2017-08-31,3.7206769493725034e-4
EIDO,2017-09-29,-0.007068438199705374
EIDO,2017-10-31,3.7448728878008986e-4
EIDO,2017-11-30,-7.490528570036625e-4
EIDO,2017-12-29,0.06676206886743175
EIDO,2018-01-31,0.0478369707665105
EIDO,2018-02-28,-0.03961074167508616
EIDO,2018-03-29,-0.057672173050288045
EIDO,2018-04-30,-0.05934705835288767
EIDO,2018-05-31,0.006309021245007873
EIDO,2018-06-29,-0.0829579665055562
EIDO,2018-07-31,0.034828387117870285
EIDO,2018-08-31,-0.01682799930088641
EIDO,2018-09-28,-0.017116228674767586
EIDO,2018-10-31,-0.04179345143757529
EIDO,2018-11-30,0.12312605334517479
EIDO,2018-12-31,0.005989543721361956
EIDO,2019-01-31,0.11522949409316818
EIDO,2019-02-28,-0.07044797027433813
EIDO,2019-03-29,-0.0019432076774866802
EIDO,2019-04-30,0.017133849958443026
EIDO,2019-05-31,-0.031010599679906492
EIDO,2019-06-28,0.04397496839394588
EIDO,2019-07-31,-0.01038866991671672
EIDO,2019-08-30,-0.020606457514243615
EIDO,2019-09-30,-0.02858271912111432
EIDO,2019-10-31,0.020024468061665024
EIDO,2019-11-29,-0.03725952850429681
EIDO,2019-12-31,0.06979475492697684
EIDO,2020-01-31,-0.057677304322479084
EIDO,2020-02-28,-0.10587289461716565
EIDO,2020-03-31,-0.31868625499364256
EIDO,2020-04-30,0.10590630553627389
EIDO,2020-05-29,0.0626149476165021
EIDO,2020-06-30,0.05020442997381491
EIDO,2020-07-31,0.04111102254712562
EIDO,2020-08-31,0.046425085859746584
EIDO,2020-09-30,-0.11932705605984817
EIDO,2020-10-30,0.05848304247328362
EIDO,2020-11-30,0.1903717284528077
EIDO,2020-12-31,0.0843467724076088
EIDO,2021-01-29,-0.04141764030773143
EIDO,2021-02-26,0.01781744145455444
EIDO,2021-03-31,-0.0437635471352511
EIDO,2021-04-30,-0.009611128151996162
EIDO,2021-05-28,-0.012938884455883981
EIDO,2021-06-30,-0.04443875573812095
EIDO,2021-07-30,-0.00936874591413106
EIDO,2021-08-31,0.05823789175652405
EIDO,2021-09-30,0.02022578003090869
EIDO,2021-10-29,0.10327329471353308
EIDO,2021-11-30,-0.025490893917133217
EIDO,2021-12-31,-0.008126149037473884
EIDO,2022-01-31,0.009142449216275494
EIDO,2022-02-28,0.04961200539443755
EIDO,2022-03-31,0.017262526926146604
EIDO,2022-04-29,0.018989801701401632
EIDO,2022-05-31,-0.009516096196727553
EIDO,2022-06-30,-0.09169914144443547
EIDO,2022-07-29,0.03261847649638572
EIDO,2022-08-31,0.028126455290985897
EIDO,2022-09-30,-0.018518672836162597
EIDO,2022-10-31,0.01843903734900798
EIDO,2022-11-30,8.42095629680184e-4
EIDO,2022-12-30,-0.04835583372058494
EIDO,2023-01-31,0.037516692515285666
EIDO,2023-02-28,-0.013775136831332357
EIDO,2023-03-31,0.027062361403605184
EIDO,2023-04-28,0.051848663587527266
EIDO,2023-05-31,-0.055353634460929
EIDO,2023-06-30,0.006238738650636844
EIDO,2023-07-31,0.01778750715827404
EIDO,2023-08-31,-0.018755548555097645
EIDO,2023-09-29,-0.03258019467893403
EIDO,2023-10-31,-0.08666375049193686
EIDO,2023-11-30,0.06932161854774854
EIDO,2023-12-29,0.03444127620909865
EIDO,2024-01-31,-0.02060932052585529
EIDO,2024-02-29,0.023330293810042146
EIDO,2024-03-28,0.007152482019214368
EIDO,2024-04-30,-0.07811809090426569
EIDO,2024-05-31,-0.04862782653833697
EIDO,2024-06-28,0.008952493367194503
EIDO,2024-07-31,0.045147897736585785
EIDO,2024-08-30,0.08093359555690727
EIDO,2024-09-30,0.03353239687767928
EIDO,2024-10-31,-0.046222390080840614
EIDO,2024-11-29,-0.07315928093115454
EIDO,2024-12-31,-0.05652769508292188
EIDO,2025-01-31,-0.009740311415252556
EIDO,2025-02-28,-0.12786871187472126
EIDO,2025-03-31,0.021303088341926957
EIDO,2025-04-30,0.061963364540685406
EIDO,2025-05-30,0.09069884283254814
EIDO,2025-06-30,-0.041234464517489355
EIDO,2025-07-31,-0.020419612764447703
EIDO,2025-08-29,0.02316159491379932
EIDO,2025-09-30,-0.006791239345660283
EIDO,2025-10-31,0.04159556199522396
EIDO,2025-11-28,0.021334682321280996
EIDO,2025-12-31,0.011314102924517622
EIDO,2026-01-30,-0.05614982959125492
EIDO,2026-02-27,0.009631820117064205
EIDO,2026-03-31,-0.11391694174275557
EIDO,2026-04-30,-0.054464866993618855
EIDO,2026-05-29,-0.14802408384336674
EIDO,2026-06-30,-0.09411142386824989
EIDO,2026-07-31,0.09372231888726201
EIDO,2026-08-31,0.0291026402593193
EIDO,2026-09-21,-0.029065192369526427
EPHE,2015-01-30,0.07137216859782702
EPHE,2015-02-27,0.022532764018763585
EPHE,2015-03-31,-0.0035930407267882325
EPHE,2015-04-30,-0.03173090103280607
EPHE,2015-05-29,-0.015640253490287304
EPHE,2015-06-30,-0.02345879173343879
EPHE,2015-07-31,0.007791705195892895
EPHE,2015-08-31,-0.10051521897771676
EPHE,2015-09-30,-0.01461326376060934
EPHE,2015-10-30,0.023844066330571234
EPHE,2015-11-30,-0.024424868936988697
EPHE,2015-12-31,-0.014142044269654375
EPHE,2016-01-29,-0.0429755392643566
EPHE,2016-02-29,0.010219569967749198
EPHE,2016-03-31,0.12354424942823594
EPHE,2016-04-29,-0.044202233208197605
EPHE,2016-05-31,0.06622905036858162
EPHE,2016-06-30,0.05247090476426086
EPHE,2016-07-29,0.011488553040595262
EPHE,2016-08-31,-0.0300351544970876
EPHE,2016-09-30,-0.030445311101371386
EPHE,2016-10-31,-0.05126123356482759
EPHE,2016-11-30,-0.0879774232763878
EPHE,2016-12-30,0.008470074123153593
EPHE,2017-01-31,0.05737171126928908
EPHE,2017-02-28,-0.030338171061061847
EPHE,2017-03-31,0.027677286212093533
EPHE,2017-04-28,0.04918036030977513
EPHE,2017-05-31,0.015904441806423808
EPHE,2017-06-30,-0.012831670891346292
EPHE,2017-07-31,0.01646624447487066
EPHE,2017-08-31,-0.01784701858026394
EPHE,2017-09-29,0.03354761322953759
EPHE,2017-10-31,0.0010821233041991007
EPHE,2017-11-30,-0.010807773750142968
EPHE,2017-12-29,0.061060351515625166
EPHE,2018-01-31,-0.018289252334827366
EPHE,2018-02-28,-0.050642846345039794
EPHE,2018-03-29,-0.03427314509958668
EPHE,2018-04-30,-0.03234100620760649
EPHE,2018-05-31,-0.03785886548951234
EPHE,2018-06-29,-0.06948683759147256
EPHE,2018-07-31,0.08623542876040058
EPHE,2018-08-31,0.004885485914743359
EPHE,2018-09-28,-0.08690370038805773
EPHE,2018-10-31,-0.003660544661280296
EPHE,2018-11-30,0.06579821170606004
EPHE,2018-12-31,-2.763192191510555e-4
EPHE,2019-01-31,0.0937891299005702
EPHE,2019-02-28,-0.038141517914281664
EPHE,2019-03-29,0.022659390049147632
EPHE,2019-04-30,0.018658821256944957
EPHE,2019-05-31,0.0071551195964971726
EPHE,2019-06-28,0.018949354914270078
EPHE,2019-07-31,-0.009829096939544701
EPHE,2019-08-30,-0.023255506604978216
EPHE,2019-09-30,-0.028745518752262278
EPHE,2019-10-31,0.048729207184033285
EPHE,2019-11-29,-0.03192689969913731
EPHE,2019-12-31,0.011505017280732943
EPHE,2020-01-31,-0.09149169365556054
EPHE,2020-02-28,-0.06286084016620042
EPHE,2020-03-31,-0.211499013110095
EPHE,2020-04-30,0.04730891234563206
EPHE,2020-05-29,0.04019902788960095
EPHE,2020-06-30,0.07803375910458965
EPHE,2020-07-31,-0.03680290055186197
EPHE,2020-08-31,0.024700838187340812
EPHE,2020-09-30,0.0011300994563039346
EPHE,2020-10-30,0.05643324428141261
EPHE,2020-11-30,0.09615390020201442
EPHE,2020-12-31,0.06470688878215691
EPHE,2021-01-29,-0.08440374316932775
EPHE,2021-02-26,0.008350122980328667
EPHE,2021-03-31,-0.03212990699296814
EPHE,2021-04-30,-0.010609206697803741
EPHE,2021-05-28,0.06502944918401687
EPHE,2021-06-30,0.011679481161403604
EPHE,2021-07-30,-0.0959921629122723
EPHE,2021-08-31,0.07472279521971825
EPHE,2021-09-30,-0.010312685832849056
EPHE,2021-10-29,0.0645378382227002
EPHE,2021-11-30,0.009472696527881741
EPHE,2021-12-31,-0.006712429645750917
EPHE,2022-01-31,0.019911564367268708
EPHE,2022-02-28,0.021072157735064767
EPHE,2022-03-31,-0.05614558272697734
EPHE,2022-04-29,-0.07299058244146217
EPHE,2022-05-31,0.018730662787358243
EPHE,2022-06-30,-0.12584607820314941
EPHE,2022-07-29,0.022064626019721256
EPHE,2022-08-31,0.009637595830533918
EPHE,2022-09-30,-0.1569301692595405
EPHE,2022-10-31,0.08469213904597073
EPHE,2022-11-30,0.11774513508160944
EPHE,2022-12-30,-0.017063094645857757
EPHE,2023-01-31,0.07369232759654154
EPHE,2023-02-28,-0.06081076051626699
EPHE,2023-03-31,0.02082536691182768
EPHE,2023-04-28,0.0022254622056159246
EPHE,2023-05-31,-0.054774092275662656
EPHE,2023-06-30,0.03202699039167567
EPHE,2023-07-31,0.03955446901820947
EPHE,2023-08-31,-0.10121899382523691
EPHE,2023-09-29,0.023838858726545897
EPHE,2023-10-31,-0.061822431316103765
EPHE,2023-11-30,0.07231468239603234
EPHE,2023-12-29,0.045636978870545075
EPHE,2024-01-31,0.018853418022940716
EPHE,2024-02-29,0.03700901154595693
EPHE,2024-03-28,0.006190883313293538
EPHE,2024-04-30,-0.0676799780802877
EPHE,2024-05-31,-0.048913049047931034
EPHE,2024-06-28,9.145694797207948e-4
EPHE,2024-07-31,0.04428809959019442
EPHE,2024-08-30,0.09235038187902855
EPHE,2024-09-30,0.056966593263829246
EPHE,2024-10-31,-0.060418693931420187
EPHE,2024-11-29,-0.06211184210478227
EPHE,2024-12-31,-0.016572904122462928
EPHE,2025-01-31,-0.06831796578538152
EPHE,2025-02-28,0.029159481205828675
EPHE,2025-03-31,0.05416671625921432
EPHE,2025-04-30,0.06284571198547151
EPHE,2025-05-30,0.013016080675370523
EPHE,2025-06-30,0.007468739581741879
EPHE,2025-07-31,-0.06268440362914007
EPHE,2025-08-29,0.028717484353090184
EPHE,2025-09-30,-0.050095564769194745
EPHE,2025-10-31,-0.011674728267710544
EPHE,2025-11-28,0.02688388153681598
EPHE,2025-12-31,-0.003555718056060253
EPHE,2026-01-30,0.04213477271358079
EPHE,2026-02-27,0.07470158007107197
EPHE,2026-03-31,-0.11035466598699017
EPHE,2026-04-30,-0.025372560604831174
EPHE,2026-05-29,-0.01404955768824645
EPHE,2026-06-30,0.032395333110718516
EPHE,2026-07-31,0.05794700444421719
EPHE,2026-08-31,-0.07081375210332574
EPHE,2026-09-21,-0.018526338276110166
EPOL,2015-01-30,-0.019856569989153416
EPOL,2015-02-27,0.01422434225593916
EPOL,2015-03-31,-0.006374911024981222
EPOL,2015-04-30,0.09794693599537907
EPOL,2015-05-29,-0.05726498537931057
EPOL,2015-06-30,-0.04780644455079852
EPOL,2015-07-31,-0.019264185963995817
EPOL,2015-08-31,-0.030803664033720035
EPOL,2015-09-30,-0.040073789843394936
EPOL,2015-10-30,-0.01967342660369409
EPOL,2015-11-30,-0.09055361635254489
EPOL,2015-12-31,-0.013349959812856027
EPOL,2016-01-29,-0.06692478330326102
EPOL,2016-02-29,0.03260211249641598
EPOL,2016-03-31,0.16130892595622348
EPOL,2016-04-29,-0.06376654779975122
EPOL,2016-05-31,-0.08130942749369097
EPOL,2016-06-30,-0.022902915712673777
EPOL,2016-07-29,0.035967013468082065
EPOL,2016-08-31,0.023904404386311695
EPOL,2016-09-30,0.01278468427868007
EPOL,2016-10-31,0.0203073553494737
EPOL,2016-11-30,-0.0779987373524238
EPOL,2016-12-30,0.07765205316713453
EPOL,2017-01-31,0.11423847292691147
EPOL,2017-02-28,0.04061417500423414
EPOL,2017-03-31,0.0271297634421257
EPOL,2017-04-28,0.10101961804693693
EPOL,2017-05-31,0.003787707214575331
EPOL,2017-06-30,0.021394247946063816
EPOL,2017-07-31,0.06383871600737634
EPOL,2017-08-31,0.05962064178950022
EPOL,2017-09-29,-0.031055920117449065
EPOL,2017-10-31,0.020362020476514253
EPOL,2017-11-30,-0.012564769588894409
EPOL,2017-12-29,0.030247126400352542
EPOL,2018-01-31,0.08342568137518036
EPOL,2018-02-28,-0.10425899540625083
EPOL,2018-03-29,-0.04526411355472937
EPOL,2018-04-30,-0.010757295138723477
EPOL,2018-05-31,-0.08658851025214376
EPOL,2018-06-29,-0.03890584817332854
EPOL,2018-07-31,0.11799804983698214
EPOL,2018-08-31,-0.008624040122676369
EPOL,2018-09-28,-0.01159918149538064
EPOL,2018-10-31,-0.09974849385113338
EPOL,2018-11-30,0.08379892725093874
EPOL,2018-12-31,0.002784350036841632
EPOL,2019-01-31,0.05688202109242013
EPOL,2019-02-28,-0.04108441008145958
EPOL,2019-03-29,-0.01970886892980883
EPOL,2019-04-30,0.016171385844495845
EPOL,2019-05-31,-0.03956981701943629
EPOL,2019-06-28,0.06545729535051792
EPOL,2019-07-31,-0.05936823151300463
EPOL,2019-08-30,-0.07654444695774998
EPOL,2019-09-30,4.848241849844115e-4
EPOL,2019-10-31,0.06104661373112652
EPOL,2019-11-29,-0.04155267941934604
EPOL,2019-12-31,0.0281843491723488
EPOL,2020-01-31,-0.049810089157377835
EPOL,2020-02-28,-0.14777852783220957
EPOL,2020-03-31,-0.19507900616105178
EPOL,2020-04-30,0.08224148793148367
EPOL,2020-05-29,0.10289200382172958
EPOL,2020-06-30,0.02315474919776017
EPOL,2020-07-31,0.059000601380567286
EPOL,2020-08-31,0.03126777877428366
EPOL,2020-09-30,-0.09261317970407268
EPOL,2020-10-30,-0.15431346408479274
EPOL,2020-11-30,0.25718406780615233
EPOL,2020-12-31,0.09249621477428804
EPOL,2021-01-29,-0.013144260996083235
EPOL,2021-02-26,-0.005327599532022442
EPOL,2021-03-31,-0.030530097360947694
EPOL,2021-04-30,0.09613242612558248
EPOL,2021-05-28,0.13608883908621094
EPOL,2021-06-30,-0.04487382482613933
EPOL,2021-07-30,0.01537028025921705
EPOL,2021-08-31,0.05963318392910599
EPOL,2021-09-30,-0.051082275779756214
EPOL,2021-10-29,0.06113150615937624
EPOL,2021-11-30,-0.12123824354614232
EPOL,2021-12-31,0.041259101337971504
EPOL,2022-01-31,-0.025166029459783967
EPOL,2022-02-28,-0.12761830880911373
EPOL,2022-03-31,0.06141822367965655
EPOL,2022-04-29,-0.16991054919023107
EPOL,2022-05-31,0.04626114358039346
EPOL,2022-06-30,-0.10603143467866882
EPOL,2022-07-29,-0.015037764086639815
EPOL,2022-08-31,-0.12907689677726597
EPOL,2022-09-30,-0.14183255125866412
EPOL,2022-10-31,0.15320318876243944
EPOL,2022-11-30,0.214170744913303
EPOL,2022-12-30,0.04352549123301608
EPOL,2023-01-31,0.08279442325596009
EPOL,2023-02-28,-0.057945036915773684
EPOL,2023-03-31,-0.018389449341921327
EPOL,2023-04-28,0.1382430402053343
EPOL,2023-05-31,-0.036322562500323397
EPOL,2023-06-30,0.1295643569288738
EPOL,2023-07-31,0.09958282778111749
EPOL,2023-08-31,-0.09198662077189024
EPOL,2023-09-29,-0.10652743425537692
EPOL,2023-10-31,0.16014026449575502
EPOL,2023-11-30,0.09471030342313291
EPOL,2023-12-29,0.07219215813711011
EPOL,2024-01-31,-0.0331126065127928
EPOL,2024-02-29,0.06438356645354992
EPOL,2024-03-28,0.012012064844185044
EPOL,2024-04-30,-0.0012717696385687871
EPOL,2024-05-31,0.06876065407196674
EPOL,2024-06-28,-0.00782356910525317
EPOL,2024-07-31,-0.027313584403855007
EPOL,2024-08-30,0.029756906756230883
EPOL,2024-09-30,-0.013431115461586374
EPOL,2024-10-31,-0.08168301862436955
EPOL,2024-11-29,-0.007637106035953578
EPOL,2024-12-31,-0.019572648988414487
EPOL,2025-01-31,0.1322471391998803
EPOL,2025-02-28,0.06982650662296552
EPOL,2025-03-31,0.10799048858898486
EPOL,2025-04-30,0.05248123781300196
EPOL,2025-05-30,0.03018999001264855
EPOL,2025-06-30,0.0808008013922954
EPOL,2025-07-31,-0.015808970116440557
EPOL,2025-08-29,-0.0015748182224747387
EPOL,2025-09-30,0.015772896555003912
EPOL,2025-10-31,0.04689437716156797
EPOL,2025-11-28,0.010679378944845386
EPOL,2025-12-31,0.06763848566464947
EPOL,2026-01-30,0.06820133419753494
EPOL,2026-02-27,0.014365542817218468
EPOL,2026-03-31,-0.04510888912092481
EPOL,2026-04-30,0.05410599842330921
EPOL,2026-05-29,0.05549756841170139
EPOL,2026-06-30,-0.0398207555618294
EPOL,2026-07-31,0.10929813918655351
EPOL,2026-08-31,0.029652033359138796
EPOL,2026-09-21,0.03560090134119909
EWA,2015-01-30,-0.008144837265101734
EWA,2015-02-27,0.08029201844556044
EWA,2015-03-31,-0.03462834276728799
EWA,2015-04-30,0.02012236805251133
EWA,2015-05-29,-0.03344770085525284
EWA,2015-06-30,-0.04448406591959031
EWA,2015-07-31,-0.005231051501138895
EWA,2015-08-31,-0.10850836373234851
EWA,2015-09-30,-0.039142097458273906
EWA,2015-10-30,0.055803580784254514
EWA,2015-11-30,0.008985122876128626
EWA,2015-12-31,0.02124264550239574
EWA,2016-01-29,-0.06962016050649988
EWA,2016-02-29,-0.020408254534468373
EWA,2016-03-31,0.11805572816561627
EWA,2016-04-29,0.03157345759478791
EWA,2016-05-31,-0.02408428006320129
EWA,2016-06-30,0.014187249794833434
EWA,2016-07-29,0.07403600692822065
EWA,2016-08-31,-0.03207295482558592
EWA,2016-09-30,0.0336299803113187
EWA,2016-10-31,-0.029664768841378697
EWA,2016-11-30,0.007889532061123639
EWA,2016-12-30,0.016197138084878215
EWA,2017-01-31,0.04992571896427922
EWA,2017-02-28,0.033427658526200554
EWA,2017-03-31,0.030068237950915844
EWA,2017-04-28,-0.006634532929427839
EWA,2017-05-31,-0.04318767537727708
EWA,2017-06-30,0.03062124877527017
EWA,2017-07-31,0.047048561733255445
EWA,2017-08-31,-0.002203158338219602
EWA,2017-09-29,-0.009271004396704474
EWA,2017-10-31,0.011586445344859087
EWA,2017-11-30,0.003083344807801147
EWA,2017-12-29,0.04257998803166485
EWA,2018-01-31,0.025895599387542045
EWA,2018-02-28,-0.03996649609841041
EWA,2018-03-29,-0.03505679728375777
EWA,2018-04-30,0.007720090667193258
EWA,2018-05-31,0.01712524893141243
EWA,2018-06-29,0.02122375165510837
EWA,2018-07-31,0.013710853319677474
EWA,2018-08-31,-0.01876097267933352
EWA,2018-09-28,-0.016451433893882483
EWA,2018-10-31,-0.06871635211048932
EWA,2018-11-30,0.009708540187444825
EWA,2018-12-31,-0.03878517158925687
EWA,2019-01-31,0.06961027916175389
EWA,2019-02-28,0.033511554012178646
EWA,2019-03-29,0.011278127500070179
EWA,2019-04-30,0.011617080143264014
EWA,2019-05-31,0.0013780640671277045
EWA,2019-06-28,0.05498782075977138
EWA,2019-07-31,-0.005767539639587649
EWA,2019-08-30,-0.032574719256763696
EWA,2019-09-30,0.026291467671403224
EWA,2019-10-31,0.01258430334550198
EWA,2019-11-29,0.013315394149896687
EWA,2019-12-31,0.011852880463420146
EWA,2020-01-31,-0.01678433121550038
EWA,2020-02-28,-0.09613676523189219
EWA,2020-03-31,-0.22763415842559498
EWA,2020-04-30,0.096525249091864
EWA,2020-05-29,0.0598588416025867
EWA,2020-06-30,0.08301871649796966
EWA,2020-07-31,0.033212292569265944
EWA,2020-08-31,0.04419868293857543
EWA,2020-09-30,-0.051466910556325685
EWA,2020-10-30,0.0025354890710986844
EWA,2020-11-30,0.14921588444573342
EWA,2020-12-31,0.06308979270089932
EWA,2021-01-29,-0.008350812697433319
EWA,2021-02-26,0.031999896766459424
EWA,2021-03-31,0.011424158587975297
EWA,2021-04-30,0.04396911976179041
EWA,2021-05-28,0.033230331191619555
EWA,2021-06-30,-0.014757151060270424
EWA,2021-07-30,-0.008083094955602221
EWA,2021-08-31,0.005820688431298793
EWA,2021-09-30,-0.04243824084837611
EWA,2021-10-29,0.06607577601947656
EWA,2021-11-30,-0.07558591562390016
EWA,2021-12-31,0.05181840699237439
EWA,2022-01-31,-0.08014492132019146
EWA,2022-02-28,0.05297712582228242
EWA,2022-03-31,0.09896035713449636
EWA,2022-04-29,-0.06999624519645642
EWA,2022-05-31,0.004068407231493376
EWA,2022-06-30,-0.11324741417046857
EWA,2022-07-29,0.0716306075351254
EWA,2022-08-31,-0.03649961777905386
EWA,2022-09-30,-0.10451836153796656
EWA,2022-10-31,0.056065118924502944
EWA,2022-11-30,0.1433398783883144
EWA,2022-12-30,-0.04392438655836717
EWA,2023-01-31,0.11830862234237016
EWA,2023-02-28,-0.0796460376146706
EWA,2023-03-31,0.002622392584320732
EWA,2023-04-28,0.008718476694604904
EWA,2023-05-31,-0.054883409868578426
EWA,2023-06-30,0.05038854113577185
EWA,2023-07-31,0.03592014531568233
EWA,2023-08-31,-0.04922938841883573
EWA,2023-09-29,-0.03151730408878817
EWA,2023-10-31,-0.035797375893461436
EWA,2023-11-30,0.08244945863523445
EWA,2023-12-29,0.10620278591892518
EWA,2024-01-31,-0.029580884802624663
EWA,2024-02-29,0.012701070482737498
EWA,2024-03-28,0.030936416641221598
EWA,2024-04-30,-0.053527957249764446
EWA,2024-05-31,0.05612674269880391
EWA,2024-06-28,0.010202517636109132
EWA,2024-07-31,0.024150588388656136
EWA,2024-08-30,0.0339728960402268
EWA,2024-09-30,0.047931971930327055
EWA,2024-10-31,-0.06492076440935368
EWA,2024-11-29,0.04260357276713278
EWA,2024-12-31,-0.08201728848410583
EWA,2025-01-31,0.0314333008590586
EWA,2025-02-28,-0.025193071156732305
EWA,2025-03-31,-0.022926161300633074
EWA,2025-04-30,0.05247441414514786
EWA,2025-05-30,0.04620988836572759
EWA,2025-06-30,0.03537697758138125
EWA,2025-07-31,-0.011398048389348658
EWA,2025-08-29,0.040737864987854255
EWA,2025-09-30,-0.0029542392574207765
EWA,2025-10-31,-0.008518558321599867
EWA,2025-11-28,-0.03436677004169142
EWA,2025-12-31,0.030470321549743495
EWA,2026-01-30,0.059564715044216454
EWA,2026-02-27,0.08432435340967093
EWA,2026-03-31,-0.07743440194256435
EWA,2026-04-30,0.06231990952382671
EWA,2026-05-29,-0.008138346312427602
EWA,2026-06-30,-0.023733590251056813
EWA,2026-07-31,0.04190342015517534
EWA,2026-08-31,0.023176561064734758
EWA,2026-09-21,-0.0326448876513219
EWC,2015-01-30,-0.07842471959727015
EWC,2015-02-27,0.059758077096895956
EWC,2015-03-31,-0.029978505336606065
EWC,2015-04-30,0.0713759156673146
EWC,2015-05-29,-0.04601645560739409
EWC,2015-06-30,-0.03257400488095008
EWC,2015-07-31,-0.041994798532777544
EWC,2015-08-31,-0.05009777298209095
EWC,2015-09-30,-0.05232836571341004
EWC,2015-10-30,0.034783063530308134
EWC,2015-11-30,-0.022268813893349004
EWC,2015-12-31,-0.06350786124303065
EWC,2016-01-29,-0.027441837345813624
EWC,2016-02-29,0.03443334958947131
EWC,2016-03-31,0.09616278848607007
EWC,2016-04-29,0.0712777522827368
EWC,2016-05-31,-0.03622047507957371
EWC,2016-06-30,0.009156285415871102
EWC,2016-07-29,0.029783805698084365
EWC,2016-08-31,0.002773202604295477
EWC,2016-09-30,0.015013808202916756
EWC,2016-10-31,-0.013234785730734777
EWC,2016-11-30,0.026035723182350923
EWC,2016-12-30,0.015429908934974979
EWC,2017-01-31,0.03938805755132435
EWC,2017-02-28,-0.018028002733074366
EWC,2017-03-31,0.007118940290114617
EWC,2017-04-28,-0.02306555218057671
EWC,2017-05-31,-0.0038080888101217347
EWC,2017-06-30,0.03126168885193925
EWC,2017-07-31,0.04260120686846802
EWC,2017-08-31,-0.0010752784952310357
EWC,2017-09-29,0.03839235917283901
EWC,2017-10-31,-0.005183025900641125
EWC,2017-11-30,0.005210029619099998
EWC,2017-12-29,0.037300623303683
EWC,2018-01-31,0.008097335325812027
EWC,2018-02-28,-0.06994638411972975
EWC,2018-03-29,-0.008276471505950456
EWC,2018-04-30,0.020682196196609937
EWC,2018-05-31,0.02168509600766977
EWC,2018-06-29,-2.3205967764439173e-4
EWC,2018-07-31,0.02455249862865383
EWC,2018-08-31,-0.014036126099047364
EWC,2018-09-28,-6.94501261575442e-4
EWC,2018-10-31,-0.0788743236611208
EWC,2018-11-30,0.004904126798606967
EWC,2018-12-31,-0.08555639901653955
EWC,2019-01-31,0.12896508127806872
EWC,2019-02-28,0.029575027319695746
EWC,2019-03-29,-0.007540414148877739
EWC,2019-04-30,0.03292335715714145
EWC,2019-05-31,-0.04273215985334955
EWC,2019-06-28,0.05674239705666628
EWC,2019-07-31,-0.008036239634467646
EWC,2019-08-30,-0.007044818753039861
EWC,2019-09-30,0.025186279770349262
EWC,2019-10-31,-0.004152055650805675
EWC,2019-11-29,0.029534195314902423
EWC,2019-12-31,0.02234647945819468
EWC,2020-01-31,-0.007360324992120693
EWC,2020-02-28,-0.07010447933827824
EWC,2020-03-31,-0.20804642997829914
EWC,2020-04-30,0.11121288193447576
EWC,2020-05-29,0.03542028736741987
EWC,2020-06-30,0.03988229890138739
EWC,2020-07-31,0.055255022670600784
EWC,2020-08-31,0.05126320374605253
EWC,2020-09-30,-0.04528025663153157
EWC,2020-10-30,-0.03429401974472812
EWC,2020-11-30,0.14393650714275164
EWC,2020-12-31,0.031124746512488644
EWC,2021-01-29,-0.0077821662412485
EWC,2021-02-26,0.051307139288424564
EWC,2021-03-31,0.058439694356919425
EWC,2021-04-30,0.04581501674751287
EWC,2021-05-28,0.06346527380582545
EWC,2021-06-30,-0.009771807693066514
EWC,2021-07-30,0.0016095954027990356
EWC,2021-08-31,2.679666496234745e-4
EWC,2021-09-30,-0.027852252650051867
EWC,2021-10-29,0.07933897111116361
EWC,2021-11-30,-0.04594183540778918
EWC,2021-12-31,0.04117633381971575
EWC,2022-01-31,-0.006245129292388185
EWC,2022-02-28,7.85737902576189e-4
EWC,2022-03-31,0.052066722314374925
EWC,2022-04-29,-0.07858714542032574
EWC,2022-05-31,0.021052485997129944
EWC,2022-06-30,-0.10320820988099566
EWC,2022-07-29,0.04839661251157423
EWC,2022-08-31,-0.045879347026052564
EWC,2022-09-30,-0.08696941421239668
EWC,2022-10-31,0.07379702044598857
EWC,2022-11-30,0.06539494473691776
EWC,2022-12-30,-0.05628160677258309
EWC,2023-01-31,0.09471444914168248
EWC,2023-02-28,-0.04967916959507934
EWC,2023-03-31,0.0038179861816769467
EWC,2023-04-28,0.02984200429013728
EWC,2023-05-31,-0.05511372314608809
EWC,2023-06-30,0.06266271452949645
EWC,2023-07-31,0.03115168513410027
EWC,2023-08-31,-0.03852552889755778
EWC,2023-09-29,-0.03545690511347632
EWC,2023-10-31,-0.051404680124443436
EWC,2023-11-30,0.10207955069810248
EWC,2023-12-29,0.06270647697759357
EWC,2024-01-31,-0.008996635122340724
EWC,2024-02-29,0.0115543911538869
EWC,2024-03-28,0.041066172652719946
EWC,2024-04-30,-0.03552784014588628
EWC,2024-05-31,0.03629485427822643
EWC,2024-06-28,-0.021480911262443114
EWC,2024-07-31,0.049339482817151614
EWC,2024-08-30,0.04033921471865609
EWC,2024-09-30,0.025438396689503096
EWC,2024-10-31,-0.02143548784895144
EWC,2024-11-29,0.06448432838161122
EWC,2024-12-31,-0.05578414199974557
EWC,2025-01-31,0.022828727121478654
EWC,2025-02-28,2.4261137859649118e-4
EWC,2025-03-31,-0.011642049488647555
EWC,2025-04-30,0.04171791307647266
EWC,2025-05-30,0.059128329630877774
EWC,2025-06-30,0.03447963867506698
EWC,2025-07-31,-4.328777877702361e-4
EWC,2025-08-29,0.056517946041509726
EWC,2025-09-30,0.03607298097585354
EWC,2025-10-31,0.0037586876193020924
EWC,2025-11-28,0.03862818396301004
EWC,2025-12-31,0.03245522099603981
EWC,2026-01-30,0.006118996291874845
EWC,2026-02-27,0.06855887861610399
EWC,2026-03-31,-0.05501898898973734
EWC,2026-04-30,0.06953821130636162
EWC,2026-05-29,0.003583643808317216
EWC,2026-06-30,-0.015286090724921153
EWC,2026-07-31,0.030360860835024317
EWC,2026-08-31,0.0343492328084265
EWC,2026-09-21,-0.0162786911123578
EWG,2015-01-30,0.028226006372942924
EWG,2015-02-27,0.05882349766059214
EWG,2015-03-31,0.004713621054706518
EWG,2015-04-30,-0.007372646107067338
EWG,2015-05-29,-0.017218073072832185
EWG,2015-06-30,-0.02557353737793877
EWG,2015-07-31,0.016140618696287135
EWG,2015-08-31,-0.07024372435396276
EWG,2015-09-30,-0.06074407087092326
EWG,2015-10-30,0.09579652170321418
EWG,2015-11-30,0.005163927054727235
EWG,2015-12-31,-0.03889901459785916
EWG,2016-01-29,-0.0710193260934745
EWG,2016-02-29,-0.03986838576219953
EWG,2016-03-31,0.10145527651209307
EWG,2016-04-29,0.019432737872612682
EWG,2016-05-31,-0.011437515436423906
EWG,2016-06-30,-0.04987547678421822
EWG,2016-07-29,0.06652800771550482
EWG,2016-08-31,0.021832090438399288
EWG,2016-09-30,0.0022894357008418353
EWG,2016-10-31,-0.013703946642625198
EWG,2016-11-30,-0.04168259516520578
EWG,2016-12-30,0.06681882059448863
EWG,2017-01-31,0.03889729484277815
EWG,2017-02-28,3.6353334705818696e-4
EWG,2017-03-31,0.04469483442553046
EWG,2017-04-28,0.03234772465456226
EWG,2017-05-31,0.045148364255057194
EWG,2017-06-30,-0.0053603821405278085
EWG,2017-07-31,0.014535757565107943
EWG,2017-08-31,0.0016281562392861382
EWG,2017-09-29,0.05429142037059953
EWG,2017-10-31,0.01973452169144796
EWG,2017-11-30,0.005140839219959004
EWG,2017-12-29,-0.004124511867517278
EWG,2018-01-31,0.06026647886257064
EWG,2018-02-28,-0.07369313525557153
EWG,2018-03-29,-0.012025846945253438
EWG,2018-04-30,0.01310842844788751
EWG,2018-05-31,-0.02526185135511816
EWG,2018-06-29,-0.029867250260758538
EWG,2018-07-31,0.04436294232378435
EWG,2018-08-31,-0.034493813727554
EWG,2018-09-28,-0.016209011897465375
EWG,2018-10-31,-0.08372563189251547
EWG,2018-11-30,-0.015045969976825946
EWG,2018-12-31,-0.05551405363599482
EWG,2019-01-31,0.056804801983170616
EWG,2019-02-28,0.01903678863224334
EWG,2019-03-29,-0.013919328433798839
EWG,2019-04-30,0.06983647511205082
EWG,2019-05-31,-0.0652777099460331
EWG,2019-06-28,0.07050755578051904
EWG,2019-07-31,-0.04385002929698556
EWG,2019-08-30,-0.021253032048472176
EWG,2019-09-30,0.025142956845351394
EWG,2019-10-31,0.06094382863383774
EWG,2019-11-29,0.013660424252395442
EWG,2019-12-31,0.015894757629105527
EWG,2020-01-31,-0.029591671361666294
EWG,2020-02-28,-0.08096758963359507
EWG,2020-03-31,-0.18077807900506138
EWG,2020-04-30,0.09776546180983581
EWG,2020-05-29,0.09372351518139044
EWG,2020-06-30,0.06227260285394842
EWG,2020-07-31,0.042051196570511484
EWG,2020-08-31,0.06548657866079877
EWG,2020-09-30,-0.03222594576579696
EWG,2020-10-30,-0.0978371485701085
EWG,2020-11-30,0.16286129727226384
EWG,2020-12-31,0.0527794908528596
EWG,2021-01-29,-0.009757638480695885
EWG,2021-02-26,0.017482540959241843
EWG,2021-03-31,0.044673625974560593
EWG,2021-04-30,0.03528706158402528
EWG,2021-05-28,0.03350671915888048
EWG,2021-06-30,-0.016552221623655994
EWG,2021-07-30,-0.00231216721091021
EWG,2021-08-31,0.012456575380664026
EWG,2021-09-30,-0.05808294834908012
EWG,2021-10-29,0.02582015882948352
EWG,2021-11-30,-0.05803975345940893
EWG,2021-12-31,0.039381461530090256
EWG,2022-01-31,-0.023489991297918844
EWG,2022-02-28,-0.09153374494603495
EWG,2022-03-31,-0.02372774458960203
EWG,2022-04-29,-0.08383233713911331
EWG,2022-05-31,0.05074967264886765
EWG,2022-06-30,-0.13278891603981158
EWG,2022-07-29,0.024771716908059016
EWG,2022-08-31,-0.07379132567801838
EWG,2022-09-30,-0.09615391583664545
EWG,2022-10-31,0.10536984576378972
EWG,2022-11-30,0.16361141488438347
EWG,2022-12-30,-0.025647749417985755
EWG,2023-01-31,0.13384568747783376
EWG,2023-02-28,-0.026747684438441888
EWG,2023-03-31,0.0428728521445465
EWG,2023-04-28,0.03338023892372033
EWG,2023-05-31,-0.048622872920081384
EWG,2023-06-30,0.04901356435047588
EWG,2023-07-31,0.02625132572333455
EWG,2023-08-31,-0.047748977090504074
EWG,2023-09-29,-0.06160460979460147
EWG,2023-10-31,-0.038931286846417
EWG,2023-11-30,0.1282763189534708
EWG,2023-12-29,0.04512534568601834
EWG,2024-01-31,-0.020882569465643708
EWG,2024-02-29,0.054007567915479004
EWG,2024-03-28,0.03622722563881964
EWG,2024-04-30,-0.04063001599374261
EWG,2024-05-31,0.05252800062477503
EWG,2024-06-28,-0.02159402926664511
EWG,2024-07-31,0.016002632459847455
EWG,2024-08-30,0.04885891095215067
EWG,2024-09-30,0.03708239719082074
EWG,2024-10-31,-0.04491727979212223
EWG,2024-11-29,-0.001547057878899749
EWG,2024-12-31,-0.013944788308066114
EWG,2025-01-31,0.088309304074907
EWG,2025-02-28,0.041582328635535015
EWG,2025-03-31,0.028001191932106817
EWG,2025-04-30,0.06499462354865426
EWG,2025-05-30,0.0628007263914756
EWG,2025-06-30,0.02486520449216556
EWG,2025-07-31,-0.02741665317019104
EWG,2025-08-29,0.017739970735034083
EWG,2025-09-30,-0.006447078726684263
EWG,2025-10-31,-0.021148725054043083
EWG,2025-11-28,0.004664777457432212
EWG,2025-12-31,0.03861195038832754
EWG,2026-01-30,0.014353001583221392
EWG,2026-02-27,0.028531609921652157
EWG,2026-03-31,-0.10532250579557723
EWG,2026-04-30,0.06528865768943781
EWG,2026-05-29,0.027685733040685
EWG,2026-06-30,-0.028325237908022105
EWG,2026-07-31,0.03577470583630249
EWG,2026-08-31,0.032205393634930246
EWG,2026-09-21,-0.036852839362087386
EWH,2015-01-30,0.05604271730269028
EWH,2015-02-27,0.0018457677313046261
EWH,2015-03-31,0.010133860054081012
EWH,2015-04-30,0.0848152872326251
EWH,2015-05-29,-0.004624007136846631
EWH,2015-06-30,-0.034808786144386206
EWH,2015-07-31,-0.014627782515720389
EWH,2015-08-31,-0.13270347848622122
EWH,2015-09-30,-0.008298962476944283
EWH,2015-10-30,0.07269881365053887
EWH,2015-11-30,-0.020477899412386202
EWH,2015-12-31,-0.0026874160182494
EWH,2016-01-29,-0.09334016715897187
EWH,2016-02-29,0.006677738760134
EWH,2016-03-31,0.09286917828888219
EWH,2016-04-29,5.060667332685842e-4
EWH,2016-05-31,-0.0015172243534088414
EWH,2016-06-30,0.011446277807895422
EWH,2016-07-29,0.06741594624512648
EWH,2016-08-31,0.006219946803551757
EWH,2016-09-30,0.04659998429434409
EWH,2016-10-31,-0.019990998626228218
EWH,2016-11-30,-0.018543975853889894
EWH,2016-12-30,-0.06995606743985028
EWH,2017-01-31,0.07956896283439407
EWH,2017-02-28,0.02757960784036073
EWH,2017-03-31,0.029615645227713205
EWH,2017-04-28,0.029213715169488674
EWH,2017-05-31,0.032750902325872966
EWH,2017-06-30,0.007390159188831902
EWH,2017-07-31,0.03627862262525117
EWH,2017-08-31,0.016886208340059827
EWH,2017-09-29,0
EWH,2017-10-31,-4.053113902455774e-4
EWH,2017-11-30,0.039708226993516726
EWH,2017-12-29,0.01880572795028357
EWH,2018-01-31,0.046420266591555404
EWH,2018-02-28,-0.03834593739377934
EWH,2018-03-29,-0.01055519462963439
EWH,2018-04-30,0.015804040704604283
EWH,2018-05-31,0.01089078047626546
EWH,2018-06-29,-0.053912834887332894
EWH,2018-07-31,0.022717876970770545
EWH,2018-08-31,-0.02463659739820645
EWH,2018-09-28,-0.009523629843111836
EWH,2018-10-31,-0.10660521807204071
EWH,2018-11-30,0.08001842959296868
EWH,2018-12-31,-0.010521588879018329
EWH,2019-01-31,0.09570210586595884
EWH,2019-02-28,0.045693529213672646
EWH,2019-03-29,0.013534534810641041
EWH,2019-04-30,0.010301182579082857
EWH,2019-05-31,-0.06873099947891492
EWH,2019-06-28,0.06880412703362326
EWH,2019-07-31,-0.03979897561560364
EWH,2019-08-30,-0.0808855136909129
EWH,2019-09-30,-0.006129342366503754
EWH,2019-10-31,0.04757705932004863
EWH,2019-11-29,-0.010092530699774338
EWH,2019-12-31,0.042508919580785065
EWH,2020-01-31,-0.05836401267015612
EWH,2020-02-28,0.002619121786271883
EWH,2020-03-31,-0.13191132739428413
EWH,2020-04-30,0.060681863409292935
EWH,2020-05-29,-0.06193833349618061
EWH,2020-06-30,0.09789192844922368
EWH,2020-07-31,-0.012166690919255707
EWH,2020-08-31,0.07531983474663728
EWH,2020-09-30,-0.03436121091849853
EWH,2020-10-30,-0.019160529451625274
EWH,2020-11-30,0.10651163833522159
EWH,2020-12-31,0.04517590856592535
EWH,2021-01-29,0.01704539191011256
EWH,2021-02-26,0.049880345141964266
EWH,2021-03-31,0.010262328126073639
EWH,2021-04-30,0.025959465985761154
EWH,2021-05-28,0.03043630731966851
EWH,2021-06-30,-0.03564107316126852
EWH,2021-07-30,-0.023952219474635772
EWH,2021-08-31,-0.011886351531668837
EWH,2021-09-30,-0.06946079210072886
EWH,2021-10-29,0.023352882329549685
EWH,2021-11-30,-0.05093734622582302
EWH,2021-12-31,0.0067307245236876145
EWH,2022-01-31,0.022423317958191635
EWH,2022-02-28,-0.043441606830333046
EWH,2022-03-31,-0.004850079881477121
EWH,2022-04-29,-0.053167830568770724
EWH,2022-05-31,0.03743558945665382
EWH,2022-06-30,0.016387179576978772
EWH,2022-07-29,-0.04279284278019502
EWH,2022-08-31,-0.038117758215133635
EWH,2022-09-30,-0.10763199150958946
EWH,2022-10-31,-0.11732461962802698
EWH,2022-11-30,0.24285712888295508
EWH,2022-12-30,0.06406569230383496
EWH,2023-01-31,0.04950016621325215
EWH,2023-02-28,-0.07573697396237267
EWH,2023-03-31,0.008341423412369098
EWH,2023-04-28,0.013625498593319296
EWH,2023-05-31,-0.0902544020799203
EWH,2023-06-30,0.03636150630752222
EWH,2023-07-31,0.03517831805146976
EWH,2023-08-31,-0.09295334674833311
EWH,2023-09-29,-0.05509662121025516
EWH,2023-10-31,-0.021574161003257264
EWH,2023-11-30,0.0017877444605607362
EWH,2023-12-29,0.05955849492483911
EWH,2024-01-31,-0.09729419409974482
EWH,2024-02-29,0.041453949844663995
EWH,2024-03-28,-0.04776479550970347
EWH,2024-04-30,0.0315113225839585
EWH,2024-05-31,0.042394024404890374
EWH,2024-06-28,-0.06514936401976701
EWH,2024-07-31,-0.003267985440112975
EWH,2024-08-30,0.060983645618338356
EWH,2024-09-30,0.15327550513086763
EWH,2024-10-31,-0.042336490658477444
EWH,2024-11-29,-0.02406260935825333
EWH,2024-12-31,-0.025031393222795573
EWH,2025-01-31,-0.009603762894790036
EWH,2025-02-28,0.06606069468032971
EWH,2025-03-31,-0.0045481168665258975
EWH,2025-04-30,5.711120928579838e-4
EWH,2025-05-30,0.08105022777783732
EWH,2025-06-30,0.07130225779530397
EWH,2025-07-31,0.04229613093454421
EWH,2025-08-29,0.022222164239258158
EWH,2025-09-30,0.018430926072756648
EWH,2025-10-31,-4.639471824259278e-4
EWH,2025-11-28,0.03249769218910492
EWH,2025-12-31,-0.013836754841915266
EWH,2026-01-30,0.10023527265679344
EWH,2026-02-27,0.03550042353203331
EWH,2026-03-31,-0.04626181983652655
EWH,2026-04-30,0.027284483503953405
EWH,2026-05-29,-0.025716637588468427
EWH,2026-06-30,-0.08012991447084872
EWH,2026-07-31,0.10325047034104795
EWH,2026-08-31,-0.007365687905368401
EWH,2026-09-21,-0.006547342624588337
EWI,2015-01-30,0.005869233621895287
EWI,2015-02-27,0.08533939543578573
EWI,2015-03-31,-0.005376373242603871
EWI,2015-04-30,0.0317566948896173
EWI,2015-05-29,0.0189914545925689
EWI,2015-06-30,-0.02603488223205086
EWI,2015-07-31,0.03962388141148576
EWI,2015-08-31,-0.04392727527051532
EWI,2015-09-30,-0.03243263313766864
EWI,2015-10-30,0.03421767830806011
EWI,2015-11-30,-0.028358965142972647
EWI,2015-12-31,-0.042236270654269825
EWI,2016-01-29,-0.12154296103796147
EWI,2016-02-29,-0.06545167388471573
EWI,2016-03-31,0.08156050861146702
EWI,2016-04-29,0.04180303559210796
EWI,2016-05-31,-0.04405967564377533
EWI,2016-06-30,-0.08174368384717068
EWI,2016-07-29,0.03133618256395221
EWI,2016-08-31,0.008936666495720225
EWI,2016-09-30,-0.02391518277491722
EWI,2016-10-31,0.02359348650534554
EWI,2016-11-30,-0.03590423094547124
EWI,2016-12-30,0.12342704123829873
EWI,2017-01-31,-0.019413453546413884
EWI,2017-02-28,-0.003791206414539783
EWI,2017-03-31,0.0883721157494739
EWI,2017-04-28,0.02758358292012164
EWI,2017-05-31,0.05368620589643203
EWI,2017-06-30,0.01542665239588703
EWI,2017-07-31,0.07050373065072946
EWI,2017-08-31,0.017809042141873732
EWI,2017-09-29,0.03532524702631945
EWI,2017-10-31,-0.012755133520650497
EWI,2017-11-30,0.001614855705863727
EWI,2017-12-29,-0.012972061506350552
EWI,2018-01-31,0.10972377571980907
EWI,2018-02-28,-0.061278873688320856
EWI,2018-03-29,0.01387584609162995
EWI,2018-04-30,0.04416786854600363
EWI,2018-05-31,-0.09770620436728861
EWI,2018-06-29,-0.01945712173856029
EWI,2018-07-31,0.033921787848489426
EWI,2018-08-31,-0.0927353293869464
EWI,2018-09-28,0.020664416452295775
EWI,2018-10-31,-0.09436035999944414
EWI,2018-11-30,0.013572819052957374
EWI,2018-12-31,-0.03416239152664646
EWI,2019-01-31,0.08095815050268151
EWI,2019-02-28,0.037447638157495744
EWI,2019-03-29,0.023572863881072603
EWI,2019-04-30,0.017992023247912714
EWI,2019-05-31,-0.08306824492253062
EWI,2019-06-28,0.0990925194380401
EWI,2019-07-31,-0.018874826843487624
EWI,2019-08-30,-0.0044395313040204165
EWI,2019-09-30,0.024526174766469344
EWI,2019-10-31,0.0471527546167918
EWI,2019-11-29,6.928324377202255e-4
EWI,2019-12-31,0.028286083684935237
EWI,2020-01-31,-0.024406656263166515
EWI,2020-02-28,-0.05350939858456849
EWI,2020-03-31,-0.23751839088730287
EWI,2020-04-30,0.018295800144863872
EWI,2020-05-29,0.06193832270157773
EWI,2020-06-30,0.0835242624451833
EWI,2020-07-31,0.026993272933979018
EWI,2020-08-31,0.04084112509364157
EWI,2020-09-30,-0.0528361618727764
EWI,2020-10-30,-0.06439688790628406
EWI,2020-11-30,0.2520823713854776
EWI,2020-12-31,0.0393001131795947
EWI,2021-01-29,-0.03702444110125247
EWI,2021-02-26,0.05537905438094093
EWI,2021-03-31,0.053141789636697245
EWI,2021-04-30,0.0031735093559837058
EWI,2021-05-28,0.06010747253820092
EWI,2021-06-30,-0.02171188475722652
EWI,2021-07-30,0.0030874910640346087
EWI,2021-08-31,0.014158207627603892
EWI,2021-09-30,-0.03945383463082808
EWI,2021-10-29,0.0578200005113898
EWI,2021-11-30,-0.060334563336873925
EWI,2021-12-31,0.05758410498387301
EWI,2022-01-31,-0.011581738579618417
EWI,2022-02-28,-0.06722181467898769
EWI,2022-03-31,-0.023801534204821673
EWI,2022-04-29,-0.07111434491761837
EWI,2022-05-31,0.05103918121569828
EWI,2022-06-30,-0.13993363118114321
EWI,2022-07-29,0.023255890286261183
EWI,2022-08-31,-0.06087683138025313
EWI,2022-09-30,-0.07087272947392054
EWI,2022-10-31,0.11999990196837285
EWI,2022-11-30,0.1553156815605703
EWI,2022-12-30,-0.01684553047250681
EWI,2023-01-31,0.12360790331160487
EWI,2023-02-28,-0.008589341164270348
EWI,2023-03-31,0.01399544963956978
EWI,2023-04-28,0.040420614128748866
EWI,2023-05-31,-0.06253946219129336
EWI,2023-06-30,0.09865558283832954
EWI,2023-07-31,0.052466316294811355
EWI,2023-08-31,-0.04179111399450841
EWI,2023-09-29,-0.05233631548130402
EWI,2023-10-31,-0.01709409182294075
EWI,2023-11-30,0.10300989423226747
EWI,2023-12-29,0.041611582517287804
EWI,2024-01-31,-0.01296777581110431
EWI,2024-02-29,0.06389959781902643
EWI,2024-03-28,0.058658465995043096
EWI,2024-04-30,-0.031018088560287538
EWI,2024-05-31,0.06238031637718611
EWI,2024-06-28,-0.05435166518668921
EWI,2024-07-31,0.03598316229750065
EWI,2024-08-30,0.04604202341864094
EWI,2024-09-30,0.0028314389483814484
EWI,2024-10-31,-0.02412738896898403
EWI,2024-11-29,-0.044187183282962006
EWI,2024-12-31,0.004808704871619884
EWI,2025-01-31,0.07172651048539702
EWI,2025-02-28,0.05836556890936939
EWI,2025-03-31,0.03725501201097625
EWI,2025-04-30,0.04465977151286182
EWI,2025-05-30,0.08052471777927739
EWI,2025-06-30,0.025518561564001008
EWI,2025-07-31,0.002285034404040598
EWI,2025-08-29,0.058031031036590575
EWI,2025-09-30,0.01762978592071973
EWI,2025-10-31,-0.002694888821897057
EWI,2025-11-28,0.02161744303972135
EWI,2025-12-31,0.03988142986416987
EWI,2026-01-30,0.028529385673209395
EWI,2026-02-27,0.025948497015136907
EWI,2026-03-31,-0.06820170197901976
EWI,2026-04-30,0.08124292931234756
EWI,2026-05-29,0.027873970068642118
EWI,2026-06-30,0.017499626203764773
EWI,2026-07-31,0.039837892113229634
EWI,2026-08-31,0.011038966266556871
EWI,2026-09-21,-0.01669873348128248
EWJ,2015-01-30,0.020426251968311382
EWJ,2015-02-27,0.07484752923206828
EWJ,2015-03-31,0.014575072473466566
EWJ,2015-04-30,0.026336737774743657
EWJ,2015-05-29,0.014774509850088657
EWJ,2015-06-30,-0.013404829640321969
EWJ,2015-07-31,0.009367515837097384
EWJ,2015-08-31,-0.06264507901572547
EWJ,2015-09-30,-0.05693074759841499
EWJ,2015-10-30,0.07786554066303752
EWJ,2015-11-30,0.004869995991614973
EWJ,2015-12-31,-0.013829376582044417
EWJ,2016-01-29,-0.05115527295895261
EWJ,2016-02-29,-0.05304359275005355
EWJ,2016-03-31,0.04775032075041108
EWJ,2016-04-29,8.764850881897157e-4
EWJ,2016-05-31,0.032399494801255146
EWJ,2016-06-30,-0.016912975172584055
EWJ,2016-07-29,0.04869560360378222
EWJ,2016-08-31,0.018242339700364374
EWJ,2016-09-30,0.021172532563978885
EWJ,2016-10-31,0.007177012624868251
EWJ,2016-11-30,-0.012470503124651033
EWJ,2016-12-30,-0.009229973183349949
EWJ,2017-01-31,0.034997892067648584
EWJ,2017-02-28,0.01305123396561636
EWJ,2017-03-31,0.005270638191245958
EWJ,2017-04-28,0.006990225584263099
EWJ,2017-05-31,0.0275740180228905
EWJ,2017-06-30,0.013238800118422711
EWJ,2017-07-31,0.0206892238286005
EWJ,2017-08-31,-9.127279169183211e-4
EWJ,2017-09-29,0.01827808692665811
EWJ,2017-10-31,0.05277327518443631
EWJ,2017-11-30,0.021483336726609625
EWJ,2017-12-29,0.006961666575606706
EWJ,2018-01-31,0.05022506581470032
EWJ,2018-02-28,-0.029710690958030805
EWJ,2018-03-29,-0.00638610728109934
EWJ,2018-04-30,-6.592180811365589e-4
EWJ,2018-05-31,-0.014841591926471165
EWJ,2018-06-29,-0.023128475668496074
EWJ,2018-07-31,0.010706171525202368
EWJ,2018-08-31,-0.005296112303697975
EWJ,2018-09-28,0.03452395475264991
EWJ,2018-10-31,-0.08949023506857456
EWJ,2018-11-30,0.00911746648674261
EWJ,2018-12-31,-0.07691051719939834
EWJ,2019-01-31,0.07082263486466456
EWJ,2019-02-28,0.0014738661858024749
EWJ,2019-03-29,0.006622636955441186
EWJ,2019-04-30,0.012792342671404056
EWJ,2019-05-31,-0.04871890934556744
EWJ,2019-06-28,0.04470232997797319
EWJ,2019-07-31,-0.004214007366657446
EWJ,2019-08-30,-0.007911595214899925
EWJ,2019-09-30,0.05229986785150742
EWJ,2019-10-31,0.034190831183893655
EWJ,2019-11-29,0.012781109685877645
EWJ,2019-12-31,0.008695645041405742
EWJ,2020-01-31,-0.025151857152224455
EWJ,2020-02-28,-0.08294393170059289
EWJ,2020-03-31,-0.06740926934716529
EWJ,2020-04-30,0.04798512518043796
EWJ,2020-05-29,0.07051803905171394
EWJ,2020-06-30,-9.777301044450182e-4
EWJ,2020-07-31,-0.010742693766536804
EWJ,2020-08-31,0.06791813549127834
EWJ,2020-09-30,0.018097106141927277
EWJ,2020-10-30,-0.01405097395695809
EWJ,2020-11-30,0.10559743979259562
EWJ,2020-12-31,0.05335193789159853
EWJ,2021-01-29,-0.008436840856794303
EWJ,2021-02-26,0.01836081616662999
EWJ,2021-03-31,0.004397456532152733
EWJ,2021-04-30,-0.01605353942053822
EWJ,2021-05-28,0.017205734136336526
EWJ,2021-06-30,-0.007902872515443526
EWJ,2021-07-30,-0.006366452140484813
EWJ,2021-08-31,0.01922192269799705
EWJ,2021-09-30,0.027046723525794292
EWJ,2021-10-29,-0.026334462596739994
EWJ,2021-11-30,-0.030263036326660275
EWJ,2021-12-31,0.02277028369231182
EWJ,2022-01-31,-0.043010825548184806
EWJ,2022-02-28,-0.017790303313604094
EWJ,2022-03-31,-0.021131184793087177
EWJ,2022-04-29,-0.08099329441818193
EWJ,2022-05-31,0.017308233112564908
EWJ,2022-06-30,-0.07390224250140698
EWJ,2022-07-29,0.06284304866004731
EWJ,2022-08-31,-0.04559219003404835
EWJ,2022-09-30,-0.0884493454886669
EWJ,2022-10-31,0.02333690848762715
EWJ,2022-11-30,0.11622292098434173
EWJ,2022-12-30,-0.02217804390135969
EWJ,2023-01-31,0.07770016561247184
EWJ,2023-02-28,-0.04653143586554642
EWJ,2023-03-31,0.0491597942557509
EWJ,2023-04-28,0.0025559266012129545
EWJ,2023-05-31,0.0084974415455068009
EWJ,2023-06-30,0.05032246283608144
EWJ,2023-07-31,0.024555541340270715
EWJ,2023-08-31,-0.028066903972409407
EWJ,2023-09-29,-0.021901217407930162
EWJ,2023-10-31,-0.022060095411498448
EWJ,2023-11-30,0.06190634999451228
EWJ,2023-12-29,0.03881016828655692
EWJ,2024-01-31,0.03227317914386196
EWJ,2024-02-29,0.04395101103930754
EWJ,2024-03-28,0.03226257309962355
EWJ,2024-04-30,-0.05718279612690946
EWJ,2024-05-31,0.025271362463675784
EWJ,2024-06-28,-0.0032676666185088576
EWJ,2024-07-31,0.04000606532401729
EWJ,2024-08-30,0.014090384648500986
EWJ,2024-09-30,-0.00597467420104747
EWJ,2024-10-31,-0.04850442041571845
EWJ,2024-11-29,0.023799000684112892
EWJ,2024-12-31,-0.02212464752514398
EWJ,2025-01-31,0.018032795705031246
EWJ,2025-02-28,0.0023420925457147135
EWJ,2025-03-31,0.0013145903832441075
EWJ,2025-04-30,0.041861187863889926
EWJ,2025-05-30,0.037659120354647024
EWJ,2025-06-30,0.019655671818987308
EWJ,2025-07-31,-0.018007146048385603
EWJ,2025-08-29,0.06329786705073093
EWJ,2025-09-30,0.02465514484318132
EWJ,2025-10-31,0.04039391868851716
EWJ,2025-11-28,-0.005272501752970893
EWJ,2025-12-31,0.009046999705594638
EWJ,2026-01-30,0.06167954515311491
EWJ,2026-02-27,0.07757819933034904
EWJ,2026-03-31,-0.08585037239358739
EWJ,2026-04-30,0.05518703775857192
EWJ,2026-05-29,0.04332212264660584
EWJ,2026-06-30,0.008786156893088926
EWJ,2026-07-31,-0.009434944624106878
EWJ,2026-08-31,0.037774628063917515
EWJ,2026-09-21,0.021693803615336904
EWL,2015-01-30,0.0069775141289536435
EWL,2015-02-27,0.049448780250412216
EWL,2015-03-31,-0.0033016298187014126
EWL,2015-04-30,0.040048316313473054
EWL,2015-05-29,0.024898691568643105
EWL,2015-06-30,-0.052940284147492855
EWL,2015-07-31,0.04122118938526542
EWL,2015-08-31,-0.06686205077555052
EWL,2015-09-30,-0.038654867996400055
EWL,2015-10-30,0.038574529282956904
EWL,2015-11-30,-0.027698972082605633
EWL,2015-12-31,0.004855996236562188
EWL,2016-01-29,-0.06056717893375019
EWL,2016-02-29,-0.028463421644810305
EWL,2016-03-31,0.04941729665331329
EWL,2016-04-29,0.029599850476060396
EWL,2016-05-31,-0.002286766970373333
EWL,2016-06-30,-0.0033215830999656637
EWL,2016-07-29,0.018886997074577083
EWL,2016-08-31,-9.930325749392122e-4
EWL,2016-09-30,0.012259833267193931
EWL,2016-10-31,-0.05040936203284885
EWL,2016-11-30,-0.022750570768232947
EWL,2016-12-30,0.039794040851073964
EWL,2017-01-31,0.04310925797846066
EWL,2017-02-28,0.010088025463458994
EWL,2017-03-31,0.030283506894795753
EWL,2017-04-28,0.03939946274188055
EWL,2017-05-31,0.05084245879688054
EWL,2017-06-30,0.003133341928729605
EWL,2017-07-31,0.004663368041491145
EWL,2017-08-31,-0.004641721983535629
EWL,2017-09-29,0.020985122958110836
EWL,2017-10-31,-0.014273599874191634
EWL,2017-11-30,0.013032098629125244
EWL,2017-12-29,0.017152727536071888
EWL,2018-01-31,0.04468799191297701
EWL,2018-02-28,-0.0605326525977663
EWL,2018-03-29,-0.01575018524559635
EWL,2018-04-30,-0.009601294130735738
EWL,2018-05-31,-0.022620537780931427
EWL,2018-06-29,0.003619038585533474
EWL,2018-07-31,0.06507065636691234
EWL,2018-08-31,0.0020171999927933726
EWL,2018-09-28,-0.0023006938233767205
EWL,2018-10-31,-0.04583478088934889
EWL,2018-11-30,0.0033232959395606
EWL,2018-12-31,-0.05088823762189454
EWL,2019-01-31,0.05710664959382106
EWL,2019-02-28,0.037515089385852685
EWL,2019-03-29,0.023141133582629037
EWL,2019-04-30,0.0234665818594173
EWL,2019-05-31,-0.006629859448823439
EWL,2019-06-28,0.06593251377248177
EWL,2019-07-31,-0.01038348959219082
EWL,2019-08-30,0.008071087884253814
EWL,2019-09-30,0.006138376688411329
EWL,2019-10-31,0.02334212874375985
EWL,2019-11-29,0.008294508918238686
EWL,2019-12-31,0.044729990449212
EWL,2020-01-31,0.0024606130257676107
EWL,2020-02-28,-0.07020143768321674
EWL,2020-03-31,-0.0665257148040087
EWL,2020-04-30,0.04298656273407042
EWL,2020-05-29,0.03877419212206634
EWL,2020-06-30,0.03367272682575839
EWL,2020-07-31,0.04029762432998951
EWL,2020-08-31,0.029607809559331066
EWL,2020-09-30,-0.015815997060874
EWL,2020-10-30,-0.05210616486824016
EWL,2020-11-30,0.09247368249389987
EWL,2020-12-31,0.051108082791798015
EWL,2021-01-29,-0.014548129493993534
EWL,2021-02-26,-0.018169246287681795
EWL,2021-03-31,0.022669387663617035
EWL,2021-04-30,0.047048259802557224
EWL,2021-05-28,0.052711032379898715
EWL,2021-06-30,0.016415416604455668
EWL,2021-07-30,0.033107099023006015
EWL,2021-08-31,0.011942659815972423
EWL,2021-09-30,-0.08379230735283294
EWL,2021-10-29,0.06977238495100213
EWL,2021-11-30,-0.009030672404567675
EWL,2021-12-31,0.06784128238472831
EWL,2022-01-31,-0.06447947374147878
EWL,2022-02-28,-0.028177452457242347
EWL,2022-03-31,0.024196733529658898
EWL,2022-04-29,-0.05498970861773811
EWL,2022-05-31,-0.018318979496986243
EWL,2022-06-30,-0.07003800829439899
EWL,2022-07-29,0.047194907168678135
EWL,2022-08-31,-0.06622224955228051
EWL,2022-09-30,-0.077813351371259
EWL,2022-10-31,0.04432572608163432
EWL,2022-11-30,0.09665046878874706
EWL,2022-12-30,-0.022382855729195295
EWL,2023-01-31,0.07917951544560209
EWL,2023-02-28,-0.04154683079688981
EWL,2023-03-31,0.04496187470084512
EWL,2023-04-28,0.061121014848563915
EWL,2023-05-31,-0.037845774922870334
EWL,2023-06-30,0.0207937346931093
EWL,2023-07-31,0.03246060013375751
EWL,2023-08-31,-0.033116651207507064
EWL,2023-09-29,-0.05549546682379891
EWL,2023-10-31,-0.037870219932853555
EWL,2023-11-30,0.08349254967684772
EWL,2023-12-29,0.0627476680444572
EWL,2024-01-31,-0.01574475866206404
EWL,2024-02-29,-0.014523292177390679
EWL,2024-03-28,0.016659597928810888
EWL,2024-04-30,-0.04705884049461373
EWL,2024-05-31,0.08377428372340279
EWL,2024-06-28,0.0010738227251245736
EWL,2024-07-31,0.045841213862379826
EWL,2024-08-30,0.04819505274694991
EWL,2024-09-30,-0.014191022079754756
EWL,2024-10-31,-0.0527831436492292
EWL,2024-11-29,-0.023505509847770334
EWL,2024-12-31,-0.04627523133675826
EWL,2025-01-31,0.07854661053999878
EWL,2025-02-28,0.04357474354455704
EWL,2025-03-31,0.0011598706915074697
EWL,2025-04-30,0.0399690652148561
EWL,2025-05-30,0.024508029857498226
EWL,2025-06-30,0.012043670725379929
EWL,2025-07-31,-0.038131696397583514
EWL,2025-08-29,0.04950680236667715
EWL,2025-09-30,-0.0016266080321586385
EWL,2025-10-31,0.0021723676882179355
EWL,2025-11-28,0.04443640802727278
EWL,2025-12-31,0.03701135637203068
EWL,2026-01-30,0.026350937983712575
EWL,2026-02-27,0.05752359910095772
EWL,2026-03-31,-0.09634299865830298
EWL,2026-04-30,0.04353001713340987
EWL,2026-05-29,0.028678486994495378
EWL,2026-06-30,0.013172425303227708
EWL,2026-07-31,0.004932400649439339
EWL,2026-08-31,-0.00569981968368094
EWL,2026-09-21,-0.0316878644577302
EWM,2015-01-30,-0.015186015427017363
EWM,2015-02-27,0.0462605598566983
EWM,2015-03-31,-0.020633762804561973
EWM,2015-04-30,0.02407820374590952
EWM,2015-05-29,-0.05657582494902669
EWM,2015-06-30,-0.04457295708908693
EWM,2015-07-31,0.003302833637337521
EWM,2015-08-31,-0.16131660165251294
EWM,2015-09-30,-0.02747792010152017
EWM,2015-10-30,0.03834487822890709
EWM,2015-11-30,0.030126749322457735
EWM,2015-12-31,-0.00318543323331566
EWM,2016-01-29,0.047803555536382936
EWM,2016-02-29,-0.0345252806356543
EWM,2016-03-31,0.1379311271838286
EWM,2016-04-29,-0.04040390133825922
EWM,2016-05-31,-0.07368439193276755
EWM,2016-06-30,0.06029406980159657
EWM,2016-07-29,-0.009650154353201046
EWM,2016-08-31,-0.0036539938556067186
EWM,2016-09-30,-0.008557575010069485
EWM,2016-10-31,-0.01602971467770531
EWM,2016-11-30,-0.08239314664469954
EWM,2016-12-30,0.0014376109999405529
EWM,2017-01-31,0.04061266822803966
EWM,2017-02-28,0.009585845967832629
EWM,2017-03-31,0.03357079011815167
EWM,2017-04-28,0.039697943659873
EWM,2017-05-31,0.0066267353396398665
EWM,2017-06-30,0.004816396539176315
EWM,2017-07-31,-6.306649133555053e-4
EWM,2017-08-31,0.00788897128954913
EWM,2017-09-29,0.01408879670630192
EWM,2017-10-31,-0.007100970043677934
EWM,2017-11-30,0.018656981819903162
EWM,2017-12-29,0.05318338267468392
EWM,2018-01-31,0.08007291789469906
EWM,2018-02-28,-0.017691866315791005
EWM,2018-03-29,0.033161696339730984
EWM,2018-04-30,-0.02988358012044212
EWM,2018-05-31,-0.0684541037827634
EWM,2018-06-29,-0.02637379859536315
EWM,2018-07-31,0.0596536386065305
EWM,2018-08-31,-0.016041254855450937
EWM,2018-09-28,-0.004921528026956001
EWM,2018-10-31,-0.0652241077114738
EWM,2018-11-30,-0.005952412481770808
EWM,2018-12-31,0.0078933463611921
EWM,2019-01-31,0.033254921811844085
EWM,2019-02-28,-0.006501948472860342
EWM,2019-03-29,-0.0202880741060959
EWM,2019-04-30,-0.00768192482190766
EWM,2019-05-31,-0.003029303136667827
EWM,2019-06-28,0.021815515307710864
EWM,2019-07-31,-0.028254125925510798
EWM,2019-08-30,-0.033575694686533986
EWM,2019-09-30,-0.002507199904651647
EWM,2019-10-31,0.009694935344628286
EWM,2019-11-29,-0.020626013310021896
EWM,2019-12-31,0.04684894994700772
EWM,2020-01-31,-0.0589266746242364
EWM,2020-02-28,-0.050689570711072385
EWM,2020-03-31,-0.08912436030594983
EWM,2020-04-30,0.015086222902460644
EWM,2020-05-29,0.0658174049532001
EWM,2020-06-30,0.025327028510733207
EWM,2020-07-31,0.08330014910976846
EWM,2020-08-31,-0.02856089117201699
EWM,2020-09-30,-0.012815613319277497
EWM,2020-10-30,-0.03169147486791102
EWM,2020-11-30,0.09345438275956819
EWM,2020-12-31,0.03858632317115096
EWM,2021-01-29,-0.06076396741791501
EWM,2021-02-26,0.005545409638015197
EWM,2021-03-31,-0.003676435243927134
EWM,2021-04-30,0.02583000906316113
EWM,2021-05-28,-0.01438835386813142
EWM,2021-06-30,-0.03840070711980037
EWM,2021-07-30,-0.033281123968970316
EWM,2021-08-31,0.07492916744519174
EWM,2021-09-30,-0.04521482433330004
EWM,2021-10-29,0.035516922853641164
EWM,2021-11-30,-0.05221026685909058
EWM,2021-12-31,0.039421667421335016
EWM,2022-01-31,-0.021973844146684685
EWM,2022-02-28,0.05923203184022152
EWM,2022-03-31,-0.012340831743199554
EWM,2022-04-29,-0.031237881965035963
EWM,2022-05-31,-0.025795959904267085
EWM,2022-06-30,-0.07351688993213601
EWM,2022-07-29,0.029157131004627468
EWM,2022-08-31,-0.011952079763920875
EWM,2022-09-30,-0.09543009949315218
EWM,2022-10-31,0.03863285029858532
EWM,2022-11-30,0.08249897010434548
EWM,2022-12-30,0.015947196840967015
EWM,2023-01-31,0.04115591033049992
EWM,2023-02-28,-0.08578648143354439
EWM,2023-03-31,0.01977932551071304
EWM,2023-04-28,-0.01804246992742564
EWM,2023-05-31,-0.057418357784384866
EWM,2023-06-30,-0.007202924362591512
EWM,2023-07-31,0.09695146015885081
EWM,2023-08-31,-0.03963563033211548
EWM,2023-09-29,-0.02324469828720721
EWM,2023-10-31,0.001942721438419781
EWM,2023-11-30,0.029568593431891887
EWM,2023-12-29,0.01806093209494186
EWM,2024-01-31,-0.005176397249946119
EWM,2024-02-29,0.027909076146284795
EWM,2024-03-28,0.002761313061126147
EWM,2024-04-30,0.01422660205908377
EWM,2024-05-31,0.03936652482645231
EWM,2024-06-28,-0.006536990565052858
EWM,2024-07-31,0.055209275185350126
EWM,2024-08-30,0.09367084321323493
EWM,2024-09-30,0.04359566899694611
EWM,2024-10-31,-0.08909421323162647
EWM,2024-11-29,-0.0012176910186497691
EWM,2024-12-31,0.015249519616720164
EWM,2025-01-31,-0.045250735436972556
EWM,2025-02-28,0.010674597430684996
EWM,2025-03-31,-0.024926067364155702
EWM,2025-04-30,0.04722713253646926
EWM,2025-05-30,-0.008688634689091868
EWM,2025-06-30,0.037586736205997395
EWM,2025-07-31,-0.03492193719154624
EWM,2025-08-29,0.0587485239127814
EWM,2025-09-30,0.042219510916804204
EWM,2025-10-31,-0.0027006662727065978
EWM,2025-11-28,0.0224371082043342
EWM,2025-12-31,0.051686648500750554
EWM,2026-01-30,0.06652046346684748
EWM,2026-02-27,0.0013707094522306118
EWM,2026-03-31,-0.027720670880172937
EWM,2026-04-30,0.03379090154025799
EWM,2026-05-29,-0.027238698695676855
EWM,2026-06-30,-0.03713772035527385
EWM,2026-07-31,0.041929466744970556
EWM,2026-08-31,0.011039867050735674
EWM,2026-09-21,-0.0257132637523938
EWN,2015-01-30,0.007983396296104672
EWN,2015-02-27,0.06669439372711472
EWN,2015-03-31,-0.012114015773754927
EWN,2015-04-30,0.032832056107888974
EWN,2015-05-29,0.01761783386237581
EWN,2015-06-30,-0.0216961965108724
EWN,2015-07-31,0.03152991911026182
EWN,2015-08-31,-0.07660394789719815
EWN,2015-09-30,-0.04372682730105948
EWN,2015-10-30,0.06837604540638265
EWN,2015-11-30,-0.010800401737715903
EWN,2015-12-31,-0.0300577155005598
EWN,2016-01-29,-0.01971435511794284
EWN,2016-02-29,-0.026957519156511678
EWN,2016-03-31,0.08179388508427143
EWN,2016-04-29,0.004877804718168788
EWN,2016-05-31,0.007686220097852692
EWN,2016-06-30,-0.057202458115503285
EWN,2016-07-29,0.04017277852778767
EWN,2016-08-31,0.03156159992221985
EWN,2016-09-30,0.008856308638893307
EWN,2016-10-31,-0.023144077344550373
EWN,2016-11-30,-0.03880716004434903
EWN,2016-12-30,0.039623797541678885
EWN,2017-01-31,0.024430307095824277
EWN,2017-02-28,0.028698806215520012
EWN,2017-03-31,0.05343802647147289
EWN,2017-04-28,0.04737030672439824
EWN,2017-05-31,0.048789129760328676
EWN,2017-06-30,-0.0057680192315497925
EWN,2017-07-31,0.06256473566755116
EWN,2017-08-31,-0.0032530131896553183
EWN,2017-09-29,0.024477789431113894
EWN,2017-10-31,0.009875941224597229
EWN,2017-11-30,-0.005362931744770205
EWN,2017-12-29,0.012046639179734697
EWN,2018-01-31,0.05798936784446229
EWN,2018-02-28,-0.05242779533138664
EWN,2018-03-29,0.005029736738840773
EWN,2018-04-30,0.005004852658897718
EWN,2018-05-31,-0.024276446747051428
EWN,2018-06-29,-0.011161319118038637
EWN,2018-07-31,0.039659021840461106
EWN,2018-08-31,-0.021437415686532124
EWN,2018-09-28,-0.02738415383065962
EWN,2018-10-31,-0.0798276843216934
EWN,2018-11-30,0.023398056513221244
EWN,2018-12-31,-0.07045646007295137
EWN,2019-01-31,0.07718630960650086
EWN,2019-02-28,0.046240704416229184
EWN,2019-03-29,0.00843457112377255
EWN,2019-04-30,0.06189365833231664
EWN,2019-05-31,-0.06584744376666829
EWN,2019-06-28,0.06566205829942673
EWN,2019-07-31,-3.2445596450736414e-4
EWN,2019-08-30,-0.007460205431462308
EWN,2019-09-30,0.02483661989205821
EWN,2019-10-31,0.01977052032088089
EWN,2019-11-29,0.019387018679134282
EWN,2019-12-31,0.042970094576279205
EWN,2020-01-31,-0.03455396434847713
EWN,2020-02-28,-0.06882827076357767
EWN,2020-03-31,-0.1461893489184679
EWN,2020-04-30,0.09503639641441786
EWN,2020-05-29,0.07940979939788528
EWN,2020-06-30,0.07122680160942085
EWN,2020-07-31,0.038214711004418866
EWN,2020-08-31,0.04063613021002377
EWN,2020-09-30,-0.014431274706081076
EWN,2020-10-30,-0.024978514170344135
EWN,2020-11-30,0.1457596229443816
EWN,2020-12-31,0.06590824380998206
EWN,2021-01-29,0.023706087557906708
EWN,2021-02-26,0.040169912747646475
EWN,2021-03-31,0.048387317597557766
EWN,2021-04-30,0.041603449570114304
EWN,2021-05-28,0.02974825960369265
EWN,2021-06-30,-0.014694947465989872
EWN,2021-07-30,0.031166146193744027
EWN,2021-08-31,0.059847884238771076
EWN,2021-09-30,-0.06987714420907476
EWN,2021-10-29,0.05786785462884514
EWN,2021-11-30,-0.05623803960459561
EWN,2021-12-31,0.02511749613937808
EWN,2022-01-31,-0.07606536162847277
EWN,2022-02-28,-0.07693961052413512
EWN,2022-03-31,-0.011674280792724145
EWN,2022-04-29,-0.09213319551308308
EWN,2022-05-31,0.027582705963843157
EWN,2022-06-30,-0.1009013656320693
EWN,2022-07-29,0.08528230617876065
EWN,2022-08-31,-0.09960585085187756
EWN,2022-09-30,-0.10770577716835994
EWN,2022-10-31,0.07131171281889492
EWN,2022-11-30,0.19022915519683048
EWN,2022-12-30,-0.03857857281772614
EWN,2023-01-31,0.1331898225382504
EWN,2023-02-28,-0.033175292081626395
EWN,2023-03-31,0.034313657698151534
EWN,2023-04-28,0.00284358506049176
EWN,2023-05-31,-0.010633356795193505
EWN,2023-06-30,0.04520155659710845
EWN,2023-07-31,0.03234751724871843
EWN,2023-08-31,-0.0767680927031189
EWN,2023-09-29,-0.07830314481574185
EWN,2023-10-31,-0.01499203655877257
EWN,2023-11-30,0.12630173873553696
EWN,2023-12-29,0.06594255982939745
EWN,2024-01-31,0.020389805458491672
EWN,2024-02-29,0.048309309856109595
EWN,2024-03-28,0.036447235316339865
EWN,2024-04-30,-0.034559283195311985
EWN,2024-05-31,0.071592933954153
EWN,2024-06-28,-0.0077841915913902104
EWN,2024-07-31,-0.015926700197789745
EWN,2024-08-30,0.027513657213957377
EWN,2024-09-30,0.0013782691132417924
EWN,2024-10-31,-0.08238307206992657
EWN,2024-11-29,-0.023569690101346796
EWN,2024-12-31,-0.015239482711601693
EWN,2025-01-31,0.04180713606401465
EWN,2025-02-28,0.017691380088711295
EWN,2025-03-31,-0.009327897351114278
EWN,2025-04-30,0.045367035964232194
EWN,2025-05-30,0.08188327016374308
EWN,2025-06-30,0.0450596381397903
EWN,2025-07-31,-0.05944958022256974
EWN,2025-08-29,0.033944602477412156
EWN,2025-09-30,0.09452823299394941
EWN,2025-10-31,0.013618423415619585
EWN,2025-11-28,-0.010714315591490942
EWN,2025-12-31,0.017834924408954844
EWN,2026-01-30,0.09188145781768275
EWN,2026-02-27,0.00851129665896333
EWN,2026-03-31,-0.08423566760795642
EWN,2026-04-30,0.09041904933249412
EWN,2026-05-29,0.06904799272948181
EWN,2026-06-30,0.05951099054282616
EWN,2026-07-31,-0.05004260486676004
EWN,2026-08-31,0.022448368854395273
EWN,2026-09-21,-0.00687940899886641
EWP,2015-01-30,-0.06718118629810887
EWP,2015-02-27,0.07171328456803172
EWP,2015-03-31,-0.005433308175668561
EWP,2015-04-30,0.03277754197975424
EWP,2015-05-29,-0.03062358457090164
EWP,2015-06-30,-0.020924577356804863
EWP,2015-07-31,0.021162323047491993
EWP,2015-08-31,-0.06509041011423966
EWP,2015-09-30,-0.07399318270376132
EWP,2015-10-30,0.06035074803120555
EWP,2015-11-30,-0.031796523687038
EWP,2015-12-31,-0.05470800533042264
EWP,2016-01-29,-0.06756280657497138
EWP,2016-02-29,-0.05007572122761572
EWP,2016-03-31,0.08546314305628333
EWP,2016-04-29,0.061074338342300694
EWP,2016-05-31,-0.031206577868976626
EWP,2016-06-30,-0.08744188891901727
EWP,2016-07-29,0.05124112157610505
EWP,2016-08-31,0.009139384792565153
EWP,2016-09-30,0.012075450776389607
EWP,2016-10-31,0.023489981643435742
EWP,2016-11-30,-0.08306009503254164
EWP,2016-12-30,0.08041814990082474
EWP,2017-01-31,0.03658981736413658
EWP,2017-02-28,-0.006550348659792982
EWP,2017-03-31,0.11391962686257728
EWP,2017-04-28,0.049654775298183074
EWP,2017-05-31,0.045425918393899645
EWP,2017-06-30,-0.006644184275407472
EWP,2017-07-31,0.039281529007270555
EWP,2017-08-31,-0.012305828034912092
EWP,2017-09-29,8.89982260702693e-4
EWP,2017-10-31,0.002963693306166748
EWP,2017-11-30,-0.0059102472916721105
EWP,2017-12-29,-0.008657248811202445
EWP,2018-01-31,0.08666450923977553
EWP,2018-02-28,-0.07750653641093153
EWP,2018-03-29,-0.010349906464880654
EWP,2018-04-30,0.02306981334454483
EWP,2018-05-31,-0.082681685207319
EWP,2018-06-29,0.010016586475224853
EWP,2018-07-31,0.04019769304060494
EWP,2018-08-31,-0.05859996018078606
EWP,2018-09-28,-0.003701311805253571
EWP,2018-10-31,-0.06484287450315052
EWP,2018-11-30,0.029252626339833165
EWP,2018-12-31,-0.041088177893020994
EWP,2019-01-31,0.068605483619113
EWP,2019-02-28,0.014654549248248383
EWP,2019-03-29,-0.016162182602265873
EWP,2019-04-30,0.047885365452365436
EWP,2019-05-31,-0.061374293729783425
EWP,2019-06-28,0.041682820153818634
EWP,2019-07-31,-0.0508475470029105
EWP,2019-08-30,-0.026239051870453056
EWP,2019-09-30,0.041916172468965396
EWP,2019-10-31,0.02729877718487539
EWP,2019-11-29,-0.008041801108258695
EWP,2019-12-31,0.04360150919291317
EWP,2020-01-31,-0.03146608353828917
EWP,2020-02-28,-0.06140657206828615
EWP,2020-03-31,-0.22708253220481334
EWP,2020-04-30,0.022145753929604384
EWP,2020-05-29,0.04573893144274144
EWP,2020-06-30,0.04394631102834512
EWP,2020-07-31,0.008014351992613467
EWP,2020-08-31,0.022526487603183876
EWP,2020-09-30,-0.06004327674768317
EWP,2020-10-30,-0.03446693712392923
EWP,2020-11-30,0.2741554521002356
EWP,2020-12-31,0.02796910020994625
EWP,2021-01-29,-0.0377219859759762
EWP,2021-02-26,0.03881628739746579
EWP,2021-03-31,0.013318327506608663
EWP,2021-04-30,0.055859998364582886
EWP,2021-05-28,0.06293223533476322
EWP,2021-06-30,-0.06229538171936233
EWP,2021-07-30,-0.022519229552997566
EWP,2021-08-31,0.011878889101433643
EWP,2021-09-30,-0.0405549335702482
EWP,2021-10-29,0.04820174510499342
EWP,2021-11-30,-0.10222856702820216
EWP,2021-12-31,0.05305213869953107
EWP,2022-01-31,0.004187061104826473
EWP,2022-02-28,-0.03032589606234226
EWP,2022-03-31,-0.004691061869990021
EWP,2022-04-29,-0.03495696408888527
EWP,2022-05-31,0.06837617831171316
EWP,2022-06-30,-0.09871884598235725
EWP,2022-07-29,-0.016294939886893345
EWP,2022-08-31,-0.051002627768723885
EWP,2022-09-30,-0.08957299489843573
EWP,2022-10-31,0.10595378489012686
EWP,2022-11-30,0.11815685902977613
EWP,2022-12-30,0.0017553097502125414
EWP,2023-01-31,0.11290314906976007
EWP,2023-02-28,0.018580471014544298
EWP,2023-03-31,0.01678221193103635
EWP,2023-04-28,0.025116559444361197
EWP,2023-05-31,-0.054252690659616576
EWP,2023-06-30,0.08326463340097146
EWP,2023-07-31,0.015224936815991796
EWP,2023-08-31,-0.029311430725283083
EWP,2023-09-29,-0.03441018460930101
EWP,2023-10-31,-0.02690905107885555
EWP,2023-11-30,0.14050821781832679
EWP,2023-12-29,0.018929596995601816
EWP,2024-01-31,-0.03527111511783099
EWP,2024-02-29,-0.009478705218024075
EWP,2024-03-28,0.09945318360172295
EWP,2024-04-30,-0.02766554125765408
EWP,2024-05-31,0.07608711917606326
EWP,2024-06-28,-0.05702192663032046
EWP,2024-07-31,0.038744806322950076
EWP,2024-08-30,0.04469789170026517
EWP,2024-09-30,0.04131034455803473
EWP,2024-10-31,-0.03882143346327549
EWP,2024-11-29,-0.035082518902195936
EWP,2024-12-31,-0.02706491083295015
EWP,2025-01-31,0.0624799259361033
EWP,2025-02-28,0.09366488283638041
EWP,2025-03-31,0.05487787886234319
EWP,2025-04-30,0.06673674969291699
EWP,2025-05-30,0.0662562532031945
EWP,2025-06-30,0.0286048384772164
EWP,2025-07-31,0.015671143473253046
EWP,2025-08-29,0.06686041990412517
EWP,2025-09-30,0.03751837624081067
EWP,2025-10-31,0.013535255274698565
EWP,2025-11-28,0.02969911688244964
EWP,2025-12-31,0.058050533816329075
EWP,2026-01-30,0.04414766413836424
EWP,2026-02-27,0.016876907643380124
EWP,2026-03-31,-0.05118801115341687
EWP,2026-04-30,0.04345420855802162
EWP,2026-05-29,0.021881079939509718
EWP,2026-06-30,0.041958404202760535
EWP,2026-07-31,0.03519111254532481
EWP,2026-08-31,0.01496424838146826
EWP,2026-09-21,-0.015705181618099195
EWQ,2015-01-30,0.01753650150898678
EWQ,2015-02-27,0.06212427236687268
EWQ,2015-03-31,-0.019622417592968233
EWQ,2015-04-30,0.04541962688505086
EWQ,2015-05-29,-0.008468236626112069
EWQ,2015-06-30,-0.02837247482447558
EWQ,2015-07-31,0.04080860233393824
EWQ,2015-08-31,-0.06572071546035319
EWQ,2015-09-30,-0.03796976700845267
EWQ,2015-10-30,0.07145830735211844
EWQ,2015-11-30,-0.02326480581617163
EWQ,2015-12-31,-0.035389754906879345
EWQ,2016-01-29,-0.038000837434614354
EWQ,2016-02-29,-0.025333102453507617
EWQ,2016-03-31,0.06519850108042147
EWQ,2016-04-29,0.023573173995864893
EWQ,2016-05-31,-0.002020149067517907
EWQ,2016-06-30,-0.050238356751945434
EWQ,2016-07-29,0.047223431627793744
EWQ,2016-08-31,-0.003340161007238218
EWQ,2016-09-30,0.012148975076591517
EWQ,2016-10-31,-0.004553007475906812
EWQ,2016-11-30,-0.024948081341698902
EWQ,2016-12-30,0.05580146463820079
EWQ,2017-01-31,0.013781675340911237
EWQ,2017-02-28,-0.003998429436440243
EWQ,2017-03-31,0.06423129849030174
EWQ,2017-04-28,0.05695952211333899
EWQ,2017-05-31,0.0488935428278825
EWQ,2017-06-30,-0.004684173675734038
EWQ,2017-07-31,0.023644065769673928
EWQ,2017-08-31,0.008831456782717462
EWQ,2017-09-29,0.0404037774199435
EWQ,2017-10-31,0.015857700035120992
EWQ,2017-11-30,-9.556637453050909e-4
EWQ,2017-12-29,-0.0014365003156053824
EWQ,2018-01-31,0.06758506554522636
EWQ,2018-02-28,-0.051005226472828014
EWQ,2018-03-29,-0.0072715902075990435
EWQ,2018-04-30,0.04076451343632037
EWQ,2018-05-31,-0.02631585018072069
EWQ,2018-06-29,-0.021042606057349866
EWQ,2018-07-31,0.039318475695027555
EWQ,2018-08-31,-0.022068074904719515
EWQ,2018-09-28,0.011927704531939254
EWQ,2018-10-31,-0.09493472331177999
EWQ,2018-11-30,-0.011615529731525798
EWQ,2018-12-31,-0.05119614102782433
EWQ,2019-01-31,0.0614631602999709
EWQ,2019-02-28,0.04262878968703476
EWQ,2019-03-29,0.004088571273188846
EWQ,2019-04-30,0.04818447494478928
EWQ,2019-05-31,-0.06118486684005031
EWQ,2019-06-28,0.08321092391691476
EWQ,2019-07-31,-0.028058727372265002
EWQ,2019-08-30,-0.010070589127250007
EWQ,2019-09-30,0.0220412806817043
EWQ,2019-10-31,0.036164841372084755
EWQ,2019-11-29,0.01376873670714418
EWQ,2019-12-31,0.03538884450963309
EWQ,2020-01-31,-0.040048757956223535
EWQ,2020-02-28,-0.0786624791433379
EWQ,2020-03-31,-0.18976818227423264
EWQ,2020-04-30,0.044368556973971573
EWQ,2020-05-29,0.059232099971890495
EWQ,2020-06-30,0.06443746113968407
EWQ,2020-07-31,0.01932909899521551
EWQ,2020-08-31,0.04686936502529959
EWQ,2020-09-30,-0.04511272595445681
EWQ,2020-10-30,-0.045454564114673524
EWQ,2020-11-30,0.218222767247094
EWQ,2020-12-31,0.028760875589783907
EWQ,2021-01-29,-0.026157407439181712
EWQ,2021-02-26,0.045693064809729345
EWQ,2021-03-31,0.0283437482076776
EWQ,2021-04-30,0.06172846950081623
EWQ,2021-05-28,0.05408305971206917
EWQ,2021-06-30,-0.01817376442025531
EWQ,2021-07-30,0.012945746273250291
EWQ,2021-08-31,0.008607147605627308
EWQ,2021-09-30,-0.03697948909675941
EWQ,2021-10-29,0.05558526379104545
EWQ,2021-11-30,-0.038666762076909444
EWQ,2021-12-31,0.05694021950817363
EWQ,2022-01-31,-0.025463284298276267
EWQ,2022-02-28,-0.06756378513467509
EWQ,2022-03-31,0
EWQ,2022-04-29,-0.0673648549127247
EWQ,2022-05-31,0.04097113210465331
EWQ,2022-06-30,-0.09994021747870241
EWQ,2022-07-29,0.06531158463449449
EWQ,2022-08-31,-0.07288082817771369
EWQ,2022-09-30,-0.09581644011648172
EWQ,2022-10-31,0.1078359415888086
EWQ,2022-11-30,0.13775671467382256
EWQ,2022-12-30,-0.015959353379574992
EWQ,2023-01-31,0.1159419526137595
EWQ,2023-02-28,-0.01190466729713191
EWQ,2023-03-31,0.03504918630884424
EWQ,2023-04-28,0.04682557254066144
EWQ,2023-05-31,-0.06494819919256489
EWQ,2023-06-30,0.06450610483928965
EWQ,2023-07-31,0.016091556990642797
EWQ,2023-08-31,-0.038058736096015955
EWQ,2023-09-29,-0.05496539831605318
EWQ,2023-10-31,-0.0320315874900603
EWQ,2023-11-30,0.0905660165251414
EWQ,2023-12-29,0.04957491790642932
EWQ,2024-01-31,-0.01046456713535382
EWQ,2024-02-29,0.03714212594912625
EWQ,2024-03-28,0.029843206964234703
EWQ,2024-04-30,-0.033083612636297555
EWQ,2024-05-31,0.041458431050747535
EWQ,2024-06-28,-0.07328271784494622
EWQ,2024-07-31,0.019322424428010576
EWQ,2024-08-30,0.03557516477793565
EWQ,2024-09-30,0.013039053665203415
EWQ,2024-10-31,-0.061633614592361274
EWQ,2024-11-29,-0.04378798852912347
EWQ,2024-12-31,-0.0027958392377374075
EWQ,2025-01-31,0.07664419397534328
EWQ,2025-02-28,0.02355695451963613
EWQ,2025-03-31,0.006575612486362736
EWQ,2025-04-30,0.031155737528792304
EWQ,2025-05-30,0.03533146396855158
EWQ,2025-06-30,0.030243602827229044
EWQ,2025-07-31,-0.020093531404873355
EWQ,2025-08-29,0.015498346325763857
EWQ,2025-09-30,0.031462852299387833
EWQ,2025-10-31,0.007967138480301283
EWQ,2025-11-28,0.006549274123226256
EWQ,2025-12-31,0.01454329939065957
EWQ,2026-01-30,0.008001651550603173
EWQ,2026-02-27,0.05556788098776999
EWQ,2026-03-31,-0.0937957088481356
EWQ,2026-04-30,0.044951677642063315
EWQ,2026-05-29,0.014118653036040207
EWQ,2026-06-30,0.011845503013946823
EWQ,2026-07-31,0.024653289112066545
EWQ,2026-08-31,-0.014822741955270446
EWQ,2026-09-21,-0.03576099799000554
EWS,2015-01-30,-0.015420051239231625
EWS,2015-02-27,0.003915192266943368
EWS,2015-03-31,-0.0015601495729641313
EWS,2015-04-30,0.0687502369425832
EWS,2015-05-29,-0.05847980776149775
EWS,2015-06-30,-0.010290033776843899
EWS,2015-07-31,-0.04216415928634054
EWS,2015-08-31,-0.12126215237923288
EWS,2015-09-30,-0.03875267351472178
EWS,2015-10-30,0.0934120116350523
EWS,2015-11-30,-0.05485613353496355
EWS,2015-12-31,0.002429335293220758
EWS,2016-01-29,-0.08657575949384422
EWS,2016-02-29,0.033013657751261416
EWS,2016-03-31,0.11958759011323816
EWS,2016-04-29,9.20924175218385e-4
EWS,2016-05-31,-0.041398617723441444
EWS,2016-06-30,0.04948140650149946
EWS,2016-07-29,0.004599695305426588
EWS,2016-08-31,-0.030219786891633627
EWS,2016-09-30,0.02549586401742121
EWS,2016-10-31,-0.046961491800570965
EWS,2016-11-30,0.016908270325632913
EWS,2016-12-30,-0.022418799071547424
EWS,2017-01-31,0.09232309991994048
EWS,2017-02-28,0.02526419696118598
EWS,2017-03-31,0.021953188250956268
EWS,2017-04-28,0.007452965506317577
EWS,2017-05-31,0.030896537061364082
EWS,2017-06-30,0.007901319370173576
EWS,2017-07-31,0.05207429262640462
EWS,2017-08-31,-0.0036214151659327287
EWS,2017-09-29,-0.013328000293712394
EWS,2017-10-31,0.0450266305660425
EWS,2017-11-30,0.035644336007303545
EWS,2017-12-29,0.005030445551003293
EWS,2018-01-31,0.06131916663523751
EWS,2018-02-28,-0.030159973164797127
EWS,2018-03-29,-7.49543095579952e-4
EWS,2018-04-30,0.04461959526745707
EWS,2018-05-31,-0.051328139438004405
EWS,2018-06-29,-0.07431697964611284
EWS,2018-07-31,0.017924315428497373
EWS,2018-08-31,-0.025388908523051867
EWS,2018-09-28,0.019747946847292752
EWS,2018-10-31,-0.0836425951458658
EWS,2018-11-30,0.03102539060483611
EWS,2018-12-31,-0.01690028335106064
EWS,2019-01-31,0.06606346889485892
EWS,2019-02-28,-0.003820439672594711
EWS,2019-03-29,0.01107808730838511
EWS,2019-04-30,0.05941838753005868
EWS,2019-05-31,-0.09148754025097205
EWS,2019-06-28,0.10243514728278602
EWS,2019-07-31,-0.0214577695004875
EWS,2019-08-30,-0.05502673742764819
EWS,2019-09-30,0.015761912793909483
EWS,2019-10-31,0.04784470890533865
EWS,2019-11-29,-0.009461128778552874
EWS,2019-12-31,0.031148896029598916
EWS,2020-01-31,-0.05178150290251027
EWS,2020-02-28,-0.04630833503248688
EWS,2020-03-31,-0.20522210118251272
EWS,2020-04-30,0.0674349171649189
EWS,2020-05-29,-0.015118655305554896
EWS,2020-06-30,0.04079388426815744
EWS,2020-07-31,-0.0074585783462362
EWS,2020-08-31,0.023081094154964843
EWS,2020-09-30,-0.017838394176381778
EWS,2020-10-30,-0.03685899466689535
EWS,2020-11-30,0.1730449518560928
EWS,2020-12-31,0.03285731017240345
EWS,2021-01-29,0.0027932622436128707
EWS,2021-02-26,0.024605505988511966
EWS,2021-03-31,0.061168928912936904
EWS,2021-04-30,0.021776310057734616
EWS,2021-05-28,0.00626830877456519
EWS,2021-06-30,-0.02348634932993965
EWS,2021-07-30,0.010757178204588547
EWS,2021-08-31,-0.01660263805391582
EWS,2021-09-30,-0.014285733795408984
EWS,2021-10-29,0.05621421088362144
EWS,2021-11-30,-0.06528061552165654
EWS,2021-12-31,-0.003988736111479985
EWS,2022-01-31,-0.014025154996902489
EWS,2022-02-28,-0.0047416626004110896
EWS,2022-03-31,-0.007146269174334918
EWS,2022-04-29,-0.06285975736735028
EWS,2022-05-31,-0.02304150091146817
EWS,2022-06-30,-0.05982500815288838
EWS,2022-07-29,0.05882339637569367
EWS,2022-08-31,-0.029914480101349894
EWS,2022-09-30,-0.05781924469257094
EWS,2022-10-31,0.00818228417693101
EWS,2022-11-30,0.1142027794550089
EWS,2022-12-30,-0.010685717125250682
EWS,2023-01-31,0.08027644243695553
EWS,2023-02-28,-0.05856280852315343
EWS,2023-03-31,0.03763715028464487
EWS,2023-04-28,0.0015113750529629488
EWS,2023-05-31,-0.05633817309207534
EWS,2023-06-30,0.02288197882643006
EWS,2023-07-31,0.08373867530768009
EWS,2023-08-31,-0.07377879751083205
EWS,2023-09-29,-0.012378883413943775
EWS,2023-10-31,-0.04523154903069737
EWS,2023-11-30,0.02568496112647667
EWS,2023-12-29,0.07177892546666964
EWS,2024-01-31,-0.05240654006179535
EWS,2024-02-29,0.0039504891774444495
EWS,2024-03-28,0.032040371241404575
EWS,2024-04-30,0.024509789791728798
EWS,2024-05-31,0.039872535911875895
EWS,2024-06-28,-3.7456981560368696e-4
EWS,2024-07-31,0.03281231188704958
EWS,2024-08-30,0.04034292212351498
EWS,2024-09-30,0.07367905046101053
EWS,2024-10-31,-0.03566579685921456
EWS,2024-11-29,0.06413841212179494
EWS,2024-12-31,-0.013592591539194787
EWS,2025-01-31,0.03340968846383596
EWS,2025-02-28,0.029672197919320853
EWS,2025-03-31,0.021935512089860332
EWS,2025-04-30,0.023989899097550227
EWS,2025-05-30,0.05795310946246057
EWS,2025-06-30,0.027649133808642423
EWS,2025-07-31,0.018860701076631736
EWS,2025-08-29,0.06157917156155346
EWS,2025-09-30,0.008540907729180258
EWS,2025-10-31,0.0038815019651126104
EWS,2025-11-28,-0.002109028603398788
EWS,2025-12-31,-0.0070778688923832656
EWS,2026-01-30,0.02544528633490617
EWS,2026-02-27,0.019851180673930324
EWS,2026-03-31,-0.01911720241132342
EWS,2026-04-30,0.026931287394197145
EWS,2026-05-29,0.017598362898110453
EWS,2026-06-30,0.02216306563955439
EWS,2026-07-31,0.09017217541062417
EWS,2026-08-31,0.058550169179703015
EWS,2026-09-21,-0.029558044356324253
EWT,2015-01-30,0.01941099778012023
EWT,2015-02-27,0.050558206110987935
EWT,2015-03-31,-0.0162499870352949
EWT,2015-04-30,0.04447262894015336
EWT,2015-05-29,-0.006082589737462563
EWT,2015-06-30,-0.03427190391868806
EWT,2015-07-31,-0.06780733477931611
EWT,2015-08-31,-0.09177433068255791
EWT,2015-09-30,-0.014970035210011834
EWT,2015-10-30,0.05623101508829742
EWT,2015-11-30,-0.026618621782115492
EWT,2015-12-31,-0.026775852896233854
EWT,2016-01-29,-0.03445583653437567
EWT,2016-02-29,0.04136254723573152
EWT,2016-03-31,0.07943934541030773
EWT,2016-04-29,-0.057719956938454775
EWT,2016-05-31,0.021439424473738367
EWT,2016-06-30,0.05322347704053576
EWT,2016-07-29,0.06975069659854416
EWT,2016-08-31,0
EWT,2016-09-30,0.04457761265155691
EWT,2016-10-31,0.0038215795117706453
EWT,2016-11-30,-0.024746103591999247
EWT,2016-12-30,-0.02200833038475547
EWT,2017-01-31,0.0732040557568514
EWT,2017-02-28,0.0276015412999826
EWT,2017-03-31,0.02593394378728031
EWT,2017-04-28,0.015949416827634844
EWT,2017-05-31,0.01836500681596065
EWT,2017-06-30,0.04013951159170537
EWT,2017-07-31,0.02348994603285748
EWT,2017-08-31,0.024043733045703952
EWT,2017-09-29,-0.03681979312249628
EWT,2017-10-31,0.055401905725516176
EWT,2017-11-30,-0.02624691025717396
EWT,2017-12-29,0.0039001489367487263
EWT,2018-01-31,0.067108480989295
EWT,2018-02-28,-0.0515009722492803
EWT,2018-03-29,0.046111885143343745
EWT,2018-04-30,-0.05320816156004027
EWT,2018-05-31,0.009090796901242593
EWT,2018-06-29,-0.01719882188462596
EWT,2018-07-31,0.04999980661813286
EWT,2018-08-31,0.0034393151574096947
EWT,2018-09-28,-0.006063987682577432
EWT,2018-10-31,-0.12122025460201213
EWT,2018-11-30,0.005131479662517036
EWT,2018-12-31,-0.020243516661793137
EWT,2019-01-31,0.05281469605672662
EWT,2019-02-28,-0.0027035319865372776
EWT,2019-03-29,0.04156629795542055
EWT,2019-04-30,0.03643722669980365
EWT,2019-05-31,-0.07700907043974003
EWT,2019-06-28,0.05683193322768609
EWT,2019-07-31,0.008867372631792048
EWT,2019-08-30,-0.010490496065357013
EWT,2019-09-30,0.04183384894189213
EWT,2019-10-31,0.06765666449368446
EWT,2019-11-29,0.0162287787855111
EWT,2019-12-31,0.06889637468946086
EWT,2020-01-31,-0.07707261527638953
EWT,2020-02-28,-0.014225707595667214
EWT,2020-03-31,-0.11892026304856995
EWT,2020-04-30,0.12314228056483123
EWT,2020-05-29,0.004050738742302995
EWT,2020-06-30,0.08176457881025678
EWT,2020-07-31,0.10890093759717501
EWT,2020-08-31,-0.014573921913618393
EWT,2020-09-30,0.021615413170965825
EWT,2020-10-30,0.005790631090655252
EWT,2020-11-30,0.09521705684853754
EWT,2020-12-31,0.09356264908238843
EWT,2021-01-29,0.04257705795955413
EWT,2021-02-26,0.056198129885101755
EWT,2021-03-31,0.02583401367812499
EWT,2021-04-30,0.07638434233564917
EWT,2021-05-28,-0.03377760915967565
EWT,2021-06-30,0.02549726970639421
EWT,2021-07-30,-0.005629463072713947
EWT,2021-08-31,0.021544206982790914
EWT,2021-09-30,-0.04541253292262093
EWT,2021-10-29,0.016287747089125393
EWT,2021-11-30,0.026499591496861097
EWT,2021-12-31,0.057513356402826066
EWT,2022-01-31,-0.025821861793801082
EWT,2022-02-28,-0.014948475413933515
EWT,2022-03-31,-0.038642024567273614
EWT,2022-04-29,-0.09015462367602678
EWT,2022-05-31,0.020568743268036593
EWT,2022-06-30,-0.11636871793736547
EWT,2022-07-29,0.017255136049777464
EWT,2022-08-31,-0.020666844995783973
EWT,2022-09-30,-0.14194709820459006
EWT,2022-10-31,-0.0334106051785521
EWT,2022-11-30,0.2198752679963467
EWT,2022-12-30,-0.068067219657166
EWT,2023-01-31,0.11578685095091124
EWT,2023-02-28,-0.024994422573943798
EWT,2023-03-31,0.037537207833536534
EWT,2023-04-28,-0.031105240104900678
EWT,2023-05-31,0.05191261330483665
EWT,2023-06-30,0.017748873388894193
EWT,2023-07-31,0.01829018391065751
EWT,2023-08-31,-0.047619084511413834
EWT,2023-09-29,-0.023026373321543336
EWT,2023-10-31,-0.023120077544657835
EWT,2023-11-30,0.11902578249490614
EWT,2023-12-29,0.06375842696308265
EWT,2024-01-31,-0.029980375101745005
EWT,2024-02-29,0.037626002471953024
EWT,2024-03-28,0.05072305377506803
EWT,2024-04-30,-0.03122431660970748
EWT,2024-05-31,0.06700594575611385
EWT,2024-06-28,0.0769077664040545
EWT,2024-07-31,-0.019376251932709976
EWT,2024-08-30,0.012419927457129276
EWT,2024-09-30,0.0013011448481832222
EWT,2024-10-31,0.006497193872107676
EWT,2024-11-29,-0.01973436308574672
EWT,2024-12-31,0.005569296377911037
EWT,2025-01-31,-0.0059890939196366455
EWT,2025-02-28,-0.012439272437150706
EWT,2025-03-31,-0.06553834969193484
EWT,2025-04-30,0
EWT,2025-05-30,0.10320140882021889
EWT,2025-06-30,0.09583811542545306
EWT,2025-07-31,0.016724719106200325
EWT,2025-08-29,0.007882073477095242
EWT,2025-09-30,0.08160494108543026
EWT,2025-10-31,0.04762651672500673
EWT,2025-11-28,-0.032107965462861876
EWT,2025-12-31,0.030053054448489158
EWT,2026-01-30,0.07130487748054404
EWT,2026-02-27,0.11181311906160452
EWT,2026-03-31,-0.0627725666042025
EWT,2026-04-30,0.267343479610733
EWT,2026-05-29,0.1435247209621866
EWT,2026-06-30,0.05672311636793892
EWT,2026-07-31,-0.11103947602265563
EWT,2026-08-31,0.11890207524265906
EWT,2026-09-21,0.07044340179896369
EWU,2015-01-30,0.010078160232843247
EWU,2015-02-27,0.058758439538874274
EWU,2015-03-31,-0.05706812585090826
EWU,2015-04-30,0.06662942408252603
EWU,2015-05-29,0.0062468657814542805
EWU,2015-06-30,-0.03865861235368595
EWU,2015-07-31,0.01589008332644637
EWU,2015-08-31,-0.07982731831441259
EWU,2015-09-30,-0.03927309303288762
EWU,2015-10-30,0.06589381299968333
EWU,2015-11-30,-0.016599796956993318
EWU,2015-12-31,-0.04165568216773685
EWU,2016-01-29,-0.048326966614460676
EWU,2016-02-29,-0.03125017745997227
EWU,2016-03-31,0.053763563822784466
EWU,2016-04-29,0.04017865977265189
EWU,2016-05-31,-0.011649245780727568
EWU,2016-06-30,-0.02279666803804159
EWU,2016-07-29,0.014964285399818422
EWU,2016-08-31,0.010897563457996196
EWU,2016-09-30,0.004438708339500552
EWU,2016-10-31,-0.05303035240883791
EWU,2016-11-30,0.0020001547738812686
EWU,2016-12-30,0.03509426444989683
EWU,2017-01-31,0.024763757640642536
EWU,2017-02-28,0.014626321392612995
EWU,2017-03-31,0.02005615319236731
EWU,2017-04-28,0.016897519128393546
EWU,2017-05-31,0.04561917613031641
EWU,2017-06-30,-0.015742503718290002
EWU,2017-07-31,0.02370211485962037
EWU,2017-08-31,-0.008206054409801267
EWU,2017-09-29,0.029846112980244976
EWU,2017-10-31,0.006025737693492017
EWU,2017-11-30,-0.001140830024698447
EWU,2017-12-29,0.042134426893837285
EWU,2018-01-31,0.03740932430684474
EWU,2018-02-28,-0.0670076970463277
EWU,2018-03-29,0.002307460496707714
EWU,2018-04-30,0.04316558636520895
EWU,2018-05-31,-0.006068938746131347
EWU,2018-06-29,-0.011882032665613274
EWU,2018-07-31,0.009488097098485637
EWU,2018-08-31,-0.043862334017755744
EWU,2018-09-28,0.01638399597828144
EWU,2018-10-31,-0.06770231796744497
EWU,2018-11-30,-0.011945997390374385
EWU,2018-12-31,-0.04581633032803256
EWU,2019-01-31,0.07291290264340655
EWU,2019-02-28,0.03429663912243641
EWU,2019-03-29,0.013509246365864369
EWU,2019-04-30,0.022720301424717038
EWU,2019-05-31,-0.0613148991358371
EWU,2019-06-28,0.04596463546067264
EWU,2019-07-31,-0.024133661620860836
EWU,2019-08-30,-0.03804693974818596
EWU,2019-09-30,0.03592630749238124
EWU,2019-10-31,0.03499833413686737
EWU,2019-11-29,0.01229621997010577
EWU,2019-12-31,0.054045301825612846
EWU,2020-01-31,-0.04281524681044868
EWU,2020-02-28,-0.10232845368459542
EWU,2020-03-31,-0.18498297959104093
EWU,2020-04-30,0.05737043045435253
EWU,2020-05-29,0.019009843090543432
EWU,2020-06-30,0.01646714276440875
EWU,2020-07-31,0.006599468166386568
EWU,2020-08-31,0.027381314368188248
EWU,2020-09-30,-0.043168252323220635
EWU,2020-10-30,-0.04511554297622544
EWU,2020-11-30,0.16105164131987348
EWU,2020-12-31,0.04829731611553156
EWU,2021-01-29,-0.002389994232047443
EWU,2021-02-26,0.039356539798461654
EWU,2021-03-31,0.030951711594964015
EWU,2021-04-30,0.03896514259716577
EWU,2021-05-28,0.0387333631834863
EWU,2021-06-30,-0.015850570401064856
EWU,2021-07-30,0.0027521819828413285
EWU,2021-08-31,0.006709232698754342
EWU,2021-09-30,-0.023023170701564344
EWU,2021-10-29,0.044341231604806186
EWU,2021-11-30,-0.048693674156797595
EWU,2021-12-31,0.06248506071499049
EWU,2022-01-31,0.022631192300482494
EWU,2022-02-28,-0.011802825439126141
EWU,2022-03-31,0.004479016137866498
EWU,2022-04-29,-0.039833500403544275
EWU,2022-05-31,0.026934896923097362
EWU,2022-06-30,-0.08055535864945607
EWU,2022-07-29,0.031708887990331114
EWU,2022-08-31,-0.06470374524008315
EWU,2022-09-30,-0.09339337303844386
EWU,2022-10-31,0.06982064557107082
EWU,2022-11-30,0.12446507090488512
EWU,2022-12-30,-0.012873617425964046
EWU,2023-01-31,0.062296207506358225
EWU,2023-02-28,-0.00890400654146728
EWU,2023-03-31,-6.195838837025347e-4
EWU,2023-04-28,0.0517669561994194
EWU,2023-05-31,-0.05982901142313668
EWU,2023-06-30,0.033794882480618904
EWU,2023-07-31,0.029366297942760022
EWU,2023-08-31,-0.039039099695342805
EWU,2023-09-29,-0.011249980085391131
EWU,2023-10-31,-0.036030265550341056
EWU,2023-11-30,0.06196707974307447
EWU,2023-12-29,0.04369126652156008
EWU,2024-01-31,-0.018759500445363342
EWU,2024-02-29,0.009867395471515161
EWU,2024-03-28,0.04458019426092896
EWU,2024-04-30,0.01432343166843597
EWU,2024-05-31,0.04668563337916076
EWU,2024-06-28,-0.021085592678331433
EWU,2024-07-31,0.03956413189748198
EWU,2024-08-30,0.03502488761928757
EWU,2024-09-30,-0.00319755398342636
EWU,2024-10-31,-0.04971915039631103
EWU,2024-11-29,0.007032276625149825
EWU,2024-12-31,-0.03326316611037905
EWU,2025-01-31,0.0504425295694475
EWU,2025-02-28,0.04015732216854406
EWU,2025-03-31,0.011609093335211096
EWU,2025-04-30,0.016813307483617423
EWU,2025-05-30,0.047769039352071996
EWU,2025-06-30,0.015362614381773554
EWU,2025-07-31,0.0022658572773053276
EWU,2025-08-29,0.04144687025597649
EWU,2025-09-30,0.012301119580820696
EWU,2025-10-31,0.016678446265716795
EWU,2025-11-28,0.011249164529868905
EWU,2025-12-31,0.03892130322479104
EWU,2026-01-30,0.04956794123810804
EWU,2026-02-27,0.054592742253543936
EWU,2026-03-31,-0.06409203434874378
EWU,2026-04-30,0.03489905742998323
EWU,2026-05-29,-0.00466594050538105
EWU,2026-06-30,-0.002750340061681844
EWU,2026-07-31,0.049198103333155885
EWU,2026-08-31,-8.26294477451528e-4
EWU,2026-09-21,-0.014058307219178667
EWW,2015-01-30,-0.02816139420801511
EWW,2015-02-27,0.0703995951490124
EWW,2015-03-31,-0.0373692355413453
EWW,2015-04-30,0.011387250252693049
EWW,2015-05-29,-0.001876594317420377
EWW,2015-06-30,-0.016972841349226497
EWW,2015-07-31,-0.013482472108290788
EWW,2015-08-31,-0.06194537502360109
EWW,2015-09-30,-0.024408940192587436
EWW,2015-10-30,0.061288062092957674
EWW,2015-11-30,-0.02065034404205701
EWW,2015-12-31,-0.05640260191142987
EWW,2016-01-29,-0.028898514820313026
EWW,2016-02-29,0.0018599640456749
EWW,2016-03-31,0.10767318530398806
EWW,2016-04-29,0.0063313546681400545
EWW,2016-05-31,-0.07697980988875386
EWW,2016-06-30,0.021753288874766907
EWW,2016-07-29,-0.013698519488167027
EWW,2016-08-31,0.01590170624249332
EWW,2016-09-30,-0.03942938554157882
EWW,2016-10-31,0.04847339146713803
EWW,2016-11-30,-0.13200851653993895
EWW,2016-12-30,0.001121885883873075
EWW,2017-01-31,0.01910382058438498
EWW,2017-02-28,0.028341823178495318
EWW,2017-03-31,0.11045986776762406
EWW,2017-04-28,0.011530378187871726
EWW,2017-05-31,-0.002705046060310856
EWW,2017-06-30,0.05630814479477819
EWW,2017-07-31,0.04375252673801766
EWW,2017-08-31,0.0030194141272581465
EWW,2017-09-29,-0.0329377510604838
EWW,2017-10-31,-0.07837369579680897
EWW,2017-11-30,-0.00278177754167519
EWW,2017-12-29,-0.007988353530399395
EWW,2018-01-31,0.07750048135908716
EWW,2018-02-28,-0.060252449538326425
EWW,2018-03-29,0.032258258350809976
EWW,2018-04-30,0.0015527305919473822
EWW,2018-05-31,-0.13410859500469274
EWW,2018-06-29,0.06863797255667659
EWW,2018-07-31,0.1026728791652678
EWW,2018-08-31,-0.0315504234852273
EWW,2018-09-28,0.017679674578627846
EWW,2018-10-31,-0.1786062596681096
EWW,2018-11-30,-0.04158753076582522
EWW,2018-12-31,0.03074419784394755
EWW,2019-01-31,0.09276376186181201
EWW,2019-02-28,-0.03200019932775244
EWW,2019-03-29,6.886712012603713e-4
EWW,2019-04-30,0.05872913267826707
EWW,2019-05-31,-0.06998905387914822
EWW,2019-06-28,0.031230424631794262
EWW,2019-07-31,-0.04863986308150625
EWW,2019-08-30,0.005815350052389867
EWW,2019-09-30,0.029149690661951944
EWW,2019-10-31,0.03721891179056369
EWW,2019-11-29,-0.017828827310076623
EWW,2019-12-31,0.04460616335278922
EWW,2020-01-31,0.018432048389213973
EWW,2020-02-28,-0.09245518574660783
EWW,2020-03-31,-0.3188371348542065
EWW,2020-04-30,0.032451501518212744
EWW,2020-05-29,0.08951146181104042
EWW,2020-06-30,0.0034512891027103088
EWW,2020-07-31,0.020388932460503995
EWW,2020-08-31,0.011681457055688238
EWW,2020-09-30,0.013673842363607358
EWW,2020-10-30,0.02398066634983409
EWW,2020-11-30,0.18764650224304136
EWW,2020-12-31,0.07195580216674125
EWW,2021-01-29,-0.0651316487190321
EWW,2021-02-26,0.011694609905069209
EWW,2021-03-31,0.07796367024541628
EWW,2021-04-30,0.03718905837156017
EWW,2021-05-28,0.05829298240604386
EWW,2021-06-30,0.005359477603471996
EWW,2021-07-30,0.021462681034532638
EWW,2021-08-31,0.042635701850182395
EWW,2021-09-30,-0.05576213564229271
EWW,2021-10-29,0.0018649150568619266
EWW,2021-11-30,-0.06287474837329043
EWW,2021-12-31,0.13224645396568513
EWW,2022-01-31,-0.0405137811780647
EWW,2022-02-28,0.03686915335294749
EWW,2022-03-31,0.09197461526117845
EWW,2022-04-29,-0.10078218858201149
EWW,2022-05-31,0.05340882817160608
EWW,2022-06-30,-0.09169391616993894
EWW,2022-07-29,0.004507376217015802
EWW,2022-08-31,-0.05448708572207983
EWW,2022-09-30,-4.519885575061666e-4
EWW,2022-10-31,0.1433417127534775
EWW,2022-11-30,0.06584925742010816
EWW,2022-12-30,-0.06376368545971978
EWW,2023-01-31,0.16582414814616397
EWW,2023-02-28,-1.735026410792928e-4
EWW,2023-03-31,0.032789683867213926
EWW,2023-04-28,0.022677693092239215
EWW,2023-05-31,-0.01691856483070664
EWW,2023-06-30,0.046613795882258335
EWW,2023-07-31,0.04583468447642658
EWW,2023-08-31,-0.05182234567335986
EWW,2023-09-29,-0.05562752109635127
EWW,2023-10-31,-0.058904362326526516
EWW,2023-11-30,0.1540146468990855
EWW,2023-12-29,0.08915017202483622
EWW,2024-01-31,-0.017538601765424544
EWW,2024-02-29,-0.021302258688881248
EWW,2024-03-28,0.06238490970875654
EWW,2024-04-30,-0.055258683002262554
EWW,2024-05-31,-0.00885769596920949
EWW,2024-06-28,-0.12049707410526345
EWW,2024-07-31,-0.0015897620466068796
EWW,2024-08-30,-0.06157122021478767
EWW,2024-09-30,0.012631952624630793
EWW,2024-10-31,-0.03332705854760831
EWW,2024-11-29,-0.03177970345764436
EWW,2024-12-31,-0.039103677466456044
EWW,2025-01-31,0.04613414383179437
EWW,2025-02-28,0.03144150279352753
EWW,2025-03-31,0.0087093234384239
EWW,2025-04-30,0.11793572580378209
EWW,2025-05-30,0.05616987526899919
EWW,2025-06-30,0.02465572340071609
EWW,2025-07-31,-0.0069353451145560685
EWW,2025-08-29,0.029930111032538287
EWW,2025-09-30,0.10122697198295083
EWW,2025-10-31,-0.0246298557966258
EWW,2025-11-28,0.028408249952087017
EWW,2025-12-31,0.03274489536918046
EWW,2026-01-30,0.08351363350706764
EWW,2026-02-27,0.07747602706161816
EWW,2026-03-31,-0.07054605722578033
EWW,2026-04-30,0.01608399898492885
EWW,2026-05-29,0.026033429942120767
EWW,2026-06-30,-0.02616788075838916
EWW,2026-07-31,0.020459691566482974
EWW,2026-08-31,-0.0011716747917088766
EWW,2026-09-21,-0.03936397581346729
EWY,2015-01-30,0.0171814453878103
EWY,2015-02-27,0.017610041456737724
EWY,2015-03-31,0.010771806586561627
EWY,2015-04-30,0.06865823953443329
EWY,2015-05-29,-0.05509251738649312
EWY,2015-06-30,-0.04653973581023685
EWY,2015-07-31,-0.07131188861385118
EWY,2015-08-31,-0.06525979497546441
EWY,2015-09-30,0.01964876366637136
EWY,2015-10-30,0.11480111691942563
EWY,2015-11-30,-0.0286869756101793
EWY,2015-12-31,-0.0369794600539507
EWY,2016-01-29,-0.03885628587602974
EWY,2016-02-29,-0.02408895440301273
EWY,2016-03-31,0.13371969180192078
EWY,2016-04-29,-0.010791321096842554
EWY,2016-05-31,-0.04765559954859855
EWY,2016-06-30,0.04642287876143425
EWY,2016-07-29,0.068945556709471445
EWY,2016-08-31,0.012396851899570738
EWY,2016-09-30,0.03158821749398011
EWY,2016-10-31,-0.04782381430008842
EWY,2016-11-30,-0.03775968853773659
EWY,2016-12-30,0.011270081165934087
EWY,2017-01-31,0.08756109828933334
EWY,2017-02-28,0.01174842896902839
EWY,2017-03-31,0.056523082367369915
EWY,2017-04-28,0.0037175271005607247
EWY,2017-05-31,0.09049927573572081
EWY,2017-06-30,0.0013290563310139891
EWY,2017-07-31,0.027871929520443928
EWY,2017-08-31,-0.017647064970936266
EWY,2017-09-29,0.008616978277666831
EWY,2017-10-31,0.08253688077134491
EWY,2017-11-30,0.005216663948702793
EWY,2017-12-29,0.026666308036845887
EWY,2018-01-31,0.04417440725630861
EWY,2018-02-28,-0.07860430747920555
EWY,2018-03-29,0.04660832178174279
EWY,2018-04-30,0.0019882721826833816
EWY,2018-05-31,-0.045767243203373664
EWY,2018-06-29,-0.061408492449080754
EWY,2018-07-31,-0.006645942458162191
EWY,2018-08-31,8.92150612798126e-4
EWY,2018-09-28,0.014111682127904146
EWY,2018-10-31,-0.14647721751753984
EWY,2018-11-30,0.040329391154917626
EWY,2018-12-31,-0.015716007915184904
EWY,2019-01-31,0.09955821180595059
EWY,2019-02-28,-0.02703963627632322
EWY,2019-03-29,-0.03207882520484362
EWY,2019-04-30,0.008695579370874507
EWY,2019-05-31,-0.09612872052666521
EWY,2019-06-28,0.07737988627310943
EWY,2019-07-31,-0.0746617366085156
EWY,2019-08-30,-0.03862834042915675
EWY,2019-09-30,0.05782967130830796
EWY,2019-10-31,0.045970863771468196
EWY,2019-11-29,-0.007805836659159904
EWY,2019-12-31,0.08685890454693279
EWY,2020-01-31,-0.07300204174398384
EWY,2020-02-28,-0.04666099887026598
EWY,2020-03-31,-0.14628824860703415
EWY,2020-04-30,0.10017052973927298
EWY,2020-05-29,0.03758239960959031
EWY,2020-06-30,0.06665429332112671
EWY,2020-07-31,0.05478715587406069
EWY,2020-08-31,0.046631410542229634
EWY,2020-09-30,0.03599166274209531
EWY,2020-10-30,-0.006733887303919661
EWY,2020-11-30,0.17750385736981733
EWY,2020-12-31,0.13468634088663567
EWY,2021-01-29,0.023823259323197954
EWY,2021-02-26,-0.0014754975104525059
EWY,2021-03-31,0.019665778069835937
EWY,2021-04-30,0.0095875276012094
EWY,2021-05-28,0.016232320266350353
EWY,2021-06-30,0.01249589807622642
EWY,2021-07-30,-0.04754236488411623
EWY,2021-08-31,-0.023211222940085707
EWY,2021-09-30,-0.06955824621207463
EWY,2021-10-29,-0.014505202792214567
EWY,2021-11-30,-0.047301514732501326
EWY,2021-12-31,0.050095132349126326
EWY,2022-01-31,-0.07037370183533731
EWY,2022-02-28,2.7627373536298627e-4
EWY,2022-03-31,-0.016296221112824805
EWY,2022-04-29,-0.06443920112346457
EWY,2022-05-31,0.021008458277282704
EWY,2022-06-30,-0.14476776677780423
EWY,2022-07-29,0.04055683864042936
EWY,2022-08-31,-0.04360031210354731
EWY,2022-09-30,-0.182179240364176
EWY,2022-10-31,0.09396113744291656
EWY,2022-11-30,0.17158840288735022
EWY,2022-12-30,-0.05824382176464549
EWY,2023-01-31,0.12376064355189298
EWY,2023-02-28,-0.078304700623126
EWY,2023-03-31,0.04649573327312839
EWY,2023-04-28,-0.008984062070265475
EWY,2023-05-31,0.03477836460458361
EWY,2023-06-30,0.00955722274357651
EWY,2023-07-31,0.06610927485551255
EWY,2023-08-31,-0.07577329234773011
EWY,2023-09-29,-0.05620503617775596
EWY,2023-10-31,-0.06769590914874224
EWY,2023-11-30,0.14722468836215197
EWY,2023-12-29,0.06662860012705751
EWY,2024-01-31,-0.09247670242682848
EWY,2024-02-29,0.07802257244480204
EWY,2024-03-28,0.046794582848377564
EWY,2024-04-30,-0.06049771110875457
EWY,2024-05-31,-0.013798622842371766
EWY,2024-06-28,0.06288196279155023
EWY,2024-07-31,0.00696026340038336
EWY,2024-08-30,-0.01577756050279211
EWY,2024-09-30,-0.023511581503299794
EWY,2024-10-31,-0.06332078940518127
EWY,2024-11-29,-0.041395435341109565
EWY,2024-12-31,-0.0926886843459267
EWY,2025-01-31,0.06052275167490495
EWY,2025-02-28,0.012970107590991597
EWY,2025-03-31,-0.011523626923916064
EWY,2025-04-30,0.03978528585055341
EWY,2025-05-30,0.07901765199947253
EWY,2025-06-30,0.18390234789431115
EWY,2025-07-31,0.0143493440053033
EWY,2025-08-29,-0.007828610114752887
EWY,2025-09-30,0.10880399989503964
EWY,2025-10-31,0.21098634449259945
EWY,2025-11-28,-0.0631958352660974
EWY,2025-12-31,0.0939099269242738
EWY,2026-01-30,0.25910308707177854
EWY,2026-02-27,0.2365819017130082
EWY,2026-03-31,-0.1873554462296264
EWY,2026-04-30,0.30688555170333465
EWY,2026-05-29,0.2803558650426692
EWY,2026-06-30,-0.01909346499348552
EWY,2026-07-31,-0.22189197200242627
EWY,2026-08-31,0.1512412067710558
EWY,2026-09-21,0.045891866768482004
EWZ,2015-01-30,-0.029694486759420213
EWZ,2015-02-27,0.03118631180908471
EWZ,2015-03-31,-0.11334089503839362
EWZ,2015-04-30,0.15428768741381416
EWZ,2015-05-29,-0.10880989791278073
EWZ,2015-06-30,0.03416696160652455
EWZ,2015-07-31,-0.12450449126016871
EWZ,2015-08-31,-0.13279870505396973
EWZ,2015-09-30,-0.11776504166963364
EWZ,2015-10-30,0.04191313743627756
EWZ,2015-11-30,-0.015303540003010485
EWZ,2015-12-31,-0.07151050479833221
EWZ,2016-01-29,-0.0411023859163796
EWZ,2016-02-29,0.03328296490612259
EWZ,2016-03-31,0.2835527466274439
EWZ,2016-04-29,0.12205364582878109
EWZ,2016-05-31,-0.13791953489020714
EWZ,2016-06-30,0.19510757810532264
EWZ,2016-07-29,0.10139173902662013
EWZ,2016-08-31,0.008423323541822514
EWZ,2016-09-30,0.0062651275066365475
EWZ,2016-10-31,0.11947794223533648
EWZ,2016-11-30,-0.11308241096632321
EWZ,2016-12-30,0.008150702032243773
EWZ,2017-01-31,0.10587898011144725
EWZ,2017-02-28,0.023325133255888364
EWZ,2017-03-31,-0.007156140698900582
EWZ,2017-04-28,-0.007741594197009594
EWZ,2017-05-31,-0.053806645150180854
EWZ,2017-06-30,-0.02138566645564599
EWZ,2017-07-31,0.10720549967128701
EWZ,2017-08-31,0.05820134479944605
EWZ,2017-09-29,0.04224993835961954
EWZ,2017-10-31,-0.03645959903648788
EWZ,2017-11-30,-0.03659441275536124
EWZ,2017-12-29,0.05635516604234603
EWZ,2018-01-31,0.15179232239895835
EWZ,2018-02-28,-0.023824796254643843
EWZ,2018-03-29,-0.013192556689657353
EWZ,2018-04-30,-0.057486716978869534
EWZ,2018-05-31,-0.15791987513243155
EWZ,2018-06-29,-0.08531196152073406
EWZ,2018-07-31,0.1263650876287623
EWZ,2018-08-31,-0.10110793600090351
EWZ,2018-09-28,0.03944530372732902
EWZ,2018-10-31,0.19033526951356383
EWZ,2018-11-30,-0.008717593675275359
EWZ,2018-12-31,-0.02541739989103209
EWZ,2019-01-31,0.18769648485563484
EWZ,2019-02-28,-0.05223747669862677
EWZ,2019-03-29,-0.046744141756152935
EWZ,2019-04-30,0.009758589086956704
EWZ,2019-05-31,0.006281676608003162
EWZ,2019-06-28,0.06306385249688118
EWZ,2019-07-31,0.017840775031712885
EWZ,2019-08-30,-0.07887653974422071
EWZ,2019-09-30,0.027811713770225177
EWZ,2019-10-31,0.05862803471313627
EWZ,2019-11-29,-0.047757651457887795
EWZ,2019-12-31,0.13387360443029261
EWZ,2020-01-31,-0.07776596180003903
EWZ,2020-02-28,-0.12340057347739974
EWZ,2020-03-31,-0.38581840578810245
EWZ,2020-04-30,0.04711358050280512
EWZ,2020-05-29,0.10214863219172532
EWZ,2020-06-30,0.07031485055219311
EWZ,2020-07-31,0.13143274005786987
EWZ,2020-08-31,-0.08358954589017464
EWZ,2020-09-30,-0.0724344772007045
EWZ,2020-10-30,-0.028922776418207286
EWZ,2020-11-30,0.23790024830015022
EWZ,2020-12-31,0.12323436016357792
EWZ,2021-01-29,-0.07769082342355071
EWZ,2021-02-26,-0.06697867832943671
EWZ,2021-03-31,0.04858934787539315
EWZ,2021-04-30,0.06307927836164717
EWZ,2021-05-28,0.09420699360019458
EWZ,2021-06-30,0.057891641076896594
EWZ,2021-07-30,-0.07745431368644806
EWZ,2021-08-31,-0.026738095575187137
EWZ,2021-09-30,-0.1173078213184009
EWZ,2021-10-29,-0.08745718145001846
EWZ,2021-11-30,-0.011254996737285361
EWZ,2021-12-31,0.041328091132528666
EWZ,2022-01-31,0.126469559479927
EWZ,2022-02-28,0.04016433272813846
EWZ,2022-03-31,0.14958961226423084
EWZ,2022-04-29,-0.13329806379810094
EWZ,2022-05-31,0.07567886070973251
EWZ,2022-06-30,-0.18660394791155577
EWZ,2022-07-29,0.05951091548298759
EWZ,2022-08-31,0.05168845047323445
EWZ,2022-09-30,-0.029161295124540132
EWZ,2022-10-31,0.1025987681251257
EWZ,2022-11-30,-0.036424810446423095
EWZ,2022-12-30,-0.04520128986236083
EWZ,2023-01-31,0.08473351457324352
EWZ,2023-02-28,-0.10118643768669977
EWZ,2023-03-31,0.00403377305301289
EWZ,2023-04-28,0.03250539140499131
EWZ,2023-05-31,0.019455264453839716
EWZ,2023-06-30,0.15306620973508545
EWZ,2023-07-31,0.044403441328702664
EWZ,2023-08-31,-0.08916446651748577
EWZ,2023-09-29,-0.005834679609971638
EWZ,2023-10-31,-0.029344614473589936
EWZ,2023-11-30,0.14242518434661555
EWZ,2023-12-29,0.0643773045299969
EWZ,2024-01-31,-0.05835241796953694
EWZ,2024-02-29,0.0027338668166034807
EWZ,2024-03-28,-0.01787330068612314
EWZ,2024-04-30,-0.04287476726266237
EWZ,2024-05-31,-0.04608440130788061
EWZ,2024-06-28,-0.04621878857103545
EWZ,2024-07-31,0.01609946051978639
EWZ,2024-08-30,0.07562110840407654
EWZ,2024-09-30,-0.012721745592109701
EWZ,2024-10-31,-0.057985748432037965
EWZ,2024-11-29,-0.08135348032609835
EWZ,2024-12-31,-0.07714694707713277
EWZ,2025-01-31,0.12527776768173537
EWZ,2025-02-28,-0.04816419808981742
EWZ,2025-03-31,0.07216917769422415
EWZ,2025-04-30,0.04603473385413581
EWZ,2025-05-30,0.006286950040152117
EWZ,2025-06-30,0.08003820616076585
EWZ,2025-07-31,-0.0797227406341825
EWZ,2025-08-29,0.11111113613279433
EWZ,2025-09-30,0.05084746449747901
EWZ,2025-10-31,0.005483901246060574
EWZ,2025-11-28,0.0782803236845202
EWZ,2025-12-31,-0.021623475218358723
EWZ,2026-01-30,0.1658798070614631
EWZ,2026-02-27,0.04562628811127678
EWZ,2026-03-31,-0.008778679010059909
EWZ,2026-04-30,0.03412344467331385
EWZ,2026-05-29,-0.0954660288276935
EWZ,2026-06-30,-0.03011865431382632
EWZ,2026-07-31,0.06231888480808423
EWZ,2026-08-31,-0.01691685459124037
EWZ,2026-09-21,0.05661951109195007
EZA,2015-01-30,0.06408435369937515
EZA,2015-02-27,0.013021551357527361
EZA,2015-03-31,-0.02103413137490895
EZA,2015-04-30,0.054759901870719
EZA,2015-05-29,-0.08035082162858587
EZA,2015-06-30,0.015388421593432344
EZA,2015-07-31,-0.048288692204875194
EZA,2015-08-31,-0.07675007175044057
EZA,2015-09-30,-0.06643472487110769
EZA,2015-10-30,0.061102718311013327
EZA,2015-11-30,-0.06267552567015156
EZA,2015-12-31,-0.10933686581391011
EZA,2016-01-29,-0.018839476908849795
EZA,2016-02-29,-0.022474405072381853
EZA,2016-03-31,0.1832589322283933
EZA,2016-04-29,0.05074520663395843
EZA,2016-05-31,-0.09766618881346845
EZA,2016-06-30,0.08465534423924614
EZA,2016-07-29,0.09226692854037011
EZA,2016-08-31,-0.09070431792413458
EZA,2016-09-30,0.06738996285091381
EZA,2016-10-31,-0.013732954319564228
EZA,2016-11-30,-0.08065104890117003
EZA,2016-12-30,0.04096527177636755
EZA,2017-01-31,0.047746653191054644
EZA,2017-02-28,0.002369769597110105
EZA,2017-03-31,0.003636768752576236
EZA,2017-04-28,0.059612416558845416
EZA,2017-05-31,0.01692874241667286
EZA,2017-06-30,-0.03851854904132168
EZA,2017-07-31,0.060472422823644845
EZA,2017-08-31,0.039401475750660886
EZA,2017-09-29,-0.06030063174404732
EZA,2017-10-31,0.019744600053953842
EZA,2017-11-30,0.06860281881870112
EZA,2017-12-29,0.10357999821162411
EZA,2018-01-31,0.030718529570487707
EZA,2018-02-28,-0.01081222317060182
EZA,2018-03-29,-0.03727581735915009
EZA,2018-04-30,-0.04163035128634873
EZA,2018-05-31,-0.05482971614496113
EZA,2018-06-29,-0.06113823834373333
EZA,2018-07-31,0.06306469500429013
EZA,2018-08-31,-0.10328475176370056
EZA,2018-09-28,-0.02223435016750508
EZA,2018-10-31,-0.10027960360672294
EZA,2018-11-30,0.09467556790553133
EZA,2018-12-31,-0.02443290791394992
EZA,2019-01-31,0.14172443247452438
EZA,2019-02-28,-0.06788212111372927
EZA,2019-03-29,-0.02533062532258168
EZA,2019-04-30,0.08197989283990226
EZA,2019-05-31,-0.0664074734101201
EZA,2019-06-28,0.060519363635584966
EZA,2019-07-31,-0.05469161910891707
EZA,2019-08-30,-0.07352948425084083
EZA,2019-09-30,-0.00898082285391355
EZA,2019-10-31,0.045310806137182524
EZA,2019-11-29,-0.001007978574977142
EZA,2019-12-31,0.09053610775140997
EZA,2020-01-31,-0.08950040044019614
EZA,2020-02-28,-0.09807427965837945
EZA,2020-03-31,-0.2954320863472988
EZA,2020-04-30,0.10394644026257693
EZA,2020-05-29,0.07149703364374305
EZA,2020-06-30,0.06861513144476317
EZA,2020-07-31,0.06498294901779245
EZA,2020-08-31,-0.00959242048077702
EZA,2020-09-30,-0.006456748334769058
EZA,2020-10-30,0.0029785862854772027
EZA,2020-11-30,0.109341089473181
EZA,2020-12-31,0.11178791702235324
EZA,2021-01-29,0.0020528476507275517
EZA,2021-02-26,0.052811609390916336
EZA,2021-03-31,0.06767544917567547
EZA,2021-04-30,-0.001012454733336221
EZA,2021-05-28,0.07622130038006758
EZA,2021-06-30,-0.07111741853119335
EZA,2021-07-30,-0.009210068396518056
EZA,2021-08-31,0.02086336042041781
EZA,2021-09-30,-0.04836096212463836
EZA,2021-10-29,0
EZA,2021-11-30,-0.045502953918222566
EZA,2021-12-31,0.0441599410517961
EZA,2022-01-31,0.09331891782968382
EZA,2022-02-28,0.03804454152716663
EZA,2022-03-31,0.054500516512615116
EZA,2022-04-29,-0.1366828168063552
EZA,2022-05-31,0.008969446244271095
EZA,2022-06-30,-0.10266964372009624
EZA,2022-07-29,-9.41580212848403e-4
EZA,2022-08-31,-0.06148390551920957
EZA,2022-09-30,-0.09538148437753546
EZA,2022-10-31,0.054106436363084986
EZA,2022-11-30,0.17004486195680601
EZA,2022-12-30,-0.03102010929439747
EZA,2023-01-31,0.06507905484058374
EZA,2023-02-28,-0.09276071430200838
EZA,2023-03-31,0.030258688559581248
EZA,2023-04-28,0.01729048986177939
EZA,2023-05-31,-0.13760191312625714
EZA,2023-06-30,0.09286336189640387
EZA,2023-07-31,0.12116638803885116
EZA,2023-08-31,-0.12309429142357853
EZA,2023-09-29,-0.03809752855922277
EZA,2023-10-31,-0.0061137451360460116
EZA,2023-11-30,0.08157265008291326
EZA,2023-12-29,0.04613187645757688
EZA,2024-01-31,-0.061497908159878545
EZA,2024-02-29,-0.052779199375215025
EZA,2024-03-28,0.05437405826732622
EZA,2024-04-30,0.02425312850875838
EZA,2024-05-31,0.01171498471801935
EZA,2024-06-28,0.08416340786635423
EZA,2024-07-31,0.05055394812993952
EZA,2024-08-30,0.03186115727083716
EZA,2024-09-30,0.07325389702915297
EZA,2024-10-31,-0.02063495963980555
EZA,2024-11-29,-0.03869519549698586
EZA,2024-12-31,-0.07093690532483088
EZA,2025-01-31,0.043903572166012816
EZA,2025-02-28,0.014857118403910352
EZA,2025-03-31,0.08400905440467055
EZA,2025-04-30,0.02888013213845353
EZA,2025-05-30,0.05432145710367964
EZA,2025-06-30,0.04173123950525359
EZA,2025-07-31,-0.013023273389910273
EZA,2025-08-29,0.08708764823396509
EZA,2025-09-30,0.11149645261082619
EZA,2025-10-31,-0.0051482010449447335
EZA,2025-11-28,0.04657357955543717
EZA,2025-12-31,0.087267931864293935
EZA,2026-01-30,0.06395333288306526
EZA,2026-02-27,0.11475419439497614
EZA,2026-03-31,-0.1691176716479802
EZA,2026-04-30,0.006194723847789518
EZA,2026-05-29,0.017443582728189133
EZA,2026-06-30,-0.06966175428759047
EZA,2026-07-31,0.006804879166337319
EZA,2026-08-31,0.10814211228581372
EZA,2026-09-21,-0.032198533944204355
FAN,2015-01-30,-0.01428587340436449
FAN,2015-02-27,0.05797071799330089
FAN,2015-03-31,-0.007417938076294095
FAN,2015-04-30,0.06635910824670743
FAN,2015-05-29,0.042351201938958694
FAN,2015-06-30,-0.04739334705966569
FAN,2015-07-31,0.011453576164409451
FAN,2015-08-31,-0.05836212335971935
FAN,2015-09-30,-0.04458559379581806
FAN,2015-10-30,0.09718166802837858
FAN,2015-11-30,-0.005314192326446809
FAN,2015-12-31,0.017535476564231045
FAN,2016-01-29,-0.04665502332444171
FAN,2016-02-29,-0.0360110535715793
FAN,2016-03-31,0.11980689516944198
FAN,2016-04-29,0.026632346415228936
FAN,2016-05-31,0.021757311946351887
FAN,2016-06-30,0.03360545769366596
FAN,2016-07-29,0.03739040674148564
FAN,2016-08-31,0.015337186256454416
FAN,2016-09-30,0.008917565438520514
FAN,2016-10-31,-0.01803139048243485
FAN,2016-11-30,-0.06886016229014003
FAN,2016-12-30,0.0088927910744796
FAN,2017-01-31,0.041880431216447356
FAN,2017-02-28,0.0016408175663342739
FAN,2017-03-31,0.035848368765399874
FAN,2017-04-28,0.03730130301193868
FAN,2017-05-31,0.03213463093192659
FAN,2017-06-30,-0.02503064336772831
FAN,2017-07-31,0.021688086639131354
FAN,2017-08-31,0.003033056029351
FAN,2017-09-29,-3.890960050243475e-4
FAN,2017-10-31,0.006833892644562578
FAN,2017-11-30,-0.0407240473739271
FAN,2017-12-29,0.041666370478661285
FAN,2018-01-31,0.040000309584460325
FAN,2018-02-28,-0.04716976527106442
FAN,2018-03-29,0.02130905396914118
FAN,2018-04-30,0.04562454840338637
FAN,2018-05-31,-0.031473293980902595
FAN,2018-06-29,-0.05581800392183933
FAN,2018-07-31,0.041139246221367554
FAN,2018-08-31,-0.031155013000769616
FAN,2018-09-28,-0.020155489491798795
FAN,2018-10-31,-0.09734509655357115
FAN,2018-11-30,0.08199640435306366
FAN,2018-12-31,-0.05146977792772278
FAN,2019-01-31,0.11954605931858753
FAN,2019-02-28,0.012470533615985824
FAN,2019-03-29,0.0108682980037349
FAN,2019-04-30,0.024539925073886693
FAN,2019-05-31,-0.05239547415008705
FAN,2019-06-28,0.06264625786300249
FAN,2019-07-31,-0.027715522803012038
FAN,2019-08-30,-0.008474595661594031
FAN,2019-09-30,0.026891322681614316
FAN,2019-10-31,0.02887540286976331
FAN,2019-11-29,0.033234998228127255
FAN,2019-12-31,0.0547575939725653
FAN,2020-01-31,0.012969517743142589
FAN,2020-02-28,-0.033692724943141905
FAN,2020-03-31,-0.15198743564409145
FAN,2020-04-30,0.03877897450428147
FAN,2020-05-29,0.1000792248449911
FAN,2020-06-30,0.045858195899249
FAN,2020-07-31,0.15357903365939674
FAN,2020-08-31,0.053011814594057016
FAN,2020-09-30,0.004883379889512485
FAN,2020-10-30,0.031374870644621744
FAN,2020-11-30,0.15044261886592292
FAN,2020-12-31,0.12153730170187504
FAN,2021-01-29,0.00772533294483857
FAN,2021-02-26,-0.06771714069490842
FAN,2021-03-31,0.03313686140635275
FAN,2021-04-30,-0.027925616134503506
FAN,2021-05-28,-0.003647696691802871
FAN,2021-06-30,-0.010327635866072993
FAN,2021-07-30,-0.006973807784220076
FAN,2021-08-31,0.03183569467748071
FAN,2021-09-30,-0.04538093712510183
FAN,2021-10-29,0.04641188053554335
FAN,2021-11-30,-0.08139047084029438
FAN,2021-12-31,0.010292544346249821
FAN,2022-01-31,-0.07213442966421935
FAN,2022-02-28,0.054313085889491575
FAN,2022-03-31,-8.087499116344876e-4
FAN,2022-04-29,-0.08506336564815653
FAN,2022-05-31,0.028777126389756713
FAN,2022-06-30,-0.06852693303174373
FAN,2022-07-29,0.07259028262974887
FAN,2022-08-31,-0.03302635840724122
FAN,2022-09-30,-0.14893354159047567
FAN,2022-10-31,0.03240725454039928
FAN,2022-11-30,0.11531086090165887
FAN,2022-12-30,-0.0025940069311994884
FAN,2023-01-31,0.043302386308877505
FAN,2023-02-28,-0.04648585384548931
FAN,2023-03-31,0.039036671101237985
FAN,2023-04-28,0.0016797623282376328
FAN,2023-05-31,-0.03912813139421356
FAN,2023-06-30,0.02375026616928233
FAN,2023-07-31,-0.022323901327217843
FAN,2023-08-31,-0.07377049846994566
FAN,2023-09-29,-0.07925043595131598
FAN,2023-10-31,-0.062111825782687036
FAN,2023-11-30,0.11037541927861239
FAN,2023-12-29,0.0946800752320125
FAN,2024-01-31,-0.07038838664371772
FAN,2024-02-29,-0.00913832321545871
FAN,2024-03-28,0.01752713517490001
FAN,2024-04-30,-0.00778208156958804
FAN,2024-05-31,0.13986917235877327
FAN,2024-06-28,-0.06334867467431826
FAN,2024-07-31,0.05428775000874153
FAN,2024-08-30,-0.00585154181516534
FAN,2024-09-30,0.06460112508261262
FAN,2024-10-31,-0.07760546836528848
FAN,2024-11-29,-0.03064884322253425
FAN,2024-12-31,-0.08096120148134212
FAN,2025-01-31,-0.002702697203462834
FAN,2025-02-28,0.028455259404420508
FAN,2025-03-31,-0.00984967846384488
FAN,2025-04-30,0.04663562506685115
FAN,2025-05-30,0.09038809047688678
FAN,2025-06-30,0.06523742639799224
FAN,2025-07-31,0.040793896136111396
FAN,2025-08-29,-0.018008366357712635
FAN,2025-09-30,0.04123454907277013
FAN,2025-10-31,0.053097300039745
FAN,2025-11-28,-0.01779530001883256
FAN,2025-12-31,0.0329717267631362
FAN,2026-01-30,0.10014658640509277
FAN,2026-02-27,0.08658967845742516
FAN,2026-03-31,0.011033866242356583
FAN,2026-04-30,0.09296694792726568
FAN,2026-05-29,-0.029955689237818772
FAN,2026-06-30,-0.04425871329324538
FAN,2026-07-31,-0.0500400329426145
FAN,2026-08-31,-0.00421409116724758
FAN,2026-09-21,-0.0038086436070926544
GREK,2015-01-30,-0.2358079632853457
GREK,2015-02-27,0.23333352289991383
GREK,2015-03-31,-0.14903479262762365
GREK,2015-04-30,0.12159710068438256
GREK,2015-05-29,-0.014563128908343659
GREK,2015-06-30,-0.1740556538484651
GREK,2015-07-31,-0.028827302192396265
GREK,2015-08-31,-0.05834169429618907
GREK,2015-09-30,0.044565157121507104
GREK,2015-10-30,0.09261170376795769
GREK,2015-11-30,-0.17047611542329943
GREK,2015-12-31,-0.07247111212880719
GREK,2016-01-29,-0.11180907043011401
GREK,2016-02-29,-0.08769438376752436
GREK,2016-03-31,0.16744170378854606
GREK,2016-04-29,0.042496877396368093
GREK,2016-05-31,0.07133757634432514
GREK,2016-06-30,-0.14030930680807185
GREK,2016-07-29,0.03872752935005508
GREK,2016-08-31,-0.02130491350100583
GREK,2016-09-30,-0.0231291726636228
GREK,2016-10-31,0.013927610513885025
GREK,2016-11-30,0.08928592870093532
GREK,2016-12-30,0.001616996524347769
GREK,2017-01-31,-0.02824138584927538
GREK,2017-02-28,0.018494198613765445
GREK,2017-03-31,0.03242504932917134
GREK,2017-04-28,0.07663322099165559
GREK,2017-05-31,0.07701318341255092
GREK,2017-06-30,0.09534099367199511
GREK,2017-07-31,0.006924014406881396
GREK,2017-08-31,0.00884063726179285
GREK,2017-09-29,-0.07887033379267128
GREK,2017-10-31,-0.02008477762755967
GREK,2017-11-30,-0.016181085018301733
GREK,2017-12-29,0.15141577433659714
GREK,2018-01-31,0.09727645794305073
GREK,2018-02-28,-0.09042559698768071
GREK,2018-03-29,-0.05458087046803284
GREK,2018-04-30,0.09999985856807503
GREK,2018-05-31,-0.14714155832437792
GREK,2018-06-29,0.0032966151032929325
GREK,2018-07-31,0.01971540596003618
GREK,2018-08-31,-0.06337277895706384
GREK,2018-09-28,-0.04931177844829848
GREK,2018-10-31,-0.06996374465427369
GREK,2018-11-30,-0.025940404288225083
GREK,2018-12-31,-0.05890754729510894
GREK,2019-01-31,0.0623184219120021
GREK,2019-02-28,0.0750340643275953
GREK,2019-03-29,0.02030491059774442
GREK,2019-04-30,0.0572136746424734
GREK,2019-05-31,0.0705884446622842
GREK,2019-06-28,0.05521939858835134
GREK,2019-07-31,0.010460343906820047
GREK,2019-08-30,-0.048654233295135185
GREK,2019-09-30,0.015233844627519089
GREK,2019-10-31,0.0568058675240426
GREK,2019-11-29,0.006085549788482636
GREK,2019-12-31,0.040098609190709844
GREK,2020-01-31,-0.060217216852254674
GREK,2020-02-28,-0.21743711048843817
GREK,2020-03-31,-0.236241300771728
GREK,2020-04-30,0.09197404578664936
GREK,2020-05-29,0.04667368097237157
GREK,2020-06-30,0.01978152599294547
GREK,2020-07-31,-0.004554859606491046
GREK,2020-08-31,0.04931366230493972
GREK,2020-09-30,-0.03197647693132899
GREK,2020-10-30,-0.10460481158062851
GREK,2020-11-30,0.28842950159595326
GREK,2020-12-31,0.12751741654319004
GREK,2021-01-29,-0.08876666129591171
GREK,2021-02-26,0.07198303320258481
GREK,2021-03-31,0.06312837255980863
GREK,2021-04-30,0.07866847995883952
GREK,2021-05-28,-0.007713983924812817
GREK,2021-06-30,-0.016254164929211057
GREK,2021-07-30,-0.005028821359245539
GREK,2021-08-31,0.04981944396319782
GREK,2021-09-30,-0.07083917756322788
GREK,2021-10-29,0.03774999278334046
GREK,2021-11-30,-0.07489293028014887
GREK,2021-12-31,0.04172985091233139
GREK,2022-01-31,0.07145559354178621
GREK,2022-02-28,-0.04410736738614873
GREK,2022-03-31,-0.018456989594882955
GREK,2022-04-29,-0.017299777725943488
GREK,2022-05-31,0.014542724621338987
GREK,2022-06-30,-0.10329997833875693
GREK,2022-07-29,0.011387857141997637
GREK,2022-08-31,-0.024186982402520707
GREK,2022-09-30,-0.09358967974704091
GREK,2022-10-31,0.13201322385670156
GREK,2022-11-30,0.10412330419667826
GREK,2022-12-30,0.03135880454635953
GREK,2023-01-31,0.14189185989572572
GREK,2023-02-28,0.07034847714553272
GREK,2023-03-31,-0.06756762613682121
GREK,2023-04-28,0.03194984121846289
GREK,2023-05-31,0.08522195220043338
GREK,2023-06-30,0.09864106197537437
GREK,2023-07-31,0.05224877530037486
GREK,2023-08-31,-0.03813676970800506
GREK,2023-09-29,-0.11575302272561205
GREK,2023-10-31,0.012940061250996227
GREK,2023-11-30,0.111111223363485
GREK,2023-12-29,0.010481425449311521
GREK,2024-01-31,0.05155207587941524
GREK,2024-02-29,0.02977396477982741
GREK,2024-03-28,-0.002741644631544027
GREK,2024-04-30,0.010247433662901928
GREK,2024-05-31,0.018555019349602686
GREK,2024-06-28,-0.031024464347368608
GREK,2024-07-31,0.07970828884138914
GREK,2024-08-30,-0.024685725033240846
GREK,2024-09-30,0.03128001068964581
GREK,2024-10-31,-0.08150038812594329
GREK,2024-11-29,-0.019662213866567635
GREK,2024-12-31,0.040316429571314094
GREK,2025-01-31,0.06651194021406015
GREK,2025-02-28,0.029248227600426002
GREK,2025-03-31,0.10310009934536835
GREK,2025-04-30,0.05428990788592847
GREK,2025-05-30,0.1106623700131053
GREK,2025-06-30,0.07122095002208839
GREK,2025-07-31,0.042556799075362584
GREK,2025-08-29,0.04263762039908414
GREK,2025-09-30,0.020764036692180854
GREK,2025-10-31,-0.03385091835575782
GREK,2025-11-28,0.04982316106362439
GREK,2025-12-31,0.03025883954658526
GREK,2026-01-30,0.11894999064753131
GREK,2026-02-27,-0.04162702488352377
GREK,2026-03-31,-0.09634982227368971
GREK,2026-04-30,0.09519336638603826
GREK,2026-05-29,0.06304506267125354
GREK,2026-06-30,0.022870650885249866
GREK,2026-07-31,0.06238409383407495
GREK,2026-08-31,0.06208706412886178
GREK,2026-09-21,0.010212408642503279
GRID,2015-01-30,-0.04307391644387348
GRID,2015-02-27,0.054427572892219445
GRID,2015-03-31,0.013084496912699084
GRID,2015-04-30,0.012675642290158828
GRID,2015-05-29,0.005442340246411659
GRID,2015-06-30,-0.025447863795955317
GRID,2015-07-31,-0.039687040664128204
GRID,2015-08-31,-0.039580833095100965
GRID,2015-09-30,-0.03841451460526735
GRID,2015-10-30,0.04295649668061574
GRID,2015-11-30,0.003028410167956519
GRID,2015-12-31,0.01053512409790347
GRID,2016-01-29,-0.0844565847259725
GRID,2016-02-29,0.024860943408888225
GRID,2016-03-31,0.10916051708740526
GRID,2016-04-29,0.046042983420049755
GRID,2016-05-31,0.0055020793351976405
GRID,2016-06-30,-0.037310558962496576
GRID,2016-07-29,0.07490010514798673
GRID,2016-08-31,0.00531892342867768
GRID,2016-09-30,0.05099839524291916
GRID,2016-10-31,-0.04593635519591521
GRID,2016-11-30,0.05952388850736701
GRID,2016-12-30,0.01411524843771228
GRID,2017-01-31,0.007407581834784072
GRID,2017-02-28,-0.0049019022206339136
GRID,2017-03-31,0.03201958100654889
GRID,2017-04-28,0.030548967540432237
GRID,2017-05-31,-0.002084445209226349
GRID,2017-06-30,0.020345504207698317
GRID,2017-07-31,0.047968261334779605
GRID,2017-08-31,0.019710803588709913
GRID,2017-09-29,0.05597158560237836
GRID,2017-10-31,0.032382513912362576
GRID,2017-11-30,-0.013612062346774145
GRID,2017-12-29,0.021557678449033002
GRID,2018-01-31,0.030202140094325536
GRID,2018-02-28,-0.03655070976427388
GRID,2018-03-29,-0.01658024991879037
GRID,2018-04-30,-0.01669665108677154
GRID,2018-05-31,0.0448035867032619
GRID,2018-06-29,-0.03937106792564027
GRID,2018-07-31,0.024815682671895045
GRID,2018-08-31,6.005258573422712e-4
GRID,2018-09-28,-0.04665544318214887
GRID,2018-10-31,-0.11272361897390126
GRID,2018-11-30,0.008296098242063454
GRID,2018-12-31,-0.08232498624859408
GRID,2019-01-31,0.13528045332338823
GRID,2019-02-28,0.02437395706292067
GRID,2019-03-29,-0.037393616443133215
GRID,2019-04-30,0.059188049799460574
GRID,2019-05-31,-0.0621615953693575
GRID,2019-06-28,0.12204149105221185
GRID,2019-07-31,0.015317449649060233
GRID,2019-08-30,-0.024872362298810957
GRID,2019-09-30,0.041915529725560674
GRID,2019-10-31,0.033474197315042975
GRID,2019-11-29,0.026536730628535565
GRID,2019-12-31,0.045645994597870665
GRID,2020-01-31,-0.016930323504656397
GRID,2020-02-28,0.007592560150712968
GRID,2020-03-31,-0.2113116282898332
GRID,2020-04-30,0.14795788888291073
GRID,2020-05-29,0.08030063848972335
GRID,2020-06-30,0.03630290481443077
GRID,2020-07-31,0.056627876105834085
GRID,2020-08-31,0.1156299053130816
GRID,2020-09-30,-0.02255204244960196
GRID,2020-10-30,0.01458705529468296
GRID,2020-11-30,0.1790899505025927
GRID,2020-12-31,0.0755207582985673
GRID,2021-01-29,0.002716300129922189
GRID,2021-02-26,0.04530910329270066
GRID,2021-03-31,0.017097866993955213
GRID,2021-04-30,0.018424003855739723
GRID,2021-05-28,0.03197188499696857
GRID,2021-06-30,0.024872873851693678
GRID,2021-07-30,0.04168043931565557
GRID,2021-08-31,0.02622579711327022
GRID,2021-09-30,-0.06236392224463316
GRID,2021-10-29,0.09998948230626015
GRID,2021-11-30,-0.007460598933945239
GRID,2021-12-31,0.01581246823469762
GRID,2022-01-31,-0.10032157125810925
GRID,2022-02-28,-0.019486819437152136
GRID,2022-03-31,0.039968275722112256
GRID,2022-04-29,-0.09536462644125576
GRID,2022-05-31,0.014455337468606055
GRID,2022-06-30,-0.09665866726197125
GRID,2022-07-29,0.1520304187489614
GRID,2022-08-31,-0.063129446295070335
GRID,2022-09-30,-0.0980213528047833
GRID,2022-10-31,0.10486423892789443
GRID,2022-11-30,0.12197773036261883
GRID,2022-12-30,-0.06174977256721148
GRID,2023-01-31,0.09227452433294947
GRID,2023-02-28,-0.009235016649439265
GRID,2023-03-31,0.035308505197565676
GRID,2023-04-28,-0.00911351430764118
GRID,2023-05-31,0.016740491903388666
GRID,2023-06-30,0.07573477204094559
GRID,2023-07-31,0.005802899727312738
GRID,2023-08-31,-0.04549317739720371
GRID,2023-09-29,-0.0681042209147511
GRID,2023-10-31,-0.07817646947536516
GRID,2023-11-30,0.11750436845038936
GRID,2023-12-29,0.08632771926095062
GRID,2024-01-31,-0.04450382583323298
GRID,2024-02-29,0.08755609275405973
GRID,2024-03-28,0.054243199507041595
GRID,2024-04-30,-0.018322973032673495
GRID,2024-05-31,0.06514978551591089
GRID,2024-06-28,-0.03021222295062953
GRID,2024-07-31,0.03140682428448205
GRID,2024-08-30,0.02340422559321098
GRID,2024-09-30,0.045102547748677946
GRID,2024-10-31,-0.04385060933347096
GRID,2024-11-29,0.0358346956629656
GRID,2024-12-31,-0.05100356096213221
GRID,2025-01-31,0.01173118456661948
GRID,2025-02-28,-0.02799410889531384
GRID,2025-03-31,-0.03489453515634566
GRID,2025-04-30,0.04852830466516411
GRID,2025-05-30,0.09534635765159227
GRID,2025-06-30,0.07657256063818996
GRID,2025-07-31,0.023018420558346797
GRID,2025-08-29,0.004851550160183793
GRID,2025-09-30,0.058837095798393246
GRID,2025-10-31,0.039846574985865635
GRID,2025-11-28,-0.02813511394902546
GRID,2025-12-31,0.004408917570840165
GRID,2026-01-30,0.07744084301434451
GRID,2026-02-27,0.07872875253193712
GRID,2026-03-31,-0.07968881835219088
GRID,2026-04-30,0.16756327252647307
GRID,2026-05-29,0.010890609563541487
GRID,2026-06-30,-0.0028302212432040896
GRID,2026-07-31,-0.06466750402338661
GRID,2026-08-31,-0.005352699644253667
GRID,2026-09-21,0.015079334327092075
INDA,2015-01-30,0.05626846429112442
INDA,2015-02-27,0.0426792014664108
INDA,2015-03-31,-0.04421867269840307
INDA,2015-04-30,-0.08127566897994198
INDA,2015-05-29,0.03946943516417689
INDA,2015-06-30,-0.005331925378986635
INDA,2015-07-31,0.026768188865437414
INDA,2015-08-31,-0.09591250642834981
INDA,2015-09-30,0.017087946788028274
INDA,2015-10-30,-0.0031502451612124283
INDA,2015-11-30,-0.03581469787410474
INDA,2015-12-31,0.008866813729693668
INDA,2016-01-29,-0.05527284801696697
INDA,2016-02-29,-0.07544282914337408
INDA,2016-03-31,0.1290594258453024
INDA,2016-04-29,-0.002212301898151914
INDA,2016-05-31,0.02106409958969402
INDA,2016-06-30,0.016683343244250803
INDA,2016-07-29,0.0583809660675918
INDA,2016-08-31,3.383045649660854e-4
INDA,2016-09-30,-0.005074363689360206
INDA,2016-10-31,-0.012580761461696732
INDA,2016-11-30,-0.07265837160342903
INDA,2016-12-30,-0.0016841082762016901
INDA,2017-01-31,0.05781445346301384
INDA,2017-02-28,0.04619178514641553
INDA,2017-03-31,0.061341475910521526
INDA,2017-04-28,0.01873609399206555
INDA,2017-05-31,0.014650566025357747
INDA,2017-06-30,-0.010049739985162898
INDA,2017-07-31,0.07040519154193814
INDA,2017-08-31,-0.007276042505049429
INDA,2017-09-29,-0.03693949365179616
INDA,2017-10-31,0.07275543926938388
INDA,2017-11-30,-0.013053521681892555
INDA,2017-12-29,0.04494337028031237
INDA,2018-01-31,0.032714211394996306
INDA,2018-02-28,-0.07865770050955512
INDA,2018-03-29,-0.005536012378117627
INDA,2018-04-30,0.024025643348449144
INDA,2018-05-31,-0.03719585810308457
INDA,2018-06-29,-0.009338961432238002
INDA,2018-07-31,0.07029164558497647
INDA,2018-08-31,0.0014032029807069524
INDA,2018-09-28,-0.0899663510615889
INDA,2018-10-31,-0.07021872024400877
INDA,2018-11-30,0.10467032559118006
INDA,2018-12-31,0.008039789998069757
INDA,2019-01-31,-0.016196580637402924
INDA,2019-02-28,-0.0033536112676170182
INDA,2019-03-29,0.0783113714744963
INDA,2019-04-30,0.0073757289039515506
INDA,2019-05-31,0.013235805483443608
INDA,2019-06-28,-0.009968340708800039
INDA,2019-07-31,-0.06515566049674526
INDA,2019-08-30,-0.02484851498112961
INDA,2019-09-30,0.043194619585910976
INDA,2019-10-31,0.03217154724426008
INDA,2019-11-29,-0.005483482298813458
INDA,2019-12-31,0.02098051154214886
INDA,2020-01-31,-0.018776640462702665
INDA,2020-02-28,-0.06668622184577477
INDA,2020-03-31,-0.2510094824486879
INDA,2020-04-30,0.12194115981612774
INDA,2020-05-29,0.01626596892698351
INDA,2020-06-30,0.05850547758226843
INDA,2020-07-31,0.10062017484035146
INDA,2020-08-31,0.04477149946197234
INDA,2020-09-30,0.014683634870544138
INDA,2020-10-30,-0.007973832405708259
INDA,2020-11-30,0.08603737296438307
INDA,2020-12-31,0.1034385350322411
INDA,2021-01-29,-0.02685233574607071
INDA,2021-02-26,0.048288161034123034
INDA,2021-03-31,0.02802822502859903
INDA,2021-04-30,-0.02750107550204106
INDA,2021-05-28,0.07947336119098969
INDA,2021-06-30,2.5317334505858824e-4
INDA,2021-07-30,0.009943446043305215
INDA,2021-08-31,0.08749154109458801
INDA,2021-09-30,0.0018518932022677514
INDA,2021-10-29,0.0030807833886312697
INDA,2021-11-30,-0.027027040623863074
INDA,2021-12-31,0.026168106068479524
INDA,2022-01-31,6.544458649904161e-4
INDA,2022-02-28,-0.046217568817691346
INDA,2022-03-31,0.018742848575100002
INDA,2022-04-29,-0.020865999797199497
INDA,2022-05-31,-0.050641682369917396
INDA,2022-06-30,-0.049722431416238555
INDA,2022-07-29,0.08407422566867062
INDA,2022-08-31,0.007966236958952377
INDA,2022-09-30,-0.05206887334917376
INDA,2022-10-31,0.034821074154505416
INDA,2022-11-30,0.04834127226155771
INDA,2022-12-30,-0.056509940911865564
INDA,2023-01-31,-0.017968346359875653
INDA,2023-02-28,-0.05342767800022319
INDA,2023-03-31,0.014432957982501327
INDA,2023-04-28,0.04471530839939608
INDA,2023-05-31,0.01410508987540915
INDA,2023-06-30,0.04994930920755647
INDA,2023-07-31,0.024256225705395318
INDA,2023-08-31,-0.017649579553631
INDA,2023-09-29,0.005685670546041965
INDA,2023-10-31,-0.02216192798068528
INDA,2023-11-30,0.06429233433655979
INDA,2023-12-29,0.06062577480442877
INDA,2024-01-31,0.022126614850388915
INDA,2024-02-29,0.025456034791218274
INDA,2024-03-28,0.008404983327773063
INDA,2024-04-30,0.014731504810875595
INDA,2024-05-31,0.012607426470868877
INDA,2024-06-28,0.05225427719034759
INDA,2024-07-31,0.02940127625106581
INDA,2024-08-30,0.00522470535710462
INDA,2024-09-30,0.014033164492905259
INDA,2024-10-31,-0.06338625784238916
INDA,2024-11-29,-7.296997030946661e-4
INDA,2024-12-31,-0.03211325836064016
INDA,2025-01-31,-0.03134494168527879
INDA,2025-02-28,-0.05667784093378758
INDA,2025-03-31,0.07027029470559665
INDA,2025-04-30,0.04059829392331604
INDA,2025-05-30,0.013813733109621307
INDA,2025-06-30,0.025225536682798033
INDA,2025-07-31,-0.05459771729284202
INDA,2025-08-29,-0.012537991167642315
INDA,2025-09-30,0.0015390887218011962
INDA,2025-10-31,0.03668843252071108
INDA,2025-11-28,0.013711281212379633
INDA,2025-12-31,-0.01206360552836172
INDA,2026-01-30,-0.042738160799266955
INDA,2026-02-27,0.01024350139357355
INDA,2026-03-31,-0.10388368581636898
INDA,2026-04-30,0.05508108471291018
INDA,2026-05-29,-0.01740179740020109
INDA,2026-06-30,0.017092215668962796
INDA,2026-07-31,0.008301272574990914
INDA,2026-08-31,-0.0020080015191380474
INDA,2026-09-21,-0.024144884195540617
ITA,2015-01-30,-6.1115200768036e-4
ITA,2015-02-27,0.07796514865260895
ITA,2015-03-31,0.007744871358365213
ITA,2015-04-30,-0.029730167093025006
ITA,2015-05-29,0.012156454590759758
ITA,2015-06-30,-0.017990845802734134
ITA,2015-07-31,-0.009232785587001135
ITA,2015-08-31,-0.038631061794711874
ITA,2015-09-30,-0.03707296757805867
ITA,2015-10-30,0.08457164701562037
ITA,2015-11-30,0.014461921826198099
ITA,2015-12-31,-0.012552487791801958
ITA,2016-01-29,-0.07443780736203887
ITA,2016-02-29,0.02513304972657182
ITA,2016-03-31,0.0448789351082739
ITA,2016-04-29,0.04260416189271643
ITA,2016-05-31,0.01772341749521522
ITA,2016-06-30,0.00978881325079195
ITA,2016-07-29,0.0366605518671852
ITA,2016-08-31,0.005405104157907736
ITA,2016-09-30,-0.006083036679295217
ITA,2016-10-31,0.009375302701343458
ITA,2016-11-30,0.10009974516032405
ITA,2016-12-30,-0.01589962347170859
ITA,2017-01-31,0.013307541756114594
ITA,2017-02-28,0.06587512710820542
ITA,2017-03-31,-0.018024457871876676
ITA,2017-04-28,0.03388910163286063
ITA,2017-05-31,0.0263396155421467
ITA,2017-06-30,-5.115141061524664e-4
ITA,2017-07-31,0.047982332587886756
ITA,2017-08-31,0.03674945592989065
ITA,2017-09-29,0.045593763364435436
ITA,2017-10-31,0.013648512248542577
ITA,2017-11-30,0.02975577183005007
ITA,2017-12-29,0.013942593501219402
ITA,2018-01-31,0.08048492481673897
ITA,2018-02-28,-0.0018698080291208452
ITA,2018-03-29,-0.022163950173715308
ITA,2018-04-30,-0.028338891808821876
ITA,2018-05-31,0.03504011477535407
ITA,2018-06-29,-0.031059903960235724
ITA,2018-07-31,0.06946549436866101
ITA,2018-08-31,0.007918827520046134
ITA,2018-09-28,0.047403282513554856
ITA,2018-10-31,-0.11417058106572087
ITA,2018-11-30,0.0015123917957919897
ITA,2018-12-31,-0.09860664265678831
ITA,2019-01-31,0.12518780454018907
ITA,2019-02-28,0.07516728154302177
ITA,2019-03-29,-0.04280933714194224
ITA,2019-04-30,0.05030571254697791
ITA,2019-05-31,-0.03663785078676807
ITA,2019-06-28,0.06391280782277375
ITA,2019-07-31,0.004995103199161743
ITA,2019-08-30,0.030332521256269063
ITA,2019-09-30,0.01565249373585531
ITA,2019-10-31,-0.020471627123955227
ITA,2019-11-29,0.05197618977941576
ITA,2019-12-31,-0.03390302368802234
ITA,2020-01-31,0.025306457543539995
ITA,2020-02-28,-0.11774299245261477
ITA,2020-03-31,-0.2796402014017275
ITA,2020-04-30,0.08279456926264239
ITA,2020-05-29,0.05643290994883832
ITA,2020-06-30,0.003485632146249973
ITA,2020-07-31,-0.048688503452814724
ITA,2020-08-31,0.06604960999584275
ITA,2020-09-30,-0.049315772782748235
ITA,2020-10-30,-0.046587669221574424
ITA,2020-11-30,0.22366406321731724
ITA,2020-12-31,0.02721980873915686
ITA,2021-01-29,-0.05954401502214235
ITA,2021-02-26,0.07330498084332415
ITA,2021-03-31,0.09233504710719398
ITA,2021-04-30,0.02238024188008314
ITA,2021-05-28,0.036264547418026316
ITA,2021-06-30,-0.00529491285452921
ITA,2021-07-30,-0.014242499825055654
ITA,2021-08-31,-0.018431088963526965
ITA,2021-09-30,-0.014721302799849623
ITA,2021-10-29,0.0024942325108667784
ITA,2021-11-30,-0.061244104541634425
ITA,2021-12-31,0.04933426238745109
ITA,2022-01-31,-0.016053946590062984
ITA,2022-02-28,0.10649684070231125
ITA,2022-03-31,-0.008496908338389342
ITA,2022-04-29,-0.07157684587967228
ITA,2022-05-31,-0.00661085456343069
ITA,2022-06-30,-0.026879693905455526
ITA,2022-07-29,0.04668748531637368
ITA,2022-08-31,-0.02013474360051537
ITA,2022-09-30,-0.09979351027870298
ITA,2022-10-31,0.17567702343722869
ITA,2022-11-30,0.043932485625216344
ITA,2022-12-30,0.0016160976530343873
ITA,2023-01-31,0.025120589276594663
ITA,2023-02-28,3.4892336518366207e-4
ITA,2023-03-31,0.005764492756843875
ITA,2023-04-28,-0.009732158451698392
ITA,2023-05-31,-0.04650746228488223
ITA,2023-06-30,0.07597608514968957
ITA,2023-07-31,0.008999702943217613
ITA,2023-08-31,-0.013166813417062828
ITA,2023-09-29,-0.0858723200058068
ITA,2023-10-31,0.0367084080921567
ITA,2023-11-30,0.09102515132822897
ITA,2023-12-29,0.05986115486052235
ITA,2024-01-31,-0.031200610257133055
ITA,2024-02-29,0.042641596341068455
ITA,2024-03-28,0.03379072141156536
ITA,2024-04-30,-0.015765931642454656
ITA,2024-05-31,0.047516473866628495
ITA,2024-06-28,-0.02705038594092679
ITA,2024-07-31,0.08428606591565968
ITA,2024-08-30,0.03163869752613779
ITA,2024-09-30,0.014609573212324367
ITA,2024-10-31,-0.03481700773545049
ITA,2024-11-29,0.07713112581082404
ITA,2024-12-31,-0.06295706017446823
ITA,2025-01-31,0.07726178180373156
ITA,2025-02-28,-0.011432021457935426
ITA,2025-03-31,-0.009284377432543178
ITA,2025-04-30,0.02488589306171196
ITA,2025-05-30,0.12956454573111187
ITA,2025-06-30,0.06533625472125615
ITA,2025-07-31,0.0421967355594457
ITA,2025-08-29,0.009257416710974686
ITA,2025-09-30,0.05856542780032559
ITA,2025-10-31,0.03120515251216105
ITA,2025-11-28,-0.04953882137071841
ITA,2025-12-31,0.046757733400458745
ITA,2026-01-30,0.08239775709660635
ITA,2026-02-27,0.04879945752415016
ITA,2026-03-31,-0.10187110448087944
ITA,2026-04-30,-8.685925488191026e-4
ITA,2026-05-29,0.0772328207313362
ITA,2026-06-30,0.03036935173346822
ITA,2026-07-31,-0.011385141485758199
ITA,2026-08-31,-0.04719185893678368
ITA,2026-09-21,-0.052373329672598334
KSA,2015-09-30,-0.01982124366869431
KSA,2015-10-30,-0.010309354148563377
KSA,2015-11-30,0.005608993169580412
KSA,2015-12-31,-0.03470440246492412
KSA,2016-01-29,-0.13294804942880378
KSA,2016-02-29,0.005761916648454379
KSA,2016-03-31,0.05108684128801011
KSA,2016-04-29,0.09117127619970478
KSA,2016-05-31,-0.0381442869831885
KSA,2016-06-30,0.01466658138536081
KSA,2016-07-29,-0.04062223562167844
KSA,2016-08-31,-0.02797291492732179
KSA,2016-09-30,-0.04351461058069028
KSA,2016-10-31,0.056685716375225015
KSA,2016-11-30,0.14773038837277408
KSA,2016-12-30,0.019680076273462355
KSA,2017-01-31,0.0017027621859990738
KSA,2017-02-28,-0.026326425691078015
KSA,2017-03-31,0.008322494980024464
KSA,2017-04-28,0.00495228164885253
KSA,2017-05-31,-0.00612997648254654
KSA,2017-06-30,0.10452410676097323
KSA,2017-07-31,-0.045759640749664654
KSA,2017-08-31,0.008926225673952404
KSA,2017-09-29,0.0011488454384611657
KSA,2017-10-31,-0.03596004843865808
KSA,2017-11-30,0.0027777534923332237
KSA,2017-12-29,0.0499807770208478
KSA,2018-01-31,0.05882360294076938
KSA,2018-02-28,-0.037518013911925996
KSA,2018-03-29,0.0978261898053332
KSA,2018-04-30,0.044042349926615376
KSA,2018-05-31,0.014715311255678154
KSA,2018-06-29,0.02034208817516303
KSA,2018-07-31,-0.004781845377401783
KSA,2018-08-31,-0.055092836090832376
KSA,2018-09-28,0.011559368534616699
KSA,2018-10-31,-0.004054937664850433
KSA,2018-11-30,-0.039703681376201616
KSA,2018-12-31,0.027691789338652573
KSA,2019-01-31,0.10522701398247003
KSA,2019-02-28,-0.004071541213629182
KSA,2019-03-29,0.04716977612930684
KSA,2019-04-30,0.055555742041512035
KSA,2019-05-31,-0.08250369051035544
KSA,2019-06-28,0.0330022561068557
KSA,2019-07-31,-0.014536614720170427
KSA,2019-08-30,-0.06883834886743556
KSA,2019-09-30,0.00594062834145892
KSA,2019-10-31,-0.05446189202381535
KSA,2019-11-29,0.01838993275885148
KSA,2019-12-31,0.06632050946738666
KSA,2020-01-31,-0.03395846807310421
KSA,2020-02-28,-0.09440921185869011
KSA,2020-03-31,-0.11534187882786384
KSA,2020-04-30,0.06853317859659303
KSA,2020-05-29,0.04536557853017964
KSA,2020-06-30,0.0016036509321006864
KSA,2020-07-31,0.020136654037001156
KSA,2020-08-31,0.07523284958026721
KSA,2020-09-30,0.028749664065681246
KSA,2020-10-30,-0.046464912058227226
KSA,2020-11-30,0.10346074457870613
KSA,2020-12-31,-0.0014726010815377943
KSA,2021-01-29,0.0012858076673829544
KSA,2021-02-26,0.03178164307084752
KSA,2021-03-31,0.11792148495412236
KSA,2021-04-30,0.051489236716671494
KSA,2021-05-28,0.020116276778604725
KSA,2021-06-30,0.03249584973583852
KSA,2021-07-30,0.008117636455733379
KSA,2021-08-31,0.037493758881381956
KSA,2021-09-30,0.013824821276744892
KSA,2021-10-29,0.03444993237266858
KSA,2021-11-30,-0.08903803055683102
KSA,2021-12-31,0.045478388187220053
KSA,2022-01-31,0.11347504880813752
KSA,2022-02-28,0.023281484229858984
KSA,2022-03-31,0.018673536819738157
KSA,2022-04-29,0.06763591005741287
KSA,2022-05-31,-0.07696854202234571
KSA,2022-06-30,-0.1085612245226868
KSA,2022-07-29,0.06475020222880423
KSA,2022-08-31,0.006126491647704402
KSA,2022-09-30,-0.07532703989476863
KSA,2022-10-31,0.044878073810669994
KSA,2022-11-30,-0.07959858002019016
KSA,2022-12-30,-0.03288716494942068
KSA,2023-01-31,0.039501587576401764
KSA,2023-02-28,-0.07472586292245398
KSA,2023-03-31,0.06753053497144057
KSA,2023-04-28,0.06300003887826167
KSA,2023-05-31,-0.028661657385819495
KSA,2023-06-30,0.04586774617403888
KSA,2023-07-31,0.017904507406090397
KSA,2023-08-31,-0.027810436431996655
KSA,2023-09-29,-0.05281176552462319
KSA,2023-10-31,-0.02194141281992279
KSA,2023-11-30,0.04513069871262054
KSA,2023-12-29,0.08292691525060225
KSA,2024-01-31,-0.016064326701672793
KSA,2024-02-29,0.06794694522789468
KSA,2024-03-28,-0.00719406510266718
KSA,2024-04-30,-0.025815123330867218
KSA,2024-05-31,-0.06764303942413097
KSA,2024-06-28,0.027861976576704972
KSA,2024-07-31,0.03643514709334794
KSA,2024-08-30,0.006413344251553932
KSA,2024-09-30,0.007788612991012078
KSA,2024-10-31,-0.01779866850789069
KSA,2024-11-29,-0.020982321729062448
KSA,2024-12-31,0.013853076134895614
KSA,2025-01-31,0.0347697635855273
KSA,2025-02-28,-0.02673904579358133
KSA,2025-03-31,0.005834995506992291
KSA,2025-04-30,-0.022721740970321425
KSA,2025-05-30,-0.05194160344910914
KSA,2025-06-30,0.022917656782295515
KSA,2025-07-31,-0.025428122135295883
KSA,2025-08-29,-0.0053248084078163505
KSA,2025-09-30,0.08618843576364466
KSA,2025-10-31,-0.007392893649321386
KSA,2025-11-28,-0.07050645008096657
KSA,2025-12-31,-0.01574556080008571
KSA,2026-01-30,0.09475418192401275
KSA,2026-02-27,-0.06748623212809834
KSA,2026-03-31,0.06941081037994024
KSA,2026-04-30,-0.016352226259905178
KSA,2026-05-29,-0.00895132912894514
KSA,2026-06-30,-0.022440819276857926
KSA,2026-07-31,-0.00938092404008628
KSA,2026-08-31,0.04978355514518662
KSA,2026-09-21,-0.04226802633753568
MCHI,2015-01-30,0.0027857727759819095
MCHI,2015-02-27,0.052777672814415144
MCHI,2015-03-31,0.02713908544157917
MCHI,2015-04-30,0.15009174353292853
MCHI,2015-05-29,-0.04514999824708954
MCHI,2015-06-30,-0.05409504657830788
MCHI,2015-07-31,-0.1070665554340351
MCHI,2015-08-31,-0.11870480831532138
MCHI,2015-09-30,-0.006575916550258021
MCHI,2015-10-30,0.07966206264282794
MCHI,2015-11-30,-0.011627732178828065
MCHI,2015-12-31,-0.032094088198129755
MCHI,2016-01-29,-0.11967758606376844
MCHI,2016-02-29,-0.02367596724329346
MCHI,2016-03-31,0.10847453672073915
MCHI,2016-04-29,-0.005645855851740267
MCHI,2016-05-31,-4.730684375613414e-4
MCHI,2016-06-30,0.010643127314874379
MCHI,2016-07-29,0.038452468134795303
MCHI,2016-08-31,0.062244198308669896
MCHI,2016-09-30,0.03721152200116662
MCHI,2016-10-31,-0.02948435983820563
MCHI,2016-11-30,-0.009560544749663502
MCHI,2016-12-30,-0.052909930255422344
MCHI,2017-01-31,0.07500580545909186
MCHI,2017-02-28,0.036162550095383716
MCHI,2017-03-31,0.025045994800089844
MCHI,2017-04-28,0.024634496615886015
MCHI,2017-05-31,0.051016375374933975
MCHI,2017-06-30,0.0206770725699994
MCHI,2017-07-31,0.08630458062113688
MCHI,2017-08-31,0.043595389915588756
MCHI,2017-09-29,0.01758064962917283
MCHI,2017-10-31,0.035029350997062725
MCHI,2017-11-30,0.014395010676467423
MCHI,2017-12-29,0.017522655394554887
MCHI,2018-01-31,0.1242862735321022
MCHI,2018-02-28,-0.07499016783449852
MCHI,2018-03-29,-0.009103955404713537
MCHI,2018-04-30,-0.02508392662128156
MCHI,2018-05-31,0.029618615226049805
MCHI,2018-06-29,-0.057180724172444686
MCHI,2018-07-31,-0.0120743964503498
MCHI,2018-08-31,-0.04826080995401738
MCHI,2018-09-28,-0.013994039942563985
MCHI,2018-10-31,-0.11086983978468168
MCHI,2018-11-30,0.07943648766946643
MCHI,2018-12-31,-0.07564184374748384
MCHI,2019-01-31,0.12713791311307432
MCHI,2019-02-28,0.023604915776035407
MCHI,2019-03-29,0.028331451264934637
MCHI,2019-04-30,0.017459447774415437
MCHI,2019-05-31,-0.12893575711978844
MCHI,2019-06-28,0.08133780029988258
MCHI,2019-07-31,-0.016484616083641157
MCHI,2019-08-30,-0.03506072114843728
MCHI,2019-09-30,-0.006026050418019735
MCHI,2019-10-31,0.04261750547803178
MCHI,2019-11-29,0.020352489527839746
MCHI,2019-12-31,0.08427451682283604
MCHI,2020-01-31,-0.06210029143179974
MCHI,2020-02-28,0.03360526155020116
MCHI,2020-03-31,-0.07854514847126448
MCHI,2020-04-30,0.04768576734740315
MCHI,2020-05-29,0.017005680689662128
MCHI,2020-06-30,0.07695319926401445
MCHI,2020-07-31,0.09258984108233825
MCHI,2020-08-31,0.05789401316547216
MCHI,2020-09-30,-0.019563830791952008
MCHI,2020-10-30,0.04786304760244997
MCHI,2020-11-30,0.026891181366757166
MCHI,2020-12-31,0.02229196479888329
MCHI,2021-01-29,0.08089389003320413
MCHI,2021-02-26,-0.004684489912892165
MCHI,2021-03-31,-0.06210561353680322
MCHI,2021-04-30,0.0034273238385524873
MCHI,2021-05-28,-0.0017077564776240006
MCHI,2021-06-30,0.009527855411147534
MCHI,2021-07-30,-0.13549275255366655
MCHI,2021-08-31,-0.006734931557269674
MCHI,2021-09-30,-0.04605157938152493
MCHI,2021-10-29,0.025321944618249992
MCHI,2021-11-30,-0.05820330760379644
MCHI,2021-12-31,-0.030399399551681694
MCHI,2022-01-31,-0.0027081744853867384
MCHI,2022-02-28,-0.063738054983915493
MCHI,2022-03-31,-0.09759432793811351
MCHI,2022-04-29,-0.04594428984504484
MCHI,2022-05-31,0.02635735698175945
MCHI,2022-06-30,0.08367836379723848
MCHI,2022-07-29,-0.10965773678171065
MCHI,2022-08-31,0
MCHI,2022-09-30,-0.14348960055260684
MCHI,2022-10-31,-0.16400383558668108
MCHI,2022-11-30,0.3212476765799257
MCHI,2022-12-30,0.025534832117542816
MCHI,2023-01-31,0.1280000482921
MCHI,2023-02-28,-0.1067562681399008
MCHI,2023-03-31,0.04241546809814167
MCHI,2023-04-28,-0.04349579620266386
MCHI,2023-05-31,-0.0938809664260929
MCHI,2023-06-30,0.044432694034805875
MCHI,2023-07-31,0.11309780304789063
MCHI,2023-08-31,-0.09819270524968926
MCHI,2023-09-29,-0.03607206235692351
MCHI,2023-10-31,-0.034188130911965264
MCHI,2023-11-30,0.020808434087277172
MCHI,2023-12-29,-0.02194340857115651
MCHI,2024-01-31,-0.10309261574675388
MCHI,2024-02-29,0.06704982422759609
MCHI,2024-03-28,0.01897908031884299
MCHI,2024-04-30,0.05386348108508687
MCHI,2024-05-31,0.046572832520760166
MCHI,2024-06-28,-0.0334536394266568
MCHI,2024-07-31,-0.015413855157098255
MCHI,2024-08-30,0.007466418987176482
MCHI,2024-09-30,0.2170690209026942
MCHI,2024-10-31,-0.03260654074823588
MCHI,2024-11-29,-0.03918783370200485
MCHI,2024-12-31,0.009213646581705648
MCHI,2025-01-31,0.033077385600460474
MCHI,2025-02-28,0.10679608816444253
MCHI,2025-03-31,0.01530416458422068
MCHI,2025-04-30,-0.05036759185358697
MCHI,2025-05-30,0.022454457720773258
MCHI,2025-06-30,0.053475130681405636
MCHI,2025-07-31,0.04228672994223737
MCHI,2025-08-29,0.06756062753185765
MCHI,2025-09-30,0.07404985380171647
MCHI,2025-10-31,-0.03462416643852817
MCHI,2025-11-28,-0.021551001481026066
MCHI,2025-12-31,-0.022440489291178145
MCHI,2026-01-30,0.03878814153933652
MCHI,2026-02-27,-0.05352568266249902
MCHI,2026-03-31,-0.04876396999016275
MCHI,2026-04-30,0.024741894997814873
MCHI,2026-05-29,-0.04290431860638555
MCHI,2026-06-30,-0.06772762542760713
MCHI,2026-07-31,0.09347443801427024
MCHI,2026-08-31,-0.019354803425160716
MCHI,2026-09-21,-0.013157916751484144
PAVE,2017-03-31,0.0020338690065515586
PAVE,2017-04-28,-0.006765894019460594
PAVE,2017-05-31,-0.029291500042489482
PAVE,2017-06-30,0.023508799976787786
PAVE,2017-07-31,-0.004456511165770394
PAVE,2017-08-31,-0.0075758331849647975
PAVE,2017-09-29,0.06939611297545056
PAVE,2017-10-31,0.009734127837731421
PAVE,2017-11-30,0.038560305498526626
PAVE,2017-12-29,0.04152998987858059
PAVE,2018-01-31,0.03218127584612174
PAVE,2018-02-28,-0.05773692303384681
PAVE,2018-03-29,-0.016544020121177505
PAVE,2018-04-30,-0.026168179352902943
PAVE,2018-05-31,0.053103098062633025
PAVE,2018-06-29,-0.010935677679888012
PAVE,2018-07-31,0.05159720834517634
PAVE,2018-08-31,0.006425077975049431
PAVE,2018-09-28,-0.004062498277534021
PAVE,2018-10-31,-0.11888136632636936
PAVE,2018-11-30,0.030423334604026575
PAVE,2018-12-31,-0.12927932554856758
PAVE,2019-01-31,0.11664173981249815
PAVE,2019-02-28,0.04723883760581615
PAVE,2019-03-29,-0.002541501446145289
PAVE,2019-04-30,0.04942696373528621
PAVE,2019-05-31,-0.10293762704237475
PAVE,2019-06-28,0.10734305136130962
PAVE,2019-07-31,-0.005521552392334761
PAVE,2019-08-30,-0.05070926179126167
PAVE,2019-09-30,0.05081879530435307
PAVE,2019-10-31,0.025355358370743097
PAVE,2019-11-29,0.050060437619669385
PAVE,2019-12-31,0.026077367582318933
PAVE,2020-01-31,-0.04154935567582141
PAVE,2020-02-28,-0.08728762078957353
PAVE,2020-03-31,-0.20988456129041944
PAVE,2020-04-30,0.12103995328436556
PAVE,2020-05-29,0.06521739914416358
PAVE,2020-06-30,0.041480615390115494
PAVE,2020-07-31,0.02992797272757297
PAVE,2020-08-31,0.08475867219047406
PAVE,2020-09-30,-0.011781928014704457
PAVE,2020-10-30,0.033869061737648254
PAVE,2020-11-30,0.16351125740666816
PAVE,2020-12-31,0.04861615050442669
PAVE,2021-01-29,-0.01933049849232571
PAVE,2021-02-26,0.0995194361953391
PAVE,2021-03-31,0.09575827718174645
PAVE,2021-04-30,0.030327330789823304
PAVE,2021-05-28,0.02594889555326807
PAVE,2021-06-30,-0.02641796159442522
PAVE,2021-07-30,0.02834946580852038
PAVE,2021-08-31,0.02794567488514388
PAVE,2021-09-30,-0.06649517796063353
PAVE,2021-10-29,0.08776052777190069
PAVE,2021-11-30,-0.015557060318848293
PAVE,2021-12-31,0.06170892181166243
PAVE,2022-01-31,-0.08614089200765196
PAVE,2022-02-28,0.017483678841633044
PAVE,2022-03-31,0.056406482513528866
PAVE,2022-04-29,-0.07072138445883969
PAVE,2022-05-31,-0.017123425815833038
PAVE,2022-06-30,-0.11535530165238794
PAVE,2022-07-29,0.15458935115177863
PAVE,2022-08-31,-0.02738682572191098
PAVE,2022-09-30,-0.0981618943719893
PAVE,2022-10-31,0.12315698894993754
PAVE,2022-11-30,0.07876439955850945
PAVE,2022-12-30,-0.04681760696547199
PAVE,2023-01-31,0.09248779631851001
PAVE,2023-02-28,0.008638620444566314
PAVE,2023-03-31,-0.028777134855765385
PAVE,2023-04-28,-0.02680778553440899
PAVE,2023-05-31,-0.011235842114070582
PAVE,2023-06-30,0.1551215167779565
PAVE,2023-07-31,0.030544032478426075
PAVE,2023-08-31,-0.0037048657613882874
PAVE,2023-09-29,-0.05856830771961108
PAVE,2023-10-31,-0.05200782931347703
PAVE,2023-11-30,0.09340263585596609
PAVE,2023-12-29,0.09924053414255929
PAVE,2024-01-31,-0.004062836313999729
PAVE,2024-02-29,0.09906792176319845
PAVE,2024-03-28,0.05540815897402518
PAVE,2024-04-30,-0.05827685052696552
PAVE,2024-05-31,0.03227538133033181
PAVE,2024-06-28,-0.04133305819852784
PAVE,2024-07-31,0.07941646162878424
PAVE,2024-08-30,-0.013513488646963112
PAVE,2024-09-30,0.04413993719722109
PAVE,2024-10-31,-9.717494065605292e-4
PAVE,2024-11-29,0.11211089038686883
PAVE,2024-12-31,-0.11332602423005822
PAVE,2025-01-31,0.04652312794072544
PAVE,2025-02-28,-0.04918414191348708
PAVE,2025-03-31,-0.06167620989768707
PAVE,2025-04-30,0.017227628320668265
PAVE,2025-05-30,0.08155286534527795
PAVE,2025-06-30,0.052537724093440374
PAVE,2025-07-31,0.048416681291386876
PAVE,2025-08-29,0.017946990095996984
PAVE,2025-09-30,0.024080907548091668
PAVE,2025-10-31,0.013226926884996715
PAVE,2025-11-28,0.005801981531902589
PAVE,2025-12-31,-0.00881223499790007
PAVE,2026-01-30,0.06193756690824803
PAVE,2026-02-27,0.08551729040107547
PAVE,2026-03-31,-0.07769103065967375
PAVE,2026-04-30,0.11769336565630195
PAVE,2026-05-29,-0.008452201849419194
PAVE,2026-06-30,0.04818537070605533
PAVE,2026-07-31,-0.043448703974044545
PAVE,2026-08-31,-0.02945351010353292
PAVE,2026-09-21,-0.029616067811508162
PICK,2015-01-30,-0.07801435792539413
PICK,2015-02-27,0.12797206895407842
PICK,2015-03-31,-0.08803444668049076
PICK,2015-04-30,0.09041461687941887
PICK,2015-05-29,-0.03740657769891442
PICK,2015-06-30,-0.0789846618441098
PICK,2015-07-31,-0.10942230026456046
PICK,2015-08-31,-0.08361779846864836
PICK,2015-09-30,-0.12383612637570374
PICK,2015-10-30,0.08289052892154714
PICK,2015-11-30,-0.10598618487113787
PICK,2015-12-31,-0.053707368927613075
PICK,2016-01-29,-0.12470284657912656
PICK,2016-02-29,0.1207596283868626
PICK,2016-03-31,0.1646489577537753
PICK,2016-04-29,0.1559249824931468
PICK,2016-05-31,-0.13489195653237052
PICK,2016-06-30,0.05092731909256898
PICK,2016-07-29,0.11022821925198101
PICK,2016-08-31,-0.03488359507823824
PICK,2016-09-30,0.08155731819212408
PICK,2016-10-31,0.034275596757584736
PICK,2016-11-30,0.10604809689862771
PICK,2016-12-30,-0.02798712317428742
PICK,2017-01-31,0.14646474287243882
PICK,2017-02-28,-0.033208990322182164
PICK,2017-03-31,-0.015772893455296866
PICK,2017-04-28,-0.032051228546457255
PICK,2017-05-31,-0.026122280206165693
PICK,2017-06-30,0.03473903319836191
PICK,2017-07-31,0.12819550833375093
PICK,2017-08-31,0.05385892573478901
PICK,2017-09-29,-0.034901956907725795
PICK,2017-10-31,0.023894189434343627
PICK,2017-11-30,-0.005676432385017693
PICK,2017-12-29,0.11353366292393452
PICK,2018-01-31,0.06121872196349831
PICK,2018-02-28,-0.038639628986193
PICK,2018-03-29,-0.05123105218284685
PICK,2018-04-30,0.0229712442066079
PICK,2018-05-31,0.010790243741576111
PICK,2018-06-29,-0.04497327850457822
PICK,2018-07-31,0.025743194563992544
PICK,2018-08-31,-0.08007173906857878
PICK,2018-09-28,0.05846052078572761
PICK,2018-10-31,-0.09420054519112409
PICK,2018-11-30,-0.03794051750100402
PICK,2018-12-31,-0.022151268656986578
PICK,2019-01-31,0.11119341215788348
PICK,2019-02-28,0.021013908066464637
PICK,2019-03-29,0.015027768646932449
PICK,2019-04-30,-0.008046435205778746
PICK,2019-05-31,-0.0889031428434729
PICK,2019-06-28,0.11221592185548301
PICK,2019-07-31,-0.06701893723631891
PICK,2019-08-30,-0.09483376079972061
PICK,2019-09-30,0.04065707313840328
PICK,2019-10-31,0.03005222293173948
PICK,2019-11-29,0.035740443954545675
PICK,2019-12-31,0.07311755451268342
PICK,2020-01-31,-0.09384449801408568
PICK,2020-02-28,-0.1276911995440615
PICK,2020-03-31,-0.1787234846356367
PICK,2020-04-30,0.10362693532749279
PICK,2020-05-29,0.1056335841107714
PICK,2020-06-30,0.05744794537617248
PICK,2020-07-31,0.07582552384269681
PICK,2020-08-31,0.05380810070033104
PICK,2020-09-30,-0.03703677931153482
PICK,2020-10-30,-0.0044811739925796346
PICK,2020-11-30,0.2138035191717893
PICK,2020-12-31,0.1534514101659119
PICK,2021-01-29,-0.008955031111468115
PICK,2021-02-26,0.13745883058464403
PICK,2021-03-31,0.014203007967032777
PICK,2021-04-30,0.08734884258113862
PICK,2021-05-28,0.037982881603139784
PICK,2021-06-30,-0.03576762305362302
PICK,2021-07-30,0.050475940910579276
PICK,2021-08-31,-0.04025274242137278
PICK,2021-09-30,-0.10452353291213323
PICK,2021-10-29,0.04046086210313371
PICK,2021-11-30,-0.04124450238390065
PICK,2021-12-31,0.09419483990975808
PICK,2022-01-31,0.0032848003475354215
PICK,2022-02-28,0.12231064147032877
PICK,2022-03-31,0.06730589048117008
PICK,2022-04-29,-0.11226107926273288
PICK,2022-05-31,0.007697484600665883
PICK,2022-06-30,-0.19188240255353095
PICK,2022-07-29,0.040426656230764246
PICK,2022-08-31,-0.01403106165230028
PICK,2022-09-30,-0.06869204295808184
PICK,2022-10-31,0.03614455578110065
PICK,2022-11-30,0.2277369479737572
PICK,2022-12-30,-0.028846138247980768
PICK,2023-01-31,0.13731717532961052
PICK,2023-02-28,-0.08749739188401118
PICK,2023-03-31,0.003995496088653017
PICK,2023-04-28,-0.034410406545381744
PICK,2023-05-31,-0.08606035437861714
PICK,2023-06-30,0.09430005998215862
PICK,2023-07-31,0.07587761919317115
PICK,2023-08-31,-0.07787742899850525
PICK,2023-09-29,-0.00946700202364581
PICK,2023-10-31,-0.05684095965687108
PICK,2023-11-30,0.08293337715555982
PICK,2023-12-29,0.08603759120794052
PICK,2024-01-31,-0.060134600124440385
PICK,2024-02-29,-0.02470357062165429
PICK,2024-03-28,0.05623098426054107
PICK,2024-04-30,0.023261406116883876
PICK,2024-05-31,0.03421603438214604
PICK,2024-06-28,-0.06360777129089523
PICK,2024-07-31,-0.015429843981335067
PICK,2024-08-30,-0.025870715243081266
PICK,2024-09-30,0.10342180687265867
PICK,2024-10-31,-0.0710482827187664
PICK,2024-11-29,-0.01071250283433578
PICK,2024-12-31,-0.10372077684753855
PICK,2025-01-31,0.013718175472874572
PICK,2025-02-28,0.011840995141611854
PICK,2025-03-31,-2.7860543279489836e-4
PICK,2025-04-30,-0.020066957188131007
PICK,2025-05-30,0.047781696366026916
PICK,2025-06-30,0.04007550496621448
PICK,2025-07-31,0.020744719713433613
PICK,2025-08-29,0.06826466374862927
PICK,2025-09-30,0.08536587806704499
PICK,2025-10-31,0.04651691711859707
PICK,2025-11-28,0.01782263789339078
PICK,2025-12-31,0.10028456854946222
PICK,2026-01-30,0.13576160081664046
PICK,2026-02-27,0.10341274739309747
PICK,2026-03-31,-0.12045382610108724
PICK,2026-04-30,0.08853156734788548
PICK,2026-05-29,0.07288960761193652
PICK,2026-06-30,-0.1127499809380349
PICK,2026-07-31,0.017196904105926114
PICK,2026-08-31,0.1022822530227041
PICK,2026-09-21,-0.05337417009852918
QAT,2015-01-30,-0.019616043150340712
QAT,2015-02-27,0.062200656754133554
QAT,2015-03-31,-0.04700033842549112
QAT,2015-04-30,0.041898677676546425
QAT,2015-05-29,-0.008161725041758494
QAT,2015-06-30,-0.02092314157907116
QAT,2015-07-31,-0.03943618679351124
QAT,2015-08-31,0.004128565714356602
QAT,2015-09-30,-0.0357241860412002
QAT,2015-10-30,0.02899376770773676
QAT,2015-11-30,-0.13213630942605847
QAT,2015-12-31,0.023466724737108757
QAT,2016-01-29,-0.08817415406811102
QAT,2016-02-29,0.06769059786742493
QAT,2016-03-31,0.06925935992199372
QAT,2016-04-29,-0.019930352515325822
QAT,2016-05-31,-0.07117425220604778
QAT,2016-06-30,0.038357563172031206
QAT,2016-07-29,0.06834356169324751
QAT,2016-08-31,0.03428819966912977
QAT,2016-09-30,-0.03884193759824428
QAT,2016-10-31,-0.01724567232185714
QAT,2016-11-30,-0.06862227256384767
QAT,2016-12-30,0.0719908374332805
QAT,2017-01-31,0.017838409921849374
QAT,2017-02-28,0.015979426314375322
QAT,2017-03-31,-0.009132396923867803
QAT,2017-04-28,-0.020481450684082914
QAT,2017-05-31,-0.013486659636781417
QAT,2017-06-30,-0.0989912707355668
QAT,2017-07-31,0.07640582250359707
QAT,2017-08-31,-0.07013048295878443
QAT,2017-09-29,-0.04067185609515089
QAT,2017-10-31,-0.036857751154236396
QAT,2017-11-30,-0.08261752851948734
QAT,2017-12-29,0.16714734771458128
QAT,2018-01-31,0.04592583620229007
QAT,2018-02-28,-0.05925418805414839
QAT,2018-03-29,0.041154461536368814
QAT,2018-04-30,0.031212446273955807
QAT,2018-05-31,0.021970219341907793
QAT,2018-06-29,-0.02305768325876134
QAT,2018-07-31,0.08611623828778403
QAT,2018-08-31,0.013627533981756645
QAT,2018-09-28,0.0016667174548670172
QAT,2018-10-31,0.029894680880673485
QAT,2018-11-30,0.042597830806723413
QAT,2018-12-31,-0.03894707681417886
QAT,2019-01-31,0.05191992556155167
QAT,2019-02-28,-0.05655531079926479
QAT,2019-03-29,0.008174310189653644
QAT,2019-04-30,0.02432458544034155
QAT,2019-05-31,-0.0343008487931733
QAT,2019-06-28,0.011601108283700201
QAT,2019-07-31,-0.013974364819792529
QAT,2019-08-30,-0.020067840202775078
QAT,2019-09-30,0.015850826934201923
QAT,2019-10-31,5.696125868495105e-4
QAT,2019-11-29,-0.003984167661078453
QAT,2019-12-31,0.016571628716955056
QAT,2020-01-31,0.011804341280992059
QAT,2020-02-28,-0.11833331050250107
QAT,2020-03-31,-0.08172660881443516
QAT,2020-04-30,0.09373495479066807
QAT,2020-05-29,0.008218912867413497
QAT,2020-06-30,0.024428306368101227
QAT,2020-07-31,0.052301800573755663
QAT,2020-08-31,0.04107146798020067
QAT,2020-09-30,0.024585434027639907
QAT,2020-10-30,-0.05145093776816034
QAT,2020-11-30,0.06247800609324905
QAT,2020-12-31,0.021594800797683833
QAT,2021-01-29,0.010839923915521688
QAT,2021-02-26,-0.03592482027099564
QAT,2021-03-31,0.046162520120160755
QAT,2021-04-30,0.04253048508403223
QAT,2021-05-28,-0.013054396459410533
QAT,2021-06-30,-5.36822745659582e-4
QAT,2021-07-30,-0.0015859230072526875
QAT,2021-08-31,0.04393866619759201
QAT,2021-09-30,0.02702854234101859
QAT,2021-10-29,0.022070785059675746
QAT,2021-11-30,-0.018405769892496426
QAT,2021-12-31,0.0162678590259957
QAT,2022-01-31,0.07770769296069568
QAT,2022-02-28,0.03515080897381373
QAT,2022-03-31,0.046147303244565174
QAT,2022-04-29,0.005409863369237433
QAT,2022-05-31,-0.05918888147764134
QAT,2022-06-30,-0.048188380901865724
QAT,2022-07-29,0.06408417540862499
QAT,2022-08-31,0.017078572032293238
QAT,2022-09-30,-0.06875827622349273
QAT,2022-10-31,0.014045740432858667
QAT,2022-11-30,-0.043518903342855464
QAT,2022-12-30,-0.09680704009481245
QAT,2023-01-31,0.04055397386988546
QAT,2023-02-28,-0.04295456565668543
QAT,2023-03-31,-0.004926115999917324
QAT,2023-04-28,0.01430149387489088
QAT,2023-05-31,-5.423206082874055e-4
QAT,2023-06-30,0.009537070325282171
QAT,2023-07-31,0.05921789054611892
QAT,2023-08-31,-0.05221521948300656
QAT,2023-09-29,-0.03227596637452301
QAT,2023-10-31,-0.06612999152535848
QAT,2023-11-30,0.06896572522478306
QAT,2023-12-29,0.04435468172389978
QAT,2024-01-31,-0.048538186907899905
QAT,2024-02-29,0.053912884374236025
QAT,2024-03-28,-0.029702964369756835
QAT,2024-04-30,-0.02097499981799067
QAT,2024-05-31,-0.035900428535417195
QAT,2024-06-28,0.06150075707600022
QAT,2024-07-31,0.03080572178749552
QAT,2024-08-30,0.0132184143912486
QAT,2024-09-30,0.05161655873099735
QAT,2024-10-31,-0.02211438394803733
QAT,2024-11-29,0.0044126336492384954
QAT,2024-12-31,3.6737881607895595e-4
QAT,2025-01-31,0.010039065027619198
QAT,2025-02-28,-0.006073981725628674
QAT,2025-03-31,-0.00888893537054869
QAT,2025-04-30,0.026345330119509125
QAT,2025-05-30,0.02403054263283466
QAT,2025-06-30,0.017325942555043605
QAT,2025-07-31,0.05558548451771572
QAT,2025-08-29,0.017552609965238775
QAT,2025-09-30,-0.023499925296875057
QAT,2025-10-31,-0.01177673931114831
QAT,2025-11-28,-0.021761725596286308
QAT,2025-12-31,0.008761942404775569
QAT,2026-01-30,0.04740126493147079
QAT,2026-02-27,-0.012683943464307124
QAT,2026-03-31,-0.0441931081427952
QAT,2026-04-30,0.00967743886452066
QAT,2026-05-29,0.023961604097266775
QAT,2026-06-30,-0.03146989256062893
QAT,2026-07-31,-0.0344444910685221
QAT,2026-08-31,0.0017261615704349254
QAT,2026-09-21,-0.030442314261380554
SPY,2015-01-30,-0.029109316905125415
SPY,2015-02-27,0.056204331172247324
SPY,2015-03-31,-0.01570546050849131
SPY,2015-04-30,0.009833992981613804
SPY,2015-05-29,0.012855857431856688
SPY,2015-06-30,-0.020311993690027008
SPY,2015-07-31,0.022589408815383738
SPY,2015-08-31,-0.060950352535401264
SPY,2015-09-30,-0.025515877288404876
SPY,2015-10-30,0.08505963677406614
SPY,2015-11-30,0.003655016575646819
SPY,2015-12-31,-0.017282317145912773
SPY,2016-01-29,-0.04978652644184989
SPY,2016-02-29,-8.260083127213935e-4
SPY,2016-03-31,0.06726551391103097
SPY,2016-04-29,0.003941888413992345
SPY,2016-05-31,0.017011297880035636
SPY,2016-06-30,0.0034756936290132323
SPY,2016-07-29,0.0364710769717691
SPY,2016-08-31,0.0011975444672849278
SPY,2016-09-30,5.832275166417489e-5
SPY,2016-10-31,-0.017337120291259667
SPY,2016-11-30,0.03683846844453709
SPY,2016-12-30,0.020271675952841628
SPY,2017-01-31,0.017894907232032242
SPY,2017-02-28,0.0392915914187868
SPY,2017-03-31,0.0012496403790986932
SPY,2017-04-28,0.009926428056878711
SPY,2017-05-31,0.014112684263315911
SPY,2017-06-30,0.006375023742712926
SPY,2017-07-31,0.02055415309843389
SPY,2017-08-31,0.0029175582775258224
SPY,2017-09-29,0.02014965568610405
SPY,2017-10-31,0.023563807317001695
SPY,2017-11-30,0.030566057319198148
SPY,2017-12-29,0.012127762934014852
SPY,2018-01-31,0.056359555550477225
SPY,2018-02-28,-0.0363604638527788
SPY,2018-03-29,-0.027410753750027217
SPY,2018-04-30,0.005168322656125213
SPY,2018-05-31,0.02430894633260694
SPY,2018-06-29,0.005751148170322518
SPY,2018-07-31,0.03704594377714665
SPY,2018-08-31,0.03192006528331026
SPY,2018-09-28,0.005945632686232605
SPY,2018-10-31,-0.06910416298392419
SPY,2018-11-30,0.018548994174483413
SPY,2018-12-31,-0.08804810395986007
SPY,2019-01-31,0.08006527451228851
SPY,2019-02-28,0.03241587451589312
SPY,2019-03-29,0.018100843251420695
SPY,2019-04-30,0.040852415560721944
SPY,2019-05-31,-0.06377130020799504
SPY,2019-06-28,0.06958627670557371
SPY,2019-07-31,0.015119465880099714
SPY,2019-08-30,-0.01674311210673851
SPY,2019-09-30,0.019457724788227715
SPY,2019-10-31,0.02210490462053971
SPY,2019-11-29,0.03619818787231455
SPY,2019-12-31,0.029055201599407443
SPY,2020-01-31,-4.037659096229884e-4
SPY,2020-02-28,-0.07916570300598502
SPY,2020-03-31,-0.12487128939898196
SPY,2020-04-30,0.1269834088213353
SPY,2020-05-29,0.04764525938381858
SPY,2020-06-30,0.017734353430987948
SPY,2020-07-31,0.05889209850402577
SPY,2020-08-31,0.06979694217803845
SPY,2020-09-30,-0.037443622580183744
SPY,2020-10-30,-0.024933866106307878
SPY,2020-11-30,0.10877702653064847
SPY,2020-12-31,0.03704843354729559
SPY,2021-01-29,-0.010190554620708281
SPY,2021-02-26,0.027805758284391358
SPY,2021-03-31,0.04539929996870318
SPY,2021-04-30,0.05291020898631027
SPY,2021-05-28,0.006566149812032629
SPY,2021-06-30,0.022427399994339625
SPY,2021-07-30,0.024412641709492755
SPY,2021-08-31,0.02975986398869024
SPY,2021-09-30,-0.04660559040339507
SPY,2021-10-29,0.07016366290311082
SPY,2021-11-30,-0.008034762122302586
SPY,2021-12-31,0.046247672253258765
SPY,2022-01-31,-0.05274118941298811
SPY,2022-02-28,-0.02951706845318325
SPY,2022-03-31,0.037590348418620634
SPY,2022-04-29,-0.08776901888027688
SPY,2022-05-31,0.0022571535994990732
SPY,2022-06-30,-0.08246039115376724
SPY,2022-07-29,0.09208758330771083
SPY,2022-08-31,-0.04080179574371012
SPY,2022-09-30,-0.09244629954357275
SPY,2022-10-31,0.08127580709822602
SPY,2022-11-30,0.055591314410047055
SPY,2022-12-30,-0.05762809868682006
SPY,2023-01-31,0.06288710379784335
SPY,2023-02-28,-0.025142360396134378
SPY,2023-03-31,0.03707755811525559
SPY,2023-04-28,0.015975039866361174
SPY,2023-05-31,0.004616322593282041
SPY,2023-06-30,0.06479982437281784
SPY,2023-07-31,0.0327330863401023
SPY,2023-08-31,-0.016251791150825312
SPY,2023-09-29,-0.04743456807969415
SPY,2023-10-31,-0.021708530914268276
SPY,2023-11-30,0.0913436684685558
SPY,2023-12-29,0.0456554060837544
SPY,2024-01-31,0.01592628439985866
SPY,2024-02-29,0.05218680645352469
SPY,2024-03-28,0.03270228428433164
SPY,2024-04-30,-0.0403197953340616
SPY,2024-05-31,0.0505797721719623
SPY,2024-06-28,0.035280005824158245
SPY,2024-07-31,0.012109031927714176
SPY,2024-08-30,0.023365654480196785
SPY,2024-09-30,0.021004823761204827
SPY,2024-10-31,-0.008923712839176146
SPY,2024-11-29,0.0596334793654385
SPY,2024-12-31,-0.024060018069341216
SPY,2025-01-31,0.026856240629639316
SPY,2025-02-28,-0.012694719811016109
SPY,2025-03-31,-0.05571931022636345
SPY,2025-04-30,-0.008670178174235654
SPY,2025-05-30,0.062844908465443
SPY,2025-06-30,0.05138614050045898
SPY,2025-07-31,0.023031669396516685
SPY,2025-08-29,0.020519347003045363
SPY,2025-09-30,0.03562046486611847
SPY,2025-10-31,0.023837504679023125
SPY,2025-11-28,0.0019499627157142374
SPY,2025-12-31,7.97497263286262e-4
SPY,2026-01-30,0.014737793329742122
SPY,2026-02-27,-0.008641994294614319
SPY,2026-03-31,-0.04937951897005721
SPY,2026-04-30,0.10505264083288113
SPY,2026-05-29,0.05262574755586291
SPY,2026-06-30,-0.010292580956815511
SPY,2026-07-31,3.4822442006920973e-4
SPY,2026-08-31,0.026799359784972054
SPY,2026-09-21,0.010912941280451616
TAN,2015-01-30,-0.004414291683550564
TAN,2015-02-27,0.16760282353280798
TAN,2015-03-31,0.12480990848112428
TAN,2015-04-30,0.05784396477472975
TAN,2015-05-29,-0.09595748128068815
TAN,2015-06-30,-0.07695912291163132
TAN,2015-07-31,-0.09943929037314314
TAN,2015-08-31,-0.16279723320073314
TAN,2015-09-30,-0.10246870240874217
TAN,2015-10-30,0.1228332963776797
TAN,2015-11-30,-0.10939584422188631
TAN,2015-12-31,0.17253397144485816
TAN,2016-01-29,-0.17721920086767196
TAN,2016-02-29,-0.06981357279489553
TAN,2016-03-31,-0.03368869834283672
TAN,2016-04-29,0.051191501009321794
TAN,2016-05-31,-0.07598644757422057
TAN,2016-06-30,-0.047705785745538076
TAN,2016-07-29,0.021946595263665047
TAN,2016-08-31,-0.02380960443226421
TAN,2016-09-30,-0.028694247612463086
TAN,2016-10-31,-0.05957658823795897
TAN,2016-11-30,-0.08219889715324136
TAN,2016-12-30,-0.007880397550989793
TAN,2017-01-31,0.04345177737556338
TAN,2017-02-28,0.08502053648835184
TAN,2017-03-31,-0.07889120907583325
TAN,2017-04-28,0.012731211967412337
TAN,2017-05-31,0.05771426908098398
TAN,2017-06-30,0.07455440561851367
TAN,2017-07-31,0.08798382442484853
TAN,2017-08-31,0.0027727345759454014
TAN,2017-09-29,-0.002304223147429618
TAN,2017-10-31,0.10762132474580866
TAN,2017-11-30,0.02460382145739759
TAN,2017-12-29,0.041111285041757206
TAN,2018-01-31,-0.002785526930323745
TAN,2018-02-28,-0.03152430748196877
TAN,2018-03-29,0.011948911969771103
TAN,2018-04-30,0.0024430519874734102
TAN,2018-05-31,0.0349308455510593
TAN,2018-06-29,-0.09340652773858416
TAN,2018-07-31,-0.015584431723689396
TAN,2018-08-31,-0.040017584860642774
TAN,2018-09-28,-0.04993137896210298
TAN,2018-10-31,-0.10848586079544653
TAN,2018-11-30,0.138453013879825
TAN,2018-12-31,-0.1125666578698673
TAN,2019-01-31,0.2555255476953653
TAN,2019-02-28,0.0699871019262095
TAN,2019-03-29,-0.07062594638905739
TAN,2019-04-30,0.08333336798557256
TAN,2019-05-31,0.02311677454494787
TAN,2019-06-28,0.10128554899762743
TAN,2019-07-31,0.043862641580497685
TAN,2019-08-30,0.035242334166218914
TAN,2019-09-30,-0.03862515961337332
TAN,2019-10-31,-0.043581895746097166
TAN,2019-11-29,-0.003560046566744801
TAN,2019-12-31,0.1036665664502161
TAN,2020-01-31,0.04383125719486469
TAN,2020-02-28,0.1343700888758539
TAN,2020-03-31,-0.30819845795325584
TAN,2020-04-30,0.19381683949858375
TAN,2020-05-29,0.12084977949545195
TAN,2020-06-30,0.06931291644633664
TAN,2020-07-31,0.24681432197004427
TAN,2020-08-31,0.2617197133185367
TAN,2020-09-30,0.1408698969058917
TAN,2020-10-30,0.06142910969696436
TAN,2020-11-30,0.22989687324596564
TAN,2020-12-31,0.21610982872728668
TAN,2021-01-29,0.05770725826820278
TAN,2021-02-26,-0.06780750392395951
TAN,2021-03-31,-0.09425582003226174
TAN,2021-04-30,-0.09393046182170439
TAN,2021-05-28,-0.0485869455267427
TAN,2021-06-30,0.12918728470499663
TAN,2021-07-30,-0.0409717617156522
TAN,2021-08-31,-4.668854005061007e-4
TAN,2021-09-30,-0.06633192111901931
TAN,2021-10-29,0.23952477575562336
TAN,2021-11-30,-0.09697280017049015
TAN,2021-12-31,-0.13990384619507457
TAN,2022-01-31,-0.1492789148202709
TAN,2022-02-28,0.09147823323085413
TAN,2022-03-31,0.055827612828962536
TAN,2022-04-29,-0.14882051217380976
TAN,2022-05-31,0.10695933950274394
TAN,2022-06-30,0.0040787813889098246
TAN,2022-07-29,0.1986271314817869
TAN,2022-08-31,-0.014490989845302948
TAN,2022-09-30,-0.1271197060187762
TAN,2022-10-31,-0.031653242937099146
TAN,2022-11-30,0.17817072183382154
TAN,2022-12-30,-0.13146000460745988
TAN,2023-01-31,0.10775987054607583
TAN,2023-02-28,-0.08056931365438702
TAN,2023-03-31,0.04495884180638643
TAN,2023-04-28,-0.07265228740026863
TAN,2023-05-31,-0.02792047841808798
TAN,2023-06-30,0.02057719221558374
TAN,2023-07-31,-0.04032472448749114
TAN,2023-08-31,-0.15042312936244917
TAN,2023-09-29,-0.11059591564544624
TAN,2023-10-31,-0.1894187836298471
TAN,2023-11-30,0.09194858816531148
TAN,2023-12-29,0.16491048702961142
TAN,2024-01-31,-0.2058106800801145
TAN,2024-02-29,0.01840930476638558
TAN,2024-03-28,0.051448369103863856
TAN,2024-04-30,-0.11108661683183974
TAN,2024-05-31,0.19712370144569658
TAN,2024-06-28,-0.16714997694546052
TAN,2024-07-31,0.047749375199853006
TAN,2024-08-30,-0.020175717563430395
TAN,2024-09-30,0.04433144367216113
TAN,2024-10-31,-0.07608440476097311
TAN,2024-11-29,-0.07532009667145656
TAN,2024-12-31,-0.09628732083744529
TAN,2025-01-31,0.020531410842563158
TAN,2025-02-28,-0.042899431824530265
TAN,2025-03-31,-0.058423476933402996
TAN,2025-04-30,-0.06828627663243625
TAN,2025-05-30,0.13988722448035662
TAN,2025-06-30,0.059041729134548415
TAN,2025-07-31,0.07413896789162688
TAN,2025-08-29,0.1290760896325338
TAN,2025-09-30,0.0500602134596293
TAN,2025-10-31,0.12583079828942778
TAN,2025-11-28,-0.004275225754053147
TAN,2025-12-31,0.00429358178547945
TAN,2026-01-30,0.0962947810482544
TAN,2026-02-27,0.021355646396750805
TAN,2026-03-31,0.012909074263139253
TAN,2026-04-30,0.0484652810502737
TAN,2026-05-29,0.2657079352560774
TAN,2026-06-30,-0.19991882481112533
TAN,2026-07-31,-0.1660185873457305
TAN,2026-08-31,-0.03567812833776329
TAN,2026-09-21,-0.018078633926187138
THD,2015-01-30,0.043625980429891076
THD,2015-02-27,0.022152623337148736
THD,2015-03-31,-0.02816218656559555
THD,2015-04-30,-0.0074334729776299735
THD,2015-05-29,-0.03363794102815121
THD,2015-06-30,-0.0018808081272185806
THD,2015-07-31,-0.06379268484657041
THD,2015-08-31,-0.07488183273358806
THD,2015-09-30,-0.034578861019461726
THD,2015-10-30,0.04673944704529287
THD,2015-11-30,-0.016878923256518408
THD,2015-12-31,-0.07624262396815806
THD,2016-01-29,0.04536166458660906
THD,2016-02-29,0.033115998749294384
THD,2016-03-31,0.06410823384692388
THD,2016-04-29,0.008309799641531557
THD,2016-05-31,-0.003973296900464884
THD,2016-06-30,0.034915641744039494
THD,2016-07-29,0.07937893573819244
THD,2016-08-31,0.015864854109591597
THD,2016-09-30,-0.02713089562747306
THD,2016-10-31,-0.020133564031712403
THD,2016-11-30,-0.002360219226365645
THD,2016-12-30,0.014156847606018319
THD,2017-01-31,0.049798838424663705
THD,2017-02-28,-0.00885301113937953
THD,2017-03-31,0.03972814667539515
THD,2017-04-28,-0.0060263823496476965
THD,2017-05-31,0.00851393963823499
THD,2017-06-30,0.014574410744864874
THD,2017-07-31,0.01462224827468206
THD,2017-08-31,0.045638759765843195
THD,2017-09-29,0.045218159194950536
THD,2017-10-31,0.0244073123900288
THD,2017-11-30,0.012082121971855653
THD,2017-12-29,0.039149899444992586
THD,2018-01-31,0.07729723982666559
THD,2018-02-28,0.00893113963609915
THD,2018-03-29,-0.008354820649059236
THD,2018-04-30,-0.022367248788490945
THD,2018-05-31,-0.03498501102320917
THD,2018-06-29,-0.11004077840132243
THD,2018-07-31,0.0838703099796374
THD,2018-08-31,0.012784189320947492
THD,2018-09-28,0.04418150795472897
THD,2018-10-31,-0.08059417700906979
THD,2018-11-30,-0.005420645528346979
THD,2018-12-31,-0.0326813013779067
THD,2019-01-31,0.09769344519896439
THD,2019-02-28,-0.014191150190634771
THD,2019-03-29,-0.014284415654088778
THD,2019-04-30,0.025585971267265473
THD,2019-05-31,-0.01114902503810844
THD,2019-06-28,0.0840874131302416
THD,2019-07-31,-0.0375562331322703
THD,2019-08-30,-0.021739128216207604
THD,2019-09-30,-0.014444573340471778
THD,2019-10-31,-0.008004475393012633
THD,2019-11-29,-0.006250803625210022
THD,2019-12-31,0.00973948823232873
THD,2020-01-31,-0.09920085872408568
THD,2020-02-28,-0.10911174093026188
THD,2020-03-31,-0.18250351831021994
THD,2020-04-30,0.12841472436472667
THD,2020-05-29,0.08434840410727928
THD,2020-06-30,0.023032858143497537
THD,2020-07-31,-0.02802946129651951
THD,2020-08-31,-0.005825759317764412
THD,2020-09-30,-0.08086736509096182
THD,2020-10-30,-0.02773354117852711
THD,2020-11-30,0.233114920866468
THD,2020-12-31,0.030400539539562343
THD,2021-01-29,-0.0016869458549861882
THD,2021-02-26,0.012347548595242896
THD,2021-03-31,0.05571956646003273
THD,2021-04-30,-0.017876675758607852
THD,2021-05-28,0.004952927646846295
THD,2021-06-30,-0.024348624807351116
THD,2021-07-30,-0.06221115208806727
THD,2021-08-31,0.08767589477559956
THD,2021-09-30,-0.061745389311378185
THD,2021-10-29,0.026940210222109906
THD,2021-11-30,-0.04894278589520984
THD,2021-12-31,0.06075665754080517
THD,2022-01-31,0.00577880860223523
THD,2022-02-28,0.044006334783566636
THD,2022-03-31,-0.024515326961497608
THD,2022-04-29,-0.04513394766778889
THD,2022-05-31,0.018665214313152267
THD,2022-06-30,-0.07632522586130552
THD,2022-07-29,-0.004498605067354111
THD,2022-08-31,0.018221350878625087
THD,2022-09-30,-0.0695776043755969
THD,2022-10-31,0.02323452526637504
THD,2022-11-30,0.1060149010626732
THD,2022-12-30,0.030505468749170594
THD,2023-01-31,0.0590501226610336
THD,2023-02-28,-0.1071203085006266
THD,2023-03-31,0.03164548420376545
THD,2023-04-28,-0.0339465717172599
THD,2023-05-31,-0.035139738691319145
THD,2023-06-30,-0.020621865048863652
THD,2023-07-31,0.07540289398130184
THD,2023-08-31,-0.0240316612152921
THD,2023-09-29,-0.09487254293595904
THD,2023-10-31,-0.04256669299154958
THD,2023-11-30,0.01888673919481998
THD,2023-12-29,0.05870216459377997
THD,2024-01-31,-0.069057339764108
THD,2024-02-29,-0.006896482338805465
THD,2024-03-28,-0.010670786028505685
THD,2024-04-30,-0.015921924445636004
THD,2024-05-31,0.001217756468353537
THD,2024-06-28,-0.03768869165548627
THD,2024-07-31,0.052340696489818095
THD,2024-08-30,0.07793347887040314
THD,2024-09-30,0.1255890145515406
THD,2024-10-31,-0.04445739326548792
THD,2024-11-29,-0.04214505120964529
THD,2024-12-31,-0.03510042810081626
THD,2025-01-31,-0.047485076186847275
THD,2025-02-28,-0.07694978646564521
THD,2025-03-31,-0.022205473071830295
THD,2025-04-30,0.05504231921020564
THD,2025-05-30,-0.02608543469078517
THD,2025-06-30,-0.03293880636510249
THD,2025-07-31,0.11789169936853794
THD,2025-08-29,0.014711178656811708
THD,2025-09-30,0.02864618990937995
THD,2025-10-31,0.0307353100170209
THD,2025-11-28,-0.02734763495912018
THD,2025-12-31,0.02426839326744723
THD,2026-01-30,0.05848839888358959
THD,2026-02-27,0.18825206985350662
THD,2026-03-31,-0.07554962506491536
THD,2026-04-30,0.01916974693061646
THD,2026-05-29,0.038891270673763856
THD,2026-06-30,0.007529296306107769
THD,2026-07-31,0.010095469251566014
THD,2026-08-31,-0.009173030675618143
THD,2026-09-21,0.015475957920153549
TUR,2015-01-30,-0.008175678209002113
TUR,2015-02-27,-0.0710004016123319
TUR,2015-03-31,-0.06432736111829729
TUR,2015-04-30,0.010775828787624064
TUR,2015-05-29,-0.0021322795170068964
TUR,2015-06-30,-0.0125376572146495
TUR,2015-07-31,-0.04785084828620678
TUR,2015-08-31,-0.11028401796167175
TUR,2015-09-30,-0.0444560017328306
TUR,2015-10-30,0.10180618203702085
TUR,2015-11-30,-0.048435195436713485
TUR,2015-12-31,-0.050617267615129746
TUR,2016-01-29,0.02282716623658243
TUR,2016-02-29,0.007797830369228098
TUR,2016-03-31,0.16969023117015403
TUR,2016-04-29,0.048357872170538885
TUR,2016-05-31,-0.13707537839757444
TUR,2016-06-30,0.02211355486193689
TUR,2016-07-29,-0.04539740217314536
TUR,2016-08-31,0.003170528779985471
TUR,2016-09-30,-0.0028969724656411344
TUR,2016-10-31,-0.013206901027293494
TUR,2016-11-30,-0.14828680803869376
TUR,2016-12-30,0.022034692512988396
TUR,2017-01-31,0.0351094785867081
TUR,2017-02-28,0.045521624227135016
TUR,2017-03-31,0.01878232244099709
TUR,2017-04-28,0.11089411091228518
TUR,2017-05-31,0.03595641574604924
TUR,2017-06-30,0.032723480371521285
TUR,2017-07-31,0.06793521643800937
TUR,2017-08-31,0.04308614375994724
TUR,2017-09-29,-0.09580414495161316
TUR,2017-10-31,2.3892775600753424e-4
TUR,2017-11-30,-0.09397428190233426
TUR,2017-12-29,0.15025390547683948
TUR,2018-01-31,0.04693960340374104
TUR,2018-02-28,-0.01978004860952587
TUR,2018-03-29,-0.04887906456563995
TUR,2018-04-30,-0.11173971647484149
TUR,2018-05-31,-0.1268577612086378
TUR,2018-06-29,-0.051954952531060195
TUR,2018-07-31,-0.0665123099482905
TUR,2018-08-31,-0.2835874314197049
TUR,2018-09-28,0.17812966012651632
TUR,2018-10-31,-0.019319392367036503
TUR,2018-11-30,0.1246251372920566
TUR,2018-12-31,-0.0613940726260207
TUR,2019-01-31,0.1762312110296833
TUR,2019-02-28,-0.03564026586473834
TUR,2019-03-29,-0.12917110701407342
TUR,2019-04-30,-0.03914292822224208
TUR,2019-05-31,-0.021440844682092397
TUR,2019-06-28,0.0718991613222939
TUR,2019-07-31,0.09571792156285652
TUR,2019-08-30,-0.0754788614397155
TUR,2019-09-30,0.10733520773210459
TUR,2019-10-31,-0.07410168121566219
TUR,2019-11-29,0.07275666545576498
TUR,2019-12-31,0.03213658866451752
TUR,2020-01-31,0.02436325345833934
TUR,2020-02-28,-0.14774776811568557
TUR,2020-03-31,-0.20549685683539787
TUR,2020-04-30,0.07024995097470521
TUR,2020-05-29,0.07458993536333947
TUR,2020-06-30,0.08182389260988177
TUR,2020-07-31,-0.07105945501618482
TUR,2020-08-31,-0.07417712421919653
TUR,2020-09-30,-0.01051586814814831
TUR,2020-10-30,-0.10222655261397418
TUR,2020-11-30,0.2564824095405114
TUR,2020-12-31,0.19276006329788964
TUR,2021-01-29,0.0060376662464243225
TUR,2021-02-26,0.0022506423653902985
TUR,2021-03-31,-0.13959570313832403
TUR,2021-04-30,0.013918932953589591
TUR,2021-05-28,-0.01630194949725383
TUR,2021-06-30,-0.05303566959619599
TUR,2021-07-30,0.051732359299990316
TUR,2021-08-31,0.0735560321848967
TUR,2021-09-30,-0.10634730020067795
TUR,2021-10-29,0.0018813756546478544
TUR,2021-11-30,-0.1568073003455509
TUR,2021-12-31,0.039275911105231875
TUR,2022-01-31,0.09903120930956266
TUR,2022-02-28,-0.08325163456091189
TUR,2022-03-31,0.10576906329618363
TUR,2022-04-29,0.07681170377650925
TUR,2022-05-31,-0.04486314581487816
TUR,2022-06-30,-0.08205789119457918
TUR,2022-07-29,0.012099041297237934
TUR,2022-08-31,0.1689188780794708
TUR,2022-09-30,-0.018230338174606397
TUR,2022-10-31,0.23143107350502823
TUR,2022-11-30,0.26149316619818164
TUR,2022-12-30,0.08410868480151268
TUR,2023-01-31,-0.08378376042453128
TUR,2023-02-28,0.04660790768195966
TUR,2023-03-31,-0.08060895740602203
TUR,2023-04-28,-0.050582449975862254
TUR,2023-05-31,-0.02001936619526956
TUR,2023-06-30,-0.03734066482686127
TUR,2023-07-31,0.19681443223842043
TUR,2023-08-31,0.10825206734888382
TUR,2023-09-29,0.029089925548483775
TUR,2023-10-31,-0.11436732873916278
TUR,2023-11-30,0.03279651187172128
TUR,2023-12-29,-0.07518427991744847
TUR,2024-01-31,0.10904595029249164
TUR,2024-02-29,0.047206839530890665
TUR,2024-03-28,-0.041344501787412336
TUR,2024-04-30,0.11853085581886602
TUR,2024-05-31,0.051741359805574705
TUR,2024-06-28,0.00618785292226498
TUR,2024-07-31,-0.005711406363543614
TUR,2024-08-30,-0.11297280822058631
TUR,2024-09-30,-0.01834861105462371
TUR,2024-10-31,-0.07861459006544158
TUR,2024-11-29,0.08830546519150784
TUR,2024-12-31,-0.013108577280624645
TUR,2025-01-31,0.0022307388612736734
TUR,2025-02-28,-0.04618816682832205
TUR,2025-03-31,-0.04259035164432878
TUR,2025-04-30,-0.0655087917242092
TUR,2025-05-30,-0.022171474418999915
TUR,2025-06-30,0.09224417875868562
TUR,2025-07-31,0.049287082888102685
TUR,2025-08-29,0.04254067077461032
TUR,2025-09-30,-0.030036933174600322
TUR,2025-10-31,-0.00233699475808824
TUR,2025-11-28,-0.019033803753982337
TUR,2025-12-31,0.038022375762346794
TUR,2026-01-30,0.19843120527624092
TUR,2026-02-27,-0.015030269578944488
TUR,2026-03-31,-0.04873250994309719
TUR,2026-04-30,0.09935321408717623
TUR,2026-05-29,-0.10096498410929822
TUR,2026-06-30,0.030307885604047513
TUR,2026-07-31,-0.02109052655085153
TUR,2026-08-31,0.05964267934463785
TUR,2026-09-21,-0.06669978475763194
UAE,2015-01-30,-0.02550488295153097
UAE,2015-02-27,0.06052347159807048
UAE,2015-03-31,-0.07043724602657098
UAE,2015-04-30,0.18692500707621496
UAE,2015-05-29,-0.058436782247761054
UAE,2015-06-30,0.014166082971229343
UAE,2015-07-31,0.026091182387717238
UAE,2015-08-31,-0.08850857589356365
UAE,2015-09-30,-0.0547209048120324
UAE,2015-10-30,-0.03609553416717981
UAE,2015-11-30,-0.06323581137398615
UAE,2015-12-31,-0.0023227416240144683
UAE,2016-01-29,-0.0910816405488829
UAE,2016-02-29,0.12178147364596659
UAE,2016-03-31,0.03287843665280432
UAE,2016-04-29,0.04594625348191772
UAE,2016-05-31,-0.054838190304767
UAE,2016-06-30,0.03274587412492558
UAE,2016-07-29,0.04121892810300043
UAE,2016-08-31,-0.001290283304843931
UAE,2016-09-30,-3.5243427176601116e-4
UAE,2016-10-31,-0.05304582435443295
UAE,2016-11-30,-0.013709753880104758
UAE,2016-12-30,0.05054359911835249
UAE,2017-01-31,0.028416028254050207
UAE,2017-02-28,-0.008818383664418117
UAE,2017-03-31,-0.004448546018413602
UAE,2017-04-28,0.01102197721608733
UAE,2017-05-31,-0.004714206807325705
UAE,2017-06-30,0.017696589521048134
UAE,2017-07-31,0.05917466012817618
UAE,2017-08-31,0.0028218420635623964
UAE,2017-09-29,-0.02279100941889134
UAE,2017-10-31,0.021019169458991627
UAE,2017-11-30,-0.05978578728185446
UAE,2017-12-29,0.013869699677875547
UAE,2018-01-31,0.045654519763525414
UAE,2018-02-28,-0.0493537165044432
UAE,2018-03-29,0.0023952406097784706
UAE,2018-04-30,-0.012544780368493269
UAE,2018-05-31,-0.012704317348919747
UAE,2018-06-29,-0.026460766253411983
UAE,2018-07-31,0.037450547155239766
UAE,2018-08-31,-0.015199486067137724
UAE,2018-09-28,-0.01800633748749858
UAE,2018-10-31,-0.005893927741262739
UAE,2018-11-30,-0.04677202048779916
UAE,2018-12-31,-0.04817900043148737
UAE,2019-01-31,0.03868614854187835
UAE,2019-02-28,0.0372453643810402
UAE,2019-03-29,-0.002235900741046737
UAE,2019-04-30,0.04970460837246149
UAE,2019-05-31,-0.08726313154092058
UAE,2019-06-28,-0.006247243808459757
UAE,2019-07-31,0.06940138768797732
UAE,2019-08-30,-0.03766665657043444
UAE,2019-09-30,-0.02757840574249515
UAE,2019-10-31,0.023338272309691988
UAE,2019-11-29,-0.030744729926057257
UAE,2019-12-31,0
UAE,2020-01-31,-0.016530294254641476
UAE,2020-02-28,-0.07783164419098543
UAE,2020-03-31,-0.2315271584669819
UAE,2020-04-30,0.11752122711171076
UAE,2020-05-29,-0.013384061039871664
UAE,2020-06-30,0.024585135325816188
UAE,2020-07-31,0.03493012744245183
UAE,2020-08-31,0.03760860844086267
UAE,2020-09-30,-9.2931675697705e-4
UAE,2020-10-30,-0.023721011997055008
UAE,2020-11-30,0.12053338466535046
UAE,2020-12-31,0.004060036515292964
UAE,2021-01-29,0.1005081739005631
UAE,2021-02-26,-0.013552912041876253
UAE,2021-03-31,0.046057707821057114
UAE,2021-04-30,0.0037313689281799345
UAE,2021-05-28,0.10483272016780454
UAE,2021-06-30,-0.015439345331321297
UAE,2021-07-30,7.07784493110486e-4
UAE,2021-08-31,0.05445538609588363
UAE,2021-09-30,-0.004694837863077117
UAE,2021-10-29,-0.002695452407739829
UAE,2021-11-30,0.1202703752137062
UAE,2021-12-31,-0.00912255982619481
UAE,2022-01-31,0.034653448639053064
UAE,2022-02-28,0.049042985953954066
UAE,2022-03-31,0.08323830282640299
UAE,2022-04-29,-0.00947368484001121
UAE,2022-05-31,-0.07810832006636204
UAE,2022-06-30,-0.08504905851553457
UAE,2022-07-29,0.0618158666717723
UAE,2022-08-31,-0.010309352708572805
UAE,2022-09-30,-0.06924016381757703
UAE,2022-10-31,0.03291636422923627
UAE,2022-11-30,0.014659046026705314
UAE,2022-12-30,-0.060185489687608396
UAE,2023-01-31,-0.022103314475634184
UAE,2023-02-28,0.003424628654152162
UAE,2023-03-31,-0.033447075305928275
UAE,2023-04-28,0.091807997453218
UAE,2023-05-31,-0.05627429387454819
UAE,2023-06-30,0.03140065290209959
UAE,2023-07-31,0.0491468355656397
UAE,2023-08-31,-0.02212097812133984
UAE,2023-09-29,0.017298761340203805
UAE,2023-10-31,-0.09744941905254534
UAE,2023-11-30,0.07391308090241622
UAE,2023-12-29,0.009219078347192156
UAE,2024-01-31,-0.008075339608938692
UAE,2024-02-29,-0.012211695198568462
UAE,2024-03-28,0.0157966926687918
UAE,2024-04-30,-0.031102075410955332
UAE,2024-05-31,-0.032798400427175634
UAE,2024-06-28,0.031118879819718837
UAE,2024-07-31,0.06181817035260151
UAE,2024-08-30,0.027397226375941663
UAE,2024-09-30,0.012666591198197352
UAE,2024-10-31,-0.006583186090820203
UAE,2024-11-29,0.030748953186082062
UAE,2024-12-31,0.05945745702591787
UAE,2025-01-31,0.03462958622195633
UAE,2025-02-28,0.024662323033475708
UAE,2025-03-31,-0.027507291317069527
UAE,2025-04-30,0.05362404078086369
UAE,2025-05-30,0.03859068781650632
UAE,2025-06-30,0.04283891380214233
UAE,2025-07-31,0.07051277273123202
UAE,2025-08-29,-0.03293416062473187
UAE,2025-09-30,-0.025283798844181526
UAE,2025-10-31,0.041821161691431685
UAE,2025-11-28,-0.055894320986753954
UAE,2025-12-31,0.039143999596600754
UAE,2026-01-30,0.071652651248864
UAE,2026-02-27,0.04197166666104679
UAE,2026-03-31,-0.12646366775352247
UAE,2026-04-30,0.031099160692809935
UAE,2026-05-29,0.0156006884045512
UAE,2026-06-30,0.007416910997775528
UAE,2026-07-31,-0.004208307351017848
UAE,2026-08-31,0.027469648673037472
UAE,2026-09-21,0.031362399952458375
URA,2015-01-30,-0.11548569972375777
URA,2015-02-27,0.09001001407515674
URA,2015-03-31,-0.06624325825289745
URA,2015-04-30,0.14091342615576496
URA,2015-05-29,-0.06643944253248701
URA,2015-06-30,-0.15875916523432776
URA,2015-07-31,-0.11496739194929817
URA,2015-08-31,-0.02573521846463067
URA,2015-09-30,-0.12578624226042945
URA,2015-10-30,0.06618706073250613
URA,2015-11-30,-0.07557354050277165
URA,2015-12-31,0.04171710509343507
URA,2016-01-29,-0.08791985485016007
URA,2016-02-29,-0.013322964970364337
URA,2016-03-31,0.15488490861992088
URA,2016-04-29,0.04126538752769204
URA,2016-05-31,-0.09048859257999309
URA,2016-06-30,0.032679593647086946
URA,2016-07-29,-0.02531644033491509
URA,2016-08-31,-0.009379532804756563
URA,2016-09-30,-0.050254797520832506
URA,2016-10-31,-0.07055227713923029
URA,2016-11-30,0.027227825518575832
URA,2016-12-30,0.10962687976308017
URA,2017-01-31,0.3512042967027942
URA,2017-02-28,-0.039677785329884085
URA,2017-03-31,-0.08083845039161852
URA,2017-04-28,-0.14267098515702226
URA,2017-05-31,-0.021276589746623276
URA,2017-06-30,0.0232920284853384
URA,2017-07-31,0.09787550419092206
URA,2017-08-31,-0.04146511095655725
URA,2017-09-29,-0.041095928273127025
URA,2017-10-31,-0.1022555840085958
URA,2017-11-30,0.19597969964161277
URA,2017-12-29,0.07575050084772172
URA,2018-01-31,-0.06312275375951582
URA,2018-02-28,-0.09716330734811107
URA,2018-03-29,-0.05184608016799086
URA,2018-04-30,0.10521971594012203
URA,2018-05-31,-0.01199403200115956
URA,2018-06-29,-0.023520537404274733
URA,2018-07-31,0.02331016396726615
URA,2018-08-31,-0.03416872040704999
URA,2018-09-28,0.046384020850783525
URA,2018-10-31,-0.09767105617557381
URA,2018-11-30,0.044129621880698355
URA,2018-12-31,-0.06516176024314402
URA,2019-01-31,0.08826069971351669
URA,2019-02-28,-0.025984411916960437
URA,2019-03-29,0.009700817600643896
URA,2019-04-30,-0.029623554693305132
URA,2019-05-31,-0.04620457415462331
URA,2019-06-28,0.06015749799395009
URA,2019-07-31,-0.09218094206361516
URA,2019-08-30,-0.03898481343883453
URA,2019-09-30,0.03773595334576352
URA,2019-10-31,-0.011818150789090542
URA,2019-11-29,-0.004599896863397679
URA,2019-12-31,0.03142344728539692
URA,2020-01-31,-0.08754524480973747
URA,2020-02-28,-0.040553834606754546
URA,2020-03-31,-0.10206196272553358
URA,2020-04-30,0.24339873824236435
URA,2020-05-29,0.034164287919905334
URA,2020-06-30,-0.017038467959266446
URA,2020-07-31,0.06082916402749006
URA,2020-08-31,0.08601238544359191
URA,2020-09-30,-0.10959990228392602
URA,2020-10-30,-0.02875114264113876
URA,2020-11-30,0.09435689255857738
URA,2020-12-31,0.3045775979886367
URA,2021-01-29,-0.05283737251386211
URA,2021-02-26,0.20523413442321647
URA,2021-03-31,0.07599989905878957
URA,2021-04-30,0.04142328897466885
URA,2021-05-28,0.11575734926424097
URA,2021-06-30,-0.02996110933471574
URA,2021-07-30,-0.05613200155198539
URA,2021-08-31,0.04697667629892144
URA,2021-09-30,0.13556057238552777
URA,2021-10-29,0.12904584173162315
URA,2021-11-30,-0.06775856294257088
URA,2021-12-31,-0.036407064863858474
URA,2022-01-31,-0.09465379836222398
URA,2022-02-28,0.16698927820146126
URA,2022-03-31,0.08502705189694781
URA,2022-04-29,-0.11353218334220949
URA,2022-05-31,-0.05390260479168352
URA,2022-06-30,-0.14956441571418044
URA,2022-07-29,0.1627154099599959
URA,2022-08-31,0.08155709374079612
URA,2022-09-30,-0.15081403099584778
URA,2022-10-31,0.01917247202359218
URA,2022-11-30,0.06386136911685814
URA,2022-12-30,-0.0632712830939014
URA,2023-01-31,0.14691236129631458
URA,2023-02-28,-0.0911853712284264
URA,2023-03-31,-0.047778355497471336
URA,2023-04-28,0.0035123425553915677
URA,2023-05-31,-0.005499968354675144
URA,2023-06-30,0.09100046421543095
URA,2023-07-31,0.046082894250694784
URA,2023-08-31,0.057709297483202304
URA,2023-09-29,0.12619746861172
URA,2023-10-31,-0.007396472827012612
URA,2023-11-30,0.07898655996438775
URA,2023-12-29,0.01404255482415473
URA,2024-01-31,0.09498013704610986
URA,2024-02-29,-0.0943271866580132
URA,2024-03-28,0.049890732146982364
URA,2024-04-30,-0.002081224028788853
URA,2024-05-31,0.12061186556848447
URA,2024-06-28,-0.10127506763575944
URA,2024-07-31,-0.021070884700509662
URA,2024-08-30,-0.08609733124701024
URA,2024-09-30,0.10463326931675332
URA,2024-10-31,0.07409986647470546
URA,2024-11-29,0.052717157350099075
URA,2024-12-31,-0.14975823985621284
URA,2025-01-31,0.05713213277639828
URA,2025-02-28,-0.12398448519190242
URA,2025-03-31,-0.07580638441905918
URA,2025-04-30,0.09075043645233882
URA,2025-05-30,0.280399890903382
URA,2025-06-30,0.21243367854473072
URA,2025-07-31,0.014171592121373422
URA,2025-08-29,0.033282489908235124
URA,2025-09-30,0.17211708390319913
URA,2025-10-31,0.156282800978784
URA,2025-11-28,-0.17851964286659516
URA,2025-12-31,-0.011267742636506872
URA,2026-01-30,0.28691790937446915
URA,2026-02-27,-0.011820358356770866
URA,2026-03-31,-0.1087596582778193
URA,2026-04-30,0.16498033891021113
URA,2026-05-29,-0.10031903635416073
URA,2026-06-30,-0.13908585090710668
URA,2026-07-31,-0.1059496793428385
URA,2026-08-31,0.1648323183263838
URA,2026-09-21,-0.05559215277096152
VEA,2015-01-30,0.012204921088373899
VEA,2015-02-27,0.06159887626716687
VEA,2015-03-31,-0.01218335021636141
VEA,2015-04-30,0.03866421605303483
VEA,2015-05-29,-4.8348538377773753e-4
VEA,2015-06-30,-0.02910775920148423
VEA,2015-07-31,0.014627971362980663
VEA,2015-08-31,-0.07233364205998627
VEA,2015-09-30,-0.040804224801676225
VEA,2015-10-30,0.06734080290036348
VEA,2015-11-30,-0.0076237094920975634
VEA,2015-12-31,-0.02133661138764309
VEA,2016-01-29,-0.05528307895728024
VEA,2016-02-29,-0.030844552412238713
VEA,2016-03-31,0.0719096213499486
VEA,2016-04-29,0.023132336482870164
VEA,2016-05-31,-0.0029960835847465672
VEA,2016-06-30,-0.020597205953400977
VEA,2016-07-29,0.041572839179232046
VEA,2016-08-31,0.004072779750368127
VEA,2016-09-30,0.01637827755536181
VEA,2016-10-31,-0.024057835012384787
VEA,2016-11-30,-0.015064287616332162
VEA,2016-12-30,0.02448548297416253
VEA,2017-01-31,0.03667231996143294
VEA,2017-02-28,0.01055947401642765
VEA,2017-03-31,0.03058421034972847
VEA,2017-04-28,0.022137502514075313
VEA,2017-05-31,0.034105104904357475
VEA,2017-06-30,0.006372326813254059
VEA,2017-07-31,0.028799739866761653
VEA,2017-08-31,2.3551940730470733e-4
VEA,2017-09-29,0.025143035827432936
VEA,2017-10-31,0.017737645995203
VEA,2017-11-30,0.008601184450151012
VEA,2017-12-29,0.016541455017086593
VEA,2018-01-31,0.047481307106338244
VEA,2018-02-28,-0.05107483590705941
VEA,2018-03-29,-0.0038991404356131243
VEA,2018-04-30,0.012655464253641169
VEA,2018-05-31,-0.014282571717837977
VEA,2018-06-29,-0.016532827532266148
VEA,2018-07-31,0.022844059776755854
VEA,2018-08-31,-0.01732038956865778
VEA,2018-09-28,0.007108492417825518
VEA,2018-10-31,-0.08597189092879765
VEA,2018-11-30,0.005056756922880545
VEA,2018-12-31,-0.05677562407835779
VEA,2019-01-31,0.07466284669367851
VEA,2019-02-28,0.02332577909527145
VEA,2019-03-29,0.006016988786275768
VEA,2019-04-30,0.028382433608253876
VEA,2019-05-31,-0.052105116827316444
VEA,2019-06-28,0.05859301745057666
VEA,2019-07-31,-0.02037832327924738
VEA,2019-08-30,-0.018845177621095166
VEA,2019-09-30,0.03152333928360829
VEA,2019-10-31,0.032132450484977815
VEA,2019-11-29,0.01344336411467717
VEA,2019-12-31,0.035666805986158234
VEA,2020-01-31,-0.02995902226564473
VEA,2020-02-28,-0.07650891578485941
VEA,2020-03-31,-0.15152883844843257
VEA,2020-04-30,0.07018594849582516
VEA,2020-05-29,0.05577378464247196
VEA,2020-06-30,0.034978370440803985
VEA,2020-07-31,0.026295151401254158
VEA,2020-08-31,0.05174588442237171
VEA,2020-09-30,-0.01799715732285201
VEA,2020-10-30,-0.035452177468979995
VEA,2020-11-30,0.14296545134430438
VEA,2020-12-31,0.056300681888430404
VEA,2021-01-29,-0.007201837424776869
VEA,2021-02-26,0.024322458550629644
VEA,2021-03-31,0.02768466643432399
VEA,2021-04-30,0.030543649344229262
VEA,2021-05-28,0.03576357758010995
VEA,2021-06-30,-0.009213553190855261
VEA,2021-07-30,0.005046656103783853
VEA,2021-08-31,0.013132703835296411
VEA,2021-09-30,-0.033855842128155955
VEA,2021-10-29,0.032283718796499716
VEA,2021-11-30,-0.04643123875167987
VEA,2021-12-31,0.04328547231139712
VEA,2022-01-31,-0.038581938148632644
VEA,2022-02-28,-0.02648223351114598
VEA,2022-03-31,0.006754541004841297
VEA,2022-04-29,-0.06787409677228418
VEA,2022-05-31,0.016528668064204943
VEA,2022-06-30,-0.09170024496210238
VEA,2022-07-29,0.05294115530906618
VEA,2022-08-31,-0.058193719942251754
VEA,2022-09-30,-0.09860039460728975
VEA,2022-10-31,0.06078095811221229
VEA,2022-11-30,0.12548626213911818
VEA,2022-12-30,-0.021824842876042583
VEA,2023-01-31,0.09030280437032712
VEA,2023-02-28,-0.03474686289028239
VEA,2023-03-31,0.026485314598704734
VEA,2023-04-28,0.026345084532354734
VEA,2023-05-31,-0.03731673605054875
VEA,2023-06-30,0.04429002309103458
VEA,2023-07-31,0.03139885983358526
VEA,2023-08-31,-0.039470860679245434
VEA,2023-09-29,-0.037847929800819524
VEA,2023-10-31,-0.033851745241229025
VEA,2023-11-30,0.0880681439496307
VEA,2023-12-29,0.055885621962476595
VEA,2024-01-31,-0.010855906690459327
VEA,2024-02-29,0.027437627045158175
VEA,2024-03-28,0.036584417056096497
VEA,2024-04-30,-0.034084106255797386
VEA,2024-05-31,0.04663651019134529
VEA,2024-06-28,-0.01654176318079581
VEA,2024-07-31,0.0301497917901421
VEA,2024-08-30,0.029070961314176413
VEA,2024-09-30,0.010785496246842108
VEA,2024-10-31,-0.05131602011191139
VEA,2024-11-29,0.003991893519586176
VEA,2024-12-31,-0.03505972514526179
VEA,2025-01-31,0.0443328295833707
VEA,2025-02-28,0.022627210894340166
VEA,2025-03-31,-9.744353872487288e-5
VEA,2025-04-30,0.04013379700899544
VEA,2025-05-30,0.051257981327755164
VEA,2025-06-30,0.0338864139233368
VEA,2025-07-31,-0.013857202015321923
VEA,2025-08-29,0.04429032217652251
VEA,2025-09-30,0.025497999370419855
VEA,2025-10-31,0.017690214887288835
VEA,2025-11-28,0.009675256484361183
VEA,2025-12-31,0.03178365363761371
VEA,2026-01-30,0.05970858417693048
VEA,2026-02-27,0.06102731510619952
VEA,2026-03-31,-0.08614684780788795
VEA,2026-04-30,0.07365796578740014
VEA,2026-05-29,0.04316847527576151
VEA,2026-06-30,-0.002019776973942622
VEA,2026-07-31,-0.008842036788953012
VEA,2026-08-31,0.032568582837068094
VEA,2026-09-21,-0.006050225556654576
VNM,2015-01-30,-0.03686155641434408
VNM,2015-02-27,0.0732641476290754
VNM,2015-03-31,-0.14009176373009558
VNM,2015-04-30,0.06812827788836207
VNM,2015-05-29,-0.01885751675664138
VNM,2015-06-30,0.0537026395661675
VNM,2015-07-31,-0.014485090593083672
VNM,2015-08-31,-0.11377251867143046
VNM,2015-09-30,-0.04913999973834016
VNM,2015-10-30,0.09560732234119906
VNM,2015-11-30,-0.08254727425711883
VNM,2015-12-31,-0.013026002871677211
VNM,2016-01-29,-0.05611914931139517
VNM,2016-02-29,0
VNM,2016-03-31,0.0028653348310523352
VNM,2016-04-29,0.029999939851136137
VNM,2016-05-31,-0.0013867780301657362
VNM,2016-06-30,0.01527769166426074
VNM,2016-07-29,0.03898755556369471
VNM,2016-08-31,-6.582758177097192e-4
VNM,2016-09-30,-0.005270173278557944
VNM,2016-10-31,-0.050993281129070644
VNM,2016-11-30,-0.06629459186939146
VNM,2016-12-30,-0.0011264744078263167
VNM,2017-01-31,0.03987738188729284
VNM,2017-02-28,-0.003687339293553138
VNM,2017-03-31,0.037749933317848816
VNM,2017-04-28,0.0014263772579641287
VNM,2017-05-31,0.02848998809206571
VNM,2017-06-30,0.033933564228591395
VNM,2017-07-31,-0.010046879983868884
VNM,2017-08-31,-0.006765943648019301
VNM,2017-09-29,0.01566761960702645
VNM,2017-10-31,0.07444669557451133
VNM,2017-11-30,0.05742830937843335
VNM,2017-12-29,0.06672181716069137
VNM,2018-01-31,0.10011168703381146
VNM,2018-02-28,-0.05033036421664028
VNM,2018-03-29,0.04710912073017792
VNM,2018-04-30,-0.08588943848349684
VNM,2018-05-31,-0.06655497963285506
VNM,2018-06-29,-0.04313957551848702
VNM,2018-07-31,0.03068242839491897
VNM,2018-08-31,0.006075611892318422
VNM,2018-09-28,0.015096549110248825
VNM,2018-10-31,-0.09696616434760885
VNM,2018-11-30,0.034255582014022234
VNM,2018-12-31,-0.052769273572750186
VNM,2019-01-31,0.07389833953285452
VNM,2019-02-28,0.053030349998717696
VNM,2019-03-29,-0.0071943480443191765
VNM,2019-04-30,0.006642467822649545
VNM,2019-05-31,-0.028794225341867596
VNM,2019-06-28,-0.010500221752934968
VNM,2019-07-31,0.009987466061444739
VNM,2019-08-30,-0.030902188813997755
VNM,2019-09-30,0.04017827269548979
VNM,2019-10-31,-0.005518183436120094
VNM,2019-11-29,-0.017262446184312275
VNM,2019-12-31,0.010832871695451995
VNM,2020-01-31,-0.06879300360677587
VNM,2020-02-28,-0.0772329736450682
VNM,2020-03-31,-0.24017475921554265
VNM,2020-04-30,0.1925288378487
VNM,2020-05-29,0.10040149821473943
VNM,2020-06-30,-0.018978067427502632
VNM,2020-07-31,0.019345201974982462
VNM,2020-08-31,0.07299273407110585
VNM,2020-09-30,0.010204054572364507
VNM,2020-10-30,-0.007407332696349966
VNM,2020-11-30,0.082767921818982515
VNM,2020-12-31,0.10043342355759566
VNM,2021-01-29,-0.03258990377701532
VNM,2021-02-26,0.04018926118364563
VNM,2021-03-31,0.028408893024862714
VNM,2021-04-30,0.04143652209015403
VNM,2021-05-28,0.04403200648627781
VNM,2021-06-30,0.05640233504394221
VNM,2021-07-30,-0.059644159199427005
VNM,2021-08-31,0.010230214043857266
VNM,2021-09-30,-0.02430377635845482
VNM,2021-10-29,0.05345084839789016
VNM,2021-11-30,0.02216753949782868
VNM,2021-12-31,0.028715870578543745
VNM,2022-01-31,-0.06920895910553293
VNM,2022-02-28,-0.01315141870906189
VNM,2022-03-31,-0.032803486700410445
VNM,2022-04-29,-0.09697939308163839
VNM,2022-05-31,-0.05868538635303655
VNM,2022-06-30,-0.10224450929878093
VNM,2022-07-29,0.022916721229448322
VNM,2022-08-31,0.040733129246945055
VNM,2022-09-30,-0.13242005256721212
VNM,2022-10-31,-0.12180447771711977
VNM,2022-11-30,0.09417803867533148
VNM,2022-12-30,-0.06502320035666542
VNM,2023-01-31,0.0886824682869154
VNM,2023-02-28,-0.12645470164228145
VNM,2023-03-31,0.08170524726491468
VNM,2023-04-28,-0.0024631000177884887
VNM,2023-05-31,0.023045282842112602
VNM,2023-06-30,0.06999196290130993
VNM,2023-07-31,0.13157882380134378
VNM,2023-08-31,0.007308973212612591
VNM,2023-09-29,-0.10686016725218173
VNM,2023-10-31,-0.14623329707950894
VNM,2023-11-30,0.13321795026625582
VNM,2023-12-29,0.03953508059744548
VNM,2024-01-31,-0.01702786057110528
VNM,2024-02-29,0.06377956322777001
VNM,2024-03-28,0.02886746047072264
VNM,2024-04-30,-0.12230217360650042
VNM,2024-05-31,0.03360657323604621
VNM,2024-06-28,-0.03489293585912656
VNM,2024-07-31,-0.008216932482886907
VNM,2024-08-30,0.03976806311242287
VNM,2024-09-30,0.018326682244887316
VNM,2024-10-31,-0.06807510982298737
VNM,2024-11-29,-0.012594426504294653
VNM,2024-12-31,-0.023809636029395675
VNM,2025-01-31,0.006968746113513502
VNM,2025-02-28,0.04152245130241061
VNM,2025-03-31,0.03654484311481876
VNM,2025-04-30,-0.03285257858298696
VNM,2025-05-30,0.12593213387637214
VNM,2025-06-30,0.011773327943070067
VNM,2025-07-31,0.16436363368466012
VNM,2025-08-29,0.1424110994243244
VNM,2025-09-30,-0.024603700916273397
VNM,2025-10-31,-0.022982072689105237
VNM,2025-11-28,0.05220881023946933
VNM,2025-12-31,0.04250314181341741
VNM,2026-01-30,-5.241210126741835e-4
VNM,2026-02-27,5.243958595630982e-4
VNM,2026-03-31,-0.09276731996023357
VNM,2026-04-30,0.08838825729924493
VNM,2026-05-29,-0.007430965420093583
VNM,2026-06-30,-0.012299542256746232
VNM,2026-07-31,-0.08067134956744904
VNM,2026-08-31,0.06360423750422628
VNM,2026-09-21,-0.0359911205842528
VWO,2015-01-30,0.009605878130819034
VWO,2015-02-27,0.046569529823834444
VWO,2015-03-31,-0.020552435560805438
VWO,2015-04-30,0.07413744319798266
VWO,2015-05-29,-0.03553528580954746
VWO,2015-06-30,-0.0255313271561578
VWO,2015-07-31,-0.06262232571235171
VWO,2015-08-31,-0.0986428571136273
VWO,2015-09-30,-0.02881684454954414
VWO,2015-10-30,0.052886277759503164
VWO,2015-11-30,-0.022962137577025143
VWO,2015-12-31,-0.03436787757878368
VWO,2016-01-29,-0.05747481820731615
VWO,2016-02-29,-0.0032435148426773752
VWO,2016-03-31,0.1272075088130875
VWO,2016-04-29,0.010121313707323942
VWO,2016-05-31,-0.0323505320802997
VWO,2016-06-30,0.04923635998816711
VWO,2016-07-29,0.05137652073604415
VWO,2016-08-31,0.007829452928799885
VWO,2016-09-30,0.020207649614754963
VWO,2016-10-31,0.0031888525842613813
VWO,2016-11-30,-0.04052977936181945
VWO,2016-12-30,-0.0073826538866687
VWO,2017-01-31,0.057574265674572134
VWO,2017-02-28,0.02246269468368456
VWO,2017-03-31,0.028449426431980118
VWO,2017-04-28,0.015609046437565555
VWO,2017-05-31,0.009915733568157226
VWO,2017-06-30,0.008504638116111352
VWO,2017-07-31,0.053392299417744704
VWO,2017-08-31,0.02999288175402448
VWO,2017-09-29,-0.004951402507085145
VWO,2017-10-31,0.024329125170100996
VWO,2017-11-30,-0.0033613958994004323
VWO,2017-12-29,0.0370536268736823
VWO,2018-01-31,0.08560221438124693
VWO,2018-02-28,-0.05357164900790845
VWO,2018-03-29,-0.002091361320633145
VWO,2018-04-30,-0.02767143858327148
VWO,2018-05-31,-0.02342419002824947
VWO,2018-06-29,-0.047894632311443974
VWO,2018-07-31,0.03981051681040837
VWO,2018-08-31,-0.04193254541231228
VWO,2018-09-28,-0.013457583882135471
VWO,2018-10-31,-0.07658527330889398
VWO,2018-11-30,0.04833592971112344
VWO,2018-12-31,-0.03345015461498335
VWO,2019-01-31,0.09658830155747822
VWO,2019-02-28,-0.0038296811955678134
VWO,2019-03-29,0.023148322126722798
VWO,2019-04-30,0.021411757035642465
VWO,2019-05-31,-0.06381020885083888
VWO,2019-06-28,0.05371854175400892
VWO,2019-07-31,-0.01810479655343422
VWO,2019-08-30,-0.03256667281264902
VWO,2019-09-30,0.00910859880980408
VWO,2019-10-31,0.03949309032738291
VWO,2019-11-29,0.005018057847379964
VWO,2019-12-31,0.07068889806204592
VWO,2020-01-31,-0.05531824927172857
VWO,2020-02-28,-0.035467607201549955
VWO,2020-03-31,-0.17046796100517747
VWO,2020-04-30,0.07809253939635541
VWO,2020-05-29,0.032900366092222466
VWO,2020-06-30,0.06477144739384744
VWO,2020-07-31,0.08583683514770457
VWO,2020-08-31,0.027435778560777946
VWO,2020-09-30,-0.01195819221535166
VWO,2020-10-30,0.013182313902313503
VWO,2020-11-30,0.08559679100692352
VWO,2020-12-31,0.05999378799409083
VWO,2021-01-29,0.031331071946760325
VWO,2021-02-26,0.015673353150916558
VWO,2021-03-31,-0.007104199986518567
VWO,2021-04-30,0.017867391256152887
VWO,2021-05-28,0.01698779671629258
VWO,2021-06-30,0.013267942096889085
VWO,2021-07-30,-0.05892118489452258
VWO,2021-08-31,0.021913598102835108
VWO,2021-09-30,-0.03362018760833996
VWO,2021-10-29,0.01299771370358438
VWO,2021-11-30,-0.02901692292760938
VWO,2021-12-31,0.015402398559723363
VWO,2022-01-31,0.0042456836553672606
VWO,2022-02-28,-0.03724575629660454
VWO,2022-03-31,-0.03255299438153392
VWO,2022-04-29,-0.058313321807780816
VWO,2022-05-31,0.004604058512282627
VWO,2022-06-30,-0.03850235691422421
VWO,2022-07-29,-0.007922956537459669
VWO,2022-08-31,-0.0045983811716413525
VWO,2022-09-30,-0.1008226655375799
VWO,2022-10-31,-0.028500750012021348
VWO,2022-11-30,0.14301816830833047
VWO,2022-12-30,-0.022292173252159264
VWO,2023-01-31,0.08337625513873403
VWO,2023-02-28,-0.06654073150084205
VWO,2023-03-31,0.025601938122988166
VWO,2023-04-28,-0.0039603966583313666
VWO,2023-05-31,-0.029572575786188993
VWO,2023-06-30,0.0474105043114712
VWO,2023-07-31,0.05875118962905801
VWO,2023-08-31,-0.0589736867777817
VWO,2023-09-29,-0.02467746557042738
VWO,2023-10-31,-0.03238967679561555
VWO,2023-11-30,0.07090118572923454
VWO,2023-12-29,0.03333160667764168
VWO,2024-01-31,-0.03552292690479786
VWO,2024-02-29,0.034813171537325216
VWO,2024-03-28,0.019235583466684636
VWO,2024-04-30,0.009576193841042802
VWO,2024-05-31,0.02157947363587054
VWO,2024-06-28,0.01970022143794914
VWO,2024-07-31,0.012111580811338785
VWO,2024-08-30,0.009708717473509099
VWO,2024-09-30,0.07315488992052543
VWO,2024-10-31,-0.026750186366202078
VWO,2024-11-29,-0.021473127570516337
VWO,2024-12-31,-0.010242367932041363
VWO,2025-01-31,0.008174336007300997
VWO,2025-02-28,0.007432416074833359
VWO,2025-03-31,0.012878398971312599
VWO,2025-04-30,-2.2091283233283132e-4
VWO,2025-05-30,0.038674024985007716
VWO,2025-06-30,0.05538708739306264
VWO,2025-07-31,0.006874234051925221
VWO,2025-08-29,0.03473897941799842
VWO,2025-09-30,0.05687923882856594
VWO,2025-10-31,0.01458102857485244
VWO,2025-11-28,-0.012188507019860073
VWO,2025-12-31,0.009518368375787567
VWO,2026-01-30,0.05040924677851577
VWO,2026-02-27,0.028864790964145515
VWO,2026-03-31,-0.06970740284642485
VWO,2026-04-30,0.09028686667941455
VWO,2026-05-29,0.016120830778483253
VWO,2026-06-30,-0.001988342173782298
VWO,2026-07-31,-0.01574800225386741
VWO,2026-08-31,0.030127662254172627
VWO,2026-09-21,0.012170561914208289
WOOD,2015-01-30,0.022658656450066594
WOOD,2015-02-27,0.03101912473892976
WOOD,2015-03-31,-0.021848247525787734
WOOD,2015-04-30,-0.012083192510382257
WOOD,2015-05-29,0.007412941564029607
WOOD,2015-06-30,-0.023913804371864744
WOOD,2015-07-31,-0.02874027175871552
WOOD,2015-08-31,-0.05918060970908534
WOOD,2015-09-30,-0.07290166857182023
WOOD,2015-10-30,0.09570891631687473
WOOD,2015-11-30,0.06581924139018258
WOOD,2015-12-31,-0.07241893937105182
WOOD,2016-01-29,-0.1061335823153251
WOOD,2016-02-29,-0.01732996777444107
WOOD,2016-03-31,0.1163011695261067
WOOD,2016-04-29,0.019214250089344853
WOOD,2016-05-31,0.018223777052654322
WOOD,2016-06-30,-0.05652217318641384
WOOD,2016-07-29,0.07535914056662829
WOOD,2016-08-31,0.02157837156539566
WOOD,2016-09-30,0.010259830664220537
WOOD,2016-10-31,1.9887145453179045e-4
WOOD,2016-11-30,0.04001605936069441
WOOD,2016-12-30,0.030843203468625013
WOOD,2017-01-31,0.021268837350729486
WOOD,2017-02-28,0.030325281449309127
WOOD,2017-03-31,0.02180840963817543
WOOD,2017-04-28,0.028804465544362445
WOOD,2017-05-31,0.018215495769122292
WOOD,2017-06-30,0.026070067047968548
WOOD,2017-07-31,0.016976926095304767
WOOD,2017-08-31,0.021348208272927938
WOOD,2017-09-29,0.04950513313845972
WOOD,2017-10-31,0.04252746886424319
WOOD,2017-11-30,0.005458258376511704
WOOD,2017-12-29,0.018433382528938447
WOOD,2018-01-31,0.07690143441269504
WOOD,2018-02-28,-0.010574403401692023
WOOD,2018-03-29,0.03377753127523975
WOOD,2018-04-30,0.025526317507584606
WOOD,2018-05-31,0.00784106376845295
WOOD,2018-06-29,-0.02561012086000003
WOOD,2018-07-31,-0.03251412626645067
WOOD,2018-08-31,0.034004043445764465
WOOD,2018-09-28,-0.03672464277248455
WOOD,2018-10-31,-0.12234309865405224
WOOD,2018-11-30,-0.039049539307229764
WOOD,2018-12-31,-0.08745722788334431
WOOD,2019-01-31,0.1538595014466546
WOOD,2019-02-28,-0.03382879838356467
WOOD,2019-03-29,-0.002669101254932249
WOOD,2019-04-30,0.009918110658469148
WOOD,2019-05-31,-0.14263455109891443
WOOD,2019-06-28,0.11117336767665664
WOOD,2019-07-31,-0.040860658219972645
WOOD,2019-08-30,-0.03355931699273118
WOOD,2019-09-30,0.05505563519261325
WOOD,2019-10-31,0.07384040942587133
WOOD,2019-11-29,0.030014313623140332
WOOD,2019-12-31,0.03482865465211993
WOOD,2020-01-31,-0.0679105678453511
WOOD,2020-02-28,-0.08038422742913565
WOOD,2020-03-31,-0.1621104358603357
WOOD,2020-04-30,0.09351617067929485
WOOD,2020-05-29,0.02679593330579766
WOOD,2020-06-30,0.03545828418938157
WOOD,2020-07-31,0.07699259400357983
WOOD,2020-08-31,0.10279591274529021
WOOD,2020-09-30,-0.01852132111952165
WOOD,2020-10-30,-0.021345672551762562
WOOD,2020-11-30,0.13924429607732414
WOOD,2020-12-31,0.10907649531791597
WOOD,2021-01-29,-0.005275278457669508
WOOD,2021-02-26,0.05037899337852614
WOOD,2021-03-31,0.02488297314207144
WOOD,2021-04-30,0.0763546024678472
WOOD,2021-05-28,-0.00316013209911592
WOOD,2021-06-30,-0.04177869567947223
WOOD,2021-07-30,0.009330659423103072
WOOD,2021-08-31,0.022483466729656953
WOOD,2021-09-30,-0.05123349093906715
WOOD,2021-10-29,-0.00917639550608107
WOOD,2021-11-30,0.00415582733777109
WOOD,2021-12-31,0.09110209382688805
WOOD,2022-01-31,-0.02706810298889717
WOOD,2022-02-28,-0.014972025107129916
WOOD,2022-03-31,0.013157814846831428
WOOD,2022-04-29,0.00862072032946859
WOOD,2022-05-31,-0.012209922660277761
WOOD,2022-06-30,-0.14886325220179952
WOOD,2022-07-29,0.06450743059815256
WOOD,2022-08-31,-0.03143535750824944
WOOD,2022-09-30,-0.1471584432119175
WOOD,2022-10-31,0.07580629788187365
WOOD,2022-11-30,0.07927250986035861
WOOD,2022-12-30,-0.04111487382053014
WOOD,2023-01-31,0.07821315251365091
WOOD,2023-02-28,-0.06093819876507367
WOOD,2023-03-31,-0.028102152783579748
WOOD,2023-04-28,-0.009358834287506279
WOOD,2023-05-31,-0.020727578561335114
WOOD,2023-06-30,0.05156191957926626
WOOD,2023-07-31,0.0644440529378798
WOOD,2023-08-31,-0.022408469808363196
WOOD,2023-09-29,-0.007774884034310259
WOOD,2023-10-31,-0.04431236406824679
WOOD,2023-11-30,0.08707956774148284
WOOD,2023-12-29,0.05721711911031213
WOOD,2024-01-31,-0.06322261923539385
WOOD,2024-02-29,0.04057248264389246
WOOD,2024-03-28,0.06473179278890395
WOOD,2024-04-30,-0.06233697700428309
WOOD,2024-05-31,0.049797689061770845
WOOD,2024-06-28,-0.041602491630333915
WOOD,2024-07-31,0.04159753879829009
WOOD,2024-08-30,0.0030626362842058885
WOOD,2024-09-30,0.05239377713245719
WOOD,2024-10-31,-0.06533595944581438
WOOD,2024-11-29,0.010553750161845343
WOOD,2024-12-31,-0.05804872069732281
WOOD,2025-01-31,0.05187314459488812
WOOD,2025-02-28,-0.03549189837464006
WOOD,2025-03-31,-0.026081357874528366
WOOD,2025-04-30,-0.03897656906490132
WOOD,2025-05-30,0.01986484948206102
WOOD,2025-06-30,0.0025540195099662544
WOOD,2025-07-31,-0.032988014905380725
WOOD,2025-08-29,0.07132790629265706
WOOD,2025-09-30,-0.03407890646394762
WOOD,2025-10-31,-0.0547610527928446
WOOD,2025-11-28,0.014267134781567048
WOOD,2025-12-31,0.03844192140979397
WOOD,2026-01-30,0.037078195941073755
WOOD,2026-02-27,0.04954464932017055
WOOD,2026-03-31,-0.0947945695364889
WOOD,2026-04-30,-0.0350951491690904
WOOD,2026-05-29,-0.010809103511203899
WOOD,2026-06-30,-0.012733296126942073
WOOD,2026-07-31,0.0862016797798808
WOOD,2026-08-31,-0.003474635310684482
WOOD,2026-09-21,-0.011994430222533548
XLE,2015-01-30,-0.05004426229024583
XLE,2015-02-27,0.045929722802994455
XLE,2015-03-31,-0.011552250596028601
XLE,2015-04-30,0.06573865020109326
XLE,2015-05-29,-0.051886405878014186
XLE,2015-06-30,-0.03483516665283193
XLE,2015-07-31,-0.07690276797050855
XLE,2015-08-31,-0.042519200540230506
XLE,2015-09-30,-0.07193412706440427
XLE,2015-10-30,0.11160157449368757
XLE,2015-11-30,-1.4707088582843753e-4
XLE,2015-12-31,-0.10516967832390756
XLE,2016-01-29,-0.03498009913548328
XLE,2016-02-29,-0.028002076167332524
XLE,2016-03-31,0.10165913029442053
XLE,2016-04-29,0.09064474146711454
XLE,2016-05-31,-0.009333354521360304
XLE,2016-06-30,0.027207079287527858
XLE,2016-07-29,-0.012602683853467078
XLE,2016-08-31,0.016771021245521878
XLE,2016-09-30,0.03688157164922656
XLE,2016-10-31,-0.028183020404443204
XLE,2016-11-30,0.08466941095437219
XLE,2016-12-30,0.017307313451309314
XLE,2017-01-31,-0.0321291970335974
XLE,2017-02-28,-0.020850500021836416
XLE,2017-03-31,-0.014860055885089318
XLE,2017-04-28,-0.029470735353421817
XLE,2017-05-31,-0.035377334281251005
XLE,2017-06-30,-0.0011167211516658337
XLE,2017-07-31,0.0261861949460811
XLE,2017-08-31,-0.054788397467141814
XLE,2017-09-29,0.10182365107565983
XLE,2017-10-31,-0.008324025121676737
XLE,2017-11-30,0.017522791388464354
XLE,2017-12-29,0.05269464213446273
XLE,2018-01-31,0.035842597713438895
XLE,2018-02-28,-0.1083501754427314
XLE,2018-03-29,0.017230380205651707
XLE,2018-04-30,0.09494118846974375
XLE,2018-05-31,0.02994188413701404
XLE,2018-06-29,0.00569556052741893
XLE,2018-07-31,0.015538449641930852
XLE,2018-08-31,-0.03475112346309284
XLE,2018-09-28,0.02446002955436244
XLE,2018-10-31,-0.11328210502269498
XLE,2018-11-30,-0.015634574712599325
XLE,2018-12-31,-0.12439186204408847
XLE,2019-01-31,0.1121184702904916
XLE,2019-02-28,0.023048083282898313
XLE,2019-03-29,0.0212807285763974
XLE,2019-04-30,-1.5117699277245045e-4
XLE,2019-05-31,-0.11102702197480652
XLE,2019-06-28,0.09395144095614705
XLE,2019-07-31,-0.015852905854148558
XLE,2019-08-30,-0.08325361573359458
XLE,2019-09-30,0.039343012553028744
XLE,2019-10-31,-0.020946151800604773
XLE,2019-11-29,0.01604570972203989
XLE,2019-12-31,0.06026234656691387
XLE,2020-01-31,-0.10992705836583028
XLE,2020-02-28,-0.15288139707556903
XLE,2020-03-31,-0.3437096859379901
XLE,2020-04-30,0.30763953960374835
XLE,2020-05-29,0.02000007483198929
XLE,2020-06-30,-0.010955751541876002
XLE,2020-07-31,-0.04808470542796017
XLE,2020-08-31,-0.01054645307608637
XLE,2020-09-30,-0.14606626003785672
XLE,2020-10-30,-0.0410685656746671
XLE,2020-11-30,0.2799442810330577
XLE,2020-12-31,0.04480169641642018
XLE,2021-01-29,0.03746634629841061
XLE,2021-02-26,0.22456798610083162
XLE,2021-03-31,0.029710160911534667
XLE,2021-04-30,0.006726250614090379
XLE,2021-05-28,0.05709642674218918
XLE,2021-06-30,0.04233969874811483
XLE,2021-07-30,-0.08316318347584906
XLE,2021-08-31,-0.020044704090070975
XLE,2021-09-30,0.08931500350845689
XLE,2021-10-29,0.10328291151203906
XLE,2021-11-30,-0.05011317453156394
XLE,2021-12-31,0.029833931399344538
XLE,2022-01-31,0.1877475119973091
XLE,2022-02-28,0.07069200763064964
XLE,2022-03-31,0.09338585483107731
XLE,2022-04-29,-0.01687585297619676
XLE,2022-05-31,0.16034580564954615
XLE,2022-06-30,-0.17073451107276139
XLE,2022-07-29,0.09662972759716881
XLE,2022-08-31,0.02652355518267857
XLE,2022-09-30,-0.09558704061948387
XLE,2022-10-31,0.24965304245298547
XLE,2022-11-30,0.012777552467597708
XLE,2022-12-30,-0.030489503894307046
XLE,2023-01-31,0.0281241806377317
XLE,2023-02-28,-0.06938729503663554
XLE,2023-03-31,5.330524963054195e-5
XLE,2023-04-28,0.02776767352995191
XLE,2023-05-31,-0.10031723115323066
XLE,2023-06-30,0.06913373643364618
XLE,2023-07-31,0.07773802194279211
XLE,2023-08-31,0.016460815923811545
XLE,2023-09-29,0.024033257127317853
XLE,2023-10-31,-0.05752847604449274
XLE,2023-11-30,-0.007160741239844448
XLE,2023-12-29,7.718598003536581e-4
XLE,2024-01-31,-0.005128651257164107
XLE,2024-02-29,0.03272990599512626
XLE,2024-03-28,0.1048637484812267
XLE,2024-04-30,-0.009427270986339775
XLE,2024-05-31,-0.003421520385141763
XLE,2024-06-28,-0.01414173709005695
XLE,2024-07-31,0.02260021180299443
XLE,2024-08-30,-0.020706060072394505
XLE,2024-09-30,-0.030180945784329172
XLE,2024-10-31,0.008997691268236352
XLE,2024-11-29,0.07833842379193579
XLE,2024-12-31,-0.09579584587866097
XLE,2025-01-31,0.023114760838185644
XLE,2025-02-28,0.038338463226560204
XLE,2025-03-31,0.03493247756615281
XLE,2025-04-30,-0.13857692035806823
XLE,2025-05-30,0.01279515365542272
XLE,2025-06-30,0.04869265299124681
XLE,2025-07-31,0.028298695659922934
XLE,2025-08-29,0.03646357811927592
XLE,2025-09-30,-0.003181926468544871
XLE,2025-10-31,-0.013543803732409154
XLE,2025-11-28,0.026324723739405975
XLE,2025-12-31,-0.0029601424852149227
XLE,2026-01-30,0.14180267124604162
XLE,2026-02-27,0.0953966973833944
XLE,2026-03-31,0.10265117086393927
XLE,2026-04-30,-0.02628136919552959
XLE,2026-05-29,-0.05632852879689443
XLE,2026-06-30,-0.04968887718869641
XLE,2026-07-31,0.12125777653084668
XLE,2026-08-31,0.07405541526003301
XLE,2026-09-21,-0.017647531383685133
XLF,2015-01-30,-0.0695513014192064
XLF,2015-02-27,0.0582358763014752
XLF,2015-03-31,-0.006160527435266516
XLF,2015-04-30,8.296029743410926e-4
XLF,2015-05-29,0.01947773214268067
XLF,2015-06-30,-0.004609906778202499
XLF,2015-07-31,0.034044170256477324
XLF,2015-08-31,-0.07060730944168281
XLF,2015-09-30,-0.028134088640349164
XLF,2015-10-30,0.06266558304877123
XLF,2015-11-30,0.019933711631178186
XLF,2015-12-31,-0.023643670933593652
XLF,2016-01-29,-0.08854417855250496
XLF,2016-02-29,-0.029004876493923026
XLF,2016-03-31,0.07159108071902454
XLF,2016-04-29,0.03600007550718076
XLF,2016-05-31,0.018875998966914942
XLF,2016-06-30,-0.032326906815095424
XLF,2016-07-29,0.0345581698101225
XLF,2016-08-31,0.03847807384360413
XLF,2016-09-30,-0.02801823635710632
XLF,2016-10-31,0.022798099899018265
XLF,2016-11-30,0.14032420473269558
XLF,2016-12-30,0.03756474639292473
XLF,2017-01-31,0.002580744703947646
XLF,2017-02-28,0.05276663547670801
XLF,2017-03-31,-0.02956119439514937
XLF,2017-04-28,-0.008427996656168335
XLF,2017-05-31,-0.011899619423234142
XLF,2017-06-30,0.06513333556971701
XLF,2017-07-31,0.017024706773659526
XLF,2017-08-31,-0.015543914211981091
XLF,2017-09-29,0.05133021963187301
XLF,2017-10-31,0.028615537713066796
XLF,2017-11-30,0.03458619683112363
XLF,2017-12-29,0.018881282476346906
XLF,2018-01-31,0.0655681785178801
XLF,2018-02-28,-0.02925351859059322
XLF,2018-03-29,-0.04155312111755105
XLF,2018-04-30,-0.0043528215844640394
XLF,2018-05-31,-0.009835993424414546
XLF,2018-06-29,-0.01746933437682574
XLF,2018-07-31,0.05114725059966263
XLF,2018-08-31,0.013595736816106596
XLF,2018-09-28,-0.022155271602524063
XLF,2018-10-31,-0.047135251153419655
XLF,2018-11-30,0.026255777797712376
XLF,2018-12-31,-0.11128964153074394
XLF,2019-01-31,0.08900109367279763
XLF,2019-02-28,0.02235921461471202
XLF,2019-03-29,-0.025593993418084326
XLF,2019-04-30,0.08984841662940202
XLF,2019-05-31,-0.07173464638736016
XLF,2019-06-28,0.06653687434309608
XLF,2019-07-31,0.02355087342314577
XLF,2019-08-30,-0.047079713240202103
XLF,2019-09-30,0.04542146129967639
XLF,2019-10-31,0.025000009690286706
XLF,2019-11-29,0.05052282925665641
XLF,2019-12-31,0.026092482542856787
XLF,2020-01-31,-0.026640629489362522
XLF,2020-02-28,-0.11248356219572087
XLF,2020-03-31,-0.21035922559010345
XLF,2020-04-30,0.09462084384054914
XLF,2020-05-29,0.027204667297738183
XLF,2020-06-30,-0.0052279894062571275
XLF,2020-07-31,0.0384615137037414
XLF,2020-08-31,0.04286300750971539
XLF,2020-09-30,-0.03422221312719165
XLF,2020-10-30,-0.008724660739387158
XLF,2020-11-30,0.1684829438582358
XLF,2020-12-31,0.06306029967664073
XLF,2021-01-29,-0.017978119051887953
XLF,2021-02-26,0.11606183469052178
XLF,2021-03-31,0.05852421911310435
XLF,2021-04-30,0.06490437610992505
XLF,2021-05-28,0.04771120730660372
XLF,2021-06-30,-0.030393907074546034
XLF,2021-07-30,-0.0046334930969247345
XLF,2021-08-31,0.051479014838332615
XLF,2021-09-30,-0.018425086401906987
XLF,2021-10-29,0.0727417500680343
XLF,2021-11-30,-0.057128343217748956
XLF,2021-12-31,0.033642554470138863
XLF,2022-01-31,2.560598627066035e-4
XLF,2022-02-28,-0.01382464611990153
XLF,2022-03-31,-0.001299955354309268
XLF,2022-04-29,-0.09942579754672154
XLF,2022-05-31,0.027818145386919735
XLF,2022-06-30,-0.10860886120259261
XLF,2022-07-29,0.07186028214745077
XLF,2022-08-31,-0.019579031846204353
XLF,2022-09-30,-0.07655951642117143
XLF,2022-10-31,0.11923569289674485
XLF,2022-11-30,0.06856994537866656
XLF,2022-12-30,-0.052204357810451074
XLF,2023-01-31,0.06900571616521667
XLF,2023-02-28,-0.022976001645695132
XLF,2023-03-31,-0.09547692974385791
XLF,2023-04-28,0.03172643583074608
XLF,2023-05-31,-0.04250838356258302
XLF,2023-06-30,0.06616052253514049
XLF,2023-07-31,0.048056985394152596
XLF,2023-08-31,-0.026889551563199054
XLF,2023-09-29,-0.030881959912473333
XLF,2023-10-31,-0.02441967158919034
XLF,2023-11-30,0.10939422172860103
XLF,2023-12-29,0.052539097895350384
XLF,2024-01-31,0.030851081269020364
XLF,2024-02-29,0.04076358834155869
XLF,2024-03-28,0.048056081628050196
XLF,2024-04-30,-0.04178537440412555
XLF,2024-05-31,0.031714541543551356
XLF,2024-06-28,-0.008819018879154816
XLF,2024-07-31,0.06397466538439867
XLF,2024-08-30,0.04572489462074336
XLF,2024-09-30,-0.005589007778576405
XLF,2024-10-31,0.025595798912769974
XLF,2024-11-29,0.10456106045465541
XLF,2024-12-31,-0.054614051061420144
XLF,2025-01-31,0.06496990242468792
XLF,2025-02-28,0.013794430138185376
XLF,2025-03-31,-0.041952261449995754
XLF,2025-04-30,-0.021080368700089114
XLF,2025-05-30,0.04511902878032248
XLF,2025-06-30,0.031190677021890822
XLF,2025-07-31,0
XLF,2025-08-29,0.030933830361074666
XLF,2025-09-30,0.0010618732143399257
XLF,2025-10-31,-0.0278448382082348
XLF,2025-11-28,0.0183311473015475
XLF,2025-12-31,0.030591125885873538
XLF,2026-01-30,-0.024283322680588748
XLF,2026-02-27,-0.03761223147900605
XLF,2026-03-31,-0.0351200879214737
XLF,2026-04-30,0.05590446728400078
XLF,2026-05-29,-0.010550531259105655
XLF,2026-06-30,0.04299718716533496
XLF,2026-07-31,0.062115207550311746
XLF,2026-08-31,0.013523005965239143
XLF,2026-09-21,-0.02793549867439271
XLI,2015-01-30,-0.03433046067925605
XLI,2015-02-27,0.05350934377758443
XLI,2015-03-31,-0.025460316041433728
XLI,2015-04-30,-0.0025104703359520864
XLI,2015-05-29,0.003235487584278829
XLI,2015-06-30,-0.026546995510617233
XLI,2015-07-31,0.0029597353652421887
XLI,2015-08-31,-0.054039357932176624
XLI,2015-09-30,-0.022040085411567656
XLI,2015-10-30,0.08779285689814964
XLI,2015-11-30,0.008660872493315708
XLI,2015-12-31,-0.025724496453119028
XLI,2016-01-29,-0.05697065625976061
XLI,2016-02-29,0.04260862928119136
XLI,2016-03-31,0.06973552055677779
XLI,2016-04-29,0.012439113632345178
XLI,2016-05-31,-0.004273564062465152
XLI,2016-06-30,0.007131528503853568
XLI,2016-07-29,0.036243679896891035
XLI,2016-08-31,0.009476223847218135
XLI,2016-09-30,0.0018614959256368913
XLI,2016-10-31,-0.020041369518995378
XLI,2016-11-30,0.0908935680478975
XLI,2016-12-30,0.0030606965756194704
XLI,2017-01-31,0.018643261860242344
XLI,2017-02-28,0.03912934329106754
XLI,2017-03-31,-0.007655662454516987
XLI,2017-04-28,0.019673772172366766
XLI,2017-05-31,0.01778724806503229
XLI,2017-06-30,0.013512766408664278
XLI,2017-07-31,0.0029365468479860546
XLI,2017-08-31,0.0021956847619646336
XLI,2017-09-29,0.04184453560178847
XLI,2017-10-31,0.007465040840193948
XLI,2017-11-30,0.04166058033820441
XLI,2017-12-29,0.02108535865071204
XLI,2018-01-31,0.05365437335427603
XLI,2018-02-28,-0.03863080673789232
XLI,2018-03-29,-0.02688299719050169
XLI,2018-04-30,-0.02786367140260848
XLI,2018-05-31,0.030739585033159766
XLI,2018-06-29,-0.033889390939095376
XLI,2018-07-31,0.07385098219323871
XLI,2018-08-31,0.0023401396039000044
XLI,2018-09-28,0.021774213295195466
XLI,2018-10-31,-0.10867405638031247
XLI,2018-11-30,0.038065677658084995
XLI,2018-12-31,-0.10659014930956912
XLI,2019-01-31,0.11426744392673638
XLI,2019-02-28,0.06367605917030983
XLI,2019-03-29,-0.01149519523668241
XLI,2019-04-30,0.039717924948919237
XLI,2019-05-31,-0.07640074094167726
XLI,2019-06-28,0.07920468861493934
XLI,2019-07-31,0.005166502791949856
XLI,2019-08-30,-0.026470964725175183
XLI,2019-09-30,0.030113607609807636
XLI,2019-10-31,0.01133580410211077
XLI,2019-11-29,0.04496248969371974
XLI,2019-12-31,-0.002011372597850003
XLI,2020-01-31,-0.004418674676246681
XLI,2020-02-28,-0.0990013073195063
XLI,2020-03-31,-0.18625953349053115
XLI,2020-04-30,0.08812068731471023
XLI,2020-05-29,0.05388543824229863
XLI,2020-06-30,0.019728155383220036
XLI,2020-07-31,0.0441055225163689
XLI,2020-08-31,0.08476164287865062
XLI,2020-09-30,-0.006821889542196424
XLI,2020-10-30,-0.014419377467182026
XLI,2020-11-30,0.16027437912614384
XLI,2020-12-31,0.010068165580288113
XLI,2021-01-29,-0.04268767722313249
XLI,2021-02-26,0.06889237652703328
XLI,2021-03-31,0.08986883387991607
XLI,2021-04-30,0.03534794636441241
XLI,2021-05-28,0.03129600658386389
XLI,2021-06-30,-0.022794810645792474
XLI,2021-07-30,0.009374812682604317
XLI,2021-08-31,0.011126437119231669
XLI,2021-09-30,-0.060798181474577495
XLI,2021-10-29,0.06796813223167164
XLI,2021-11-30,-0.035601636539153825
XLI,2021-12-31,0.053975857600318644
XLI,2022-01-31,-0.04791567076085579
XLI,2022-02-28,-0.008437746944686575
XLI,2022-03-31,0.03436396016197785
XLI,2022-04-29,-0.07613136812084842
XLI,2022-05-31,-0.004624852434619631
XLI,2022-06-30,-0.07366977394193075
XLI,2022-07-29,0.09503099878007992
XLI,2022-08-31,-0.02833553278888834
XLI,2022-09-30,-0.10430937890606962
XLI,2022-10-31,0.13894267512813063
XLI,2022-11-30,0.07811339361898262
XLI,2022-12-30,-0.02989824564696808
XLI,2023-01-31,0.03706338716448454
XLI,2023-02-28,-0.008639970727829738
XLI,2023-03-31,0.006191048010469213
XLI,2023-04-28,-0.011662389212890423
XLI,2023-05-31,-0.031500069650498896
XLI,2023-06-30,0.11253642784310247
XLI,2023-07-31,0.02888578785744489
XLI,2023-08-31,-0.019833441998794443
XLI,2023-09-29,-0.05947526126232505
XLI,2023-10-31,-0.029788835831005223
XLI,2023-11-30,0.08834883666948046
XLI,2023-12-29,0.07065546471778483
XLI,2024-01-31,-0.009650008631076568
XLI,2024-02-29,0.07183984032756463
XLI,2024-03-28,0.04420895327784424
XLI,2024-04-30,-0.03524930750090716
XLI,2024-05-31,0.016375957903802085
XLI,2024-06-28,-0.00988848259774966
XLI,2024-07-31,0.04915053205065245
XLI,2024-08-30,0.028155949515259016
XLI,2024-09-30,0.03362035392848561
XLI,2024-10-31,-0.011887088796522116
XLI,2024-11-29,0.07591693720643722
XLI,2024-12-31,-0.08033179920097422
XLI,2025-01-31,0.05001511144960347
XLI,2025-02-28,-0.014600593404792694
XLI,2025-03-31,-0.03562964058361462
XLI,2025-04-30,0.0011444342427058274
XLI,2025-05-30,0.08840131043701294
XLI,2025-06-30,0.03605213611148517
XLI,2025-07-31,0.03043666665791256
XLI,2025-08-29,0
XLI,2025-09-30,0.0187959845081207
XLI,2025-10-31,0.005381662660681297
XLI,2025-11-28,-0.008835431222810053
XLI,2025-12-31,0.012761400186174665
XLI,2026-01-30,0.06652915535047299
XLI,2026-02-27,0.07072044487535889
XLI,2026-03-31,-0.08442781687695011
XLI,2026-04-30,0.07945340558896219
XLI,2026-05-29,-0.008305657326360238
XLI,2026-06-30,0.07252191983691092
XLI,2026-07-31,-0.029098940710078236
XLI,2026-08-31,-0.02618993070086162
XLI,2026-09-21,-0.026798191525905235
