symbol,date,monthly_return
ARGT,2015-01-30,-0.016137747547034453
ARGT,2015-02-27,0.09786759335078843
ARGT,2015-03-31,0.043824525742704123
ARGT,2015-04-30,0.050572690841846235
ARGT,2015-05-29,-0.04586742854965897
ARGT,2015-06-30,-0.04616849070486595
ARGT,2015-07-31,-0.08582816995925047
ARGT,2015-08-31,-0.01528391881070923
ARGT,2015-09-30,-0.1158536658444973
ARGT,2015-10-30,0.25141042459305774
ARGT,2015-11-30,-0.05360726739550914
ARGT,2015-12-31,-0.03440767886517393
ARGT,2016-01-29,-0.05143825509266564
ARGT,2016-02-29,0.07930051301801888
ARGT,2016-03-31,0.04376016925436921
ARGT,2016-04-29,0.07349891485147642
ARGT,2016-05-31,0.002893108536519806
ARGT,2016-06-30,0.07211545891917948
ARGT,2016-07-29,0.013004025893111448
ARGT,2016-08-31,-0.0048690291588655565
ARGT,2016-09-30,0.0622773581894529
ARGT,2016-10-31,-0.0033500161048111154
ARGT,2016-11-30,-0.028991639581263162
ARGT,2016-12-30,0.0015214204424898181
ARGT,2017-01-31,0.11361670409037239
ARGT,2017-02-28,0.0233643546544704
ARGT,2017-03-31,0.07496209714505775
ARGT,2017-04-28,0.015221160786029309
ARGT,2017-05-31,0.05683402027385953
ARGT,2017-06-30,-0.0336521720324271
ARGT,2017-07-31,0.013997996568315907
ARGT,2017-08-31,3.365330695324076e-4
ARGT,2017-09-29,0.07034667774794334
ARGT,2017-10-31,0.0062893406932234
ARGT,2017-11-30,0.00843751332436482
ARGT,2017-12-29,0.09957498441913915
ARGT,2018-01-31,0.08071396648172446
ARGT,2018-02-28,-0.029874356892441445
ARGT,2018-03-29,-0.03619667607198862
ARGT,2018-04-30,-0.019899043086534562
ARGT,2018-05-31,-0.1475551627974464
ARGT,2018-06-29,-0.09526997701772744
ARGT,2018-07-31,0.09862791203724797
ARGT,2018-08-31,-0.11879852796678103
ARGT,2018-09-28,0.019532683988091604
ARGT,2018-10-31,-0.04883529102438866
ARGT,2018-11-30,0.015008086351085304
ARGT,2018-12-31,-0.07427687537339134
ARGT,2019-01-31,0.19088200286813506
ARGT,2019-02-28,0.008228979919522095
ARGT,2019-03-29,-0.020227136317866767
ARGT,2019-04-30,-0.05650137857958282
ARGT,2019-05-31,0.08023046331888195
ARGT,2019-06-28,0.1527823485270252
ARGT,2019-07-31,0.004970469702989755
ARGT,2019-08-30,-0.3069551229067733
ARGT,2019-09-30,0.017395176706728632
ARGT,2019-10-31,-0.0407716122756101
ARGT,2019-11-29,0.08135279731521328
ARGT,2019-12-31,0.12706505438913562
ARGT,2020-01-31,-0.0398646451951884
ARGT,2020-02-28,-0.10184092201919903
ARGT,2020-03-31,-0.28303530289043133
ARGT,2020-04-30,0.09732362307420384
ARGT,2020-05-29,0.20953439993635237
ARGT,2020-06-30,0.09670001203376066
ARGT,2020-07-31,0.11157554890587185
ARGT,2020-08-31,-0.03270676542233397
ARGT,2020-09-30,-0.09483082098412599
ARGT,2020-10-30,0.010304871559792428
ARGT,2020-11-30,0.21334453369672812
ARGT,2020-12-31,0.06707963452279353
ARGT,2021-01-29,-0.0500328724249679
ARGT,2021-02-26,0.014206421383877732
ARGT,2021-03-31,-0.014349075694453428
ARGT,2021-04-30,0.03639524534451044
ARGT,2021-05-28,0.02642135279102642
ARGT,2021-06-30,0.010576549308797478
ARGT,2021-07-30,0.010648445646233018
ARGT,2021-08-31,0.17177537392348152
ARGT,2021-09-30,-0.09128079250472176
ARGT,2021-10-29,-0.015292258390627311
ARGT,2021-11-30,-0.11449445219325838
ARGT,2021-12-31,0.08386743777262207
ARGT,2022-01-31,-0.008640030528475062
ARGT,2022-02-28,0.044221979166990444
ARGT,2022-03-31,0.10077298333310103
ARGT,2022-04-29,-0.10923902029563848
ARGT,2022-05-31,-0.027742775446741308
ARGT,2022-06-30,-0.18370264184930452
ARGT,2022-07-29,0.12137102468321381
ARGT,2022-08-31,0.07335497540770142
ARGT,2022-09-30,-0.0324959929013342
ARGT,2022-10-31,0.07686997434086673
ARGT,2022-11-30,0.05755611313759057
ARGT,2022-12-30,0.04648006721905573
ARGT,2023-01-31,0.19605509037773938
ARGT,2023-02-28,-0.02239712049070275
ARGT,2023-03-31,-0.011329431131991141
ARGT,2023-04-28,5.094378924592746e-4
ARGT,2023-05-31,0.012980350232867366
ARGT,2023-06-30,0.15769716650777488
ARGT,2023-07-31,0.022935927773739984
ARGT,2023-08-31,0.013239244999619926
ARGT,2023-09-29,-0.13003167678730898
ARGT,2023-10-31,-0.06879839608665395
ARGT,2023-11-30,0.31373576855688734
ARGT,2023-12-29,0.026867229406921433
ARGT,2024-01-31,0.02045187510511104
ARGT,2024-02-29,-0.048291620730024354
ARGT,2024-03-28,0.07882076672298544
ARGT,2024-04-30,0.06748458032620852
ARGT,2024-05-31,0.09299894365610761
ARGT,2024-06-28,-0.09141806890094906
ARGT,2024-07-31,0.007569108738202157
ARGT,2024-08-30,0.13888885667565365
ARGT,2024-09-30,0.01702727880575039
ARGT,2024-10-31,0.09969831934238038
ARGT,2024-11-29,0.14552170543266696
ARGT,2024-12-31,0.0010449932425142805
ARGT,2025-01-31,0.04608694466327323
ARGT,2025-02-28,-0.042784570014004375
ARGT,2025-03-31,-0.024281295535999337
ARGT,2025-04-30,0.061037621107453255
ARGT,2025-05-30,0.05285881942176229
ARGT,2025-06-30,-0.06018645065452166
ARGT,2025-07-31,-0.023840388892763964
ARGT,2025-08-29,-0.030951499417020578
ARGT,2025-09-30,-0.12963193104440784
ARGT,2025-10-31,0.3530675935334189
ARGT,2025-11-28,-0.012819196580741044
ARGT,2025-12-31,-0.011494472728386773
ARGT,2026-01-30,0.07428064241622034
ARGT,2026-02-27,-0.08594694940025982
ARGT,2026-03-31,0.03966124319563846
ARGT,2026-04-30,-0.023681930807818663
ARGT,2026-05-29,0.07233007452682538
ARGT,2026-06-30,-0.06212692760926142
ARGT,2026-07-31,0.04216865657647939
ARGT,2026-08-31,-0.006305816757742333
ARGT,2026-09-21,-0.02284509352080044
COPX,2015-01-30,-0.1767881364933137
COPX,2015-02-27,0.183606440152855
COPX,2015-03-31,-0.06094187091925518
COPX,2015-04-30,0.17846609424303406
COPX,2015-05-29,-0.08886092742752771
COPX,2015-06-30,-0.05631859591299326
COPX,2015-07-31,-0.18340606624888744
COPX,2015-08-31,-0.07486651917435017
COPX,2015-09-30,-0.18304421452818032
COPX,2015-10-30,0.18867899089138196
COPX,2015-11-30,-0.1653438249119159
COPX,2015-12-31,-0.053089519872175917
COPX,2016-01-29,-0.15241342255384915
COPX,2016-02-29,0.19080936169995621
COPX,2016-03-31,0.1837249275630779
COPX,2016-04-29,0.21828489971671083
COPX,2016-05-31,-0.1559047543731774
COPX,2016-06-30,0.06202620929190239
COPX,2016-07-29,0.12913702360830093
COPX,2016-08-31,-0.08908049811400509
COPX,2016-09-30,0.058675018698907566
COPX,2016-10-31,0.04529231635195763
COPX,2016-11-30,0.212086590916988
COPX,2016-12-30,-0.053713715202639234
COPX,2017-01-31,0.23450011211961708
COPX,2017-02-28,-0.05062784420182487
COPX,2017-03-31,-0.043088826934908675
COPX,2017-04-28,-0.04636643988988265
COPX,2017-05-31,-0.055166039714861004
COPX,2017-06-30,0.03809997289806688
COPX,2017-07-31,0.19828427085086742
COPX,2017-08-31,0.053301310233708765
COPX,2017-09-29,-0.06155567898367753
COPX,2017-10-31,0.029778523865833906
COPX,2017-11-30,-0.04493942685632013
COPX,2017-12-29,0.13684458065155902
COPX,2018-01-31,0.026325570375450802
COPX,2018-02-28,-0.030994031720417703
COPX,2018-03-29,-0.04485296795597238
COPX,2018-04-30,-0.0019246223539721719
COPX,2018-05-31,-0.01002703715347908
COPX,2018-06-29,-0.06038177870423389
COPX,2018-07-31,0.0024877972180568086
COPX,2018-08-31,-0.11869329605542145
COPX,2018-09-28,0.036602365310149265
COPX,2018-10-31,-0.1253960714484813
COPX,2018-11-30,0.021739304282050398
COPX,2018-12-31,-0.048278558989510945
COPX,2019-01-31,0.11906088347847543
COPX,2019-02-28,0.06490976205575394
COPX,2019-03-29,0.001833015551100159
COPX,2019-04-30,-0.01280864525814518
COPX,2019-05-31,-0.1473586927723095
COPX,2019-06-28,0.14262851689393807
COPX,2019-07-31,-0.08557681228293801
COPX,2019-08-30,-0.12986343434994974
COPX,2019-09-30,0.03383697514164852
COPX,2019-10-31,0.021624794936019986
COPX,2019-11-29,0.03718532762473181
COPX,2019-12-31,0.12385432763708626
COPX,2020-01-31,-0.13927176323235768
COPX,2020-02-28,-0.10806165754397645
COPX,2020-03-31,-0.24166658672078056
COPX,2020-04-30,0.21808940959196632
COPX,2020-05-29,0.07911184675600991
COPX,2020-06-30,0.1391485454265602
COPX,2020-07-31,0.1241497622269705
COPX,2020-08-31,0.120020122214475
COPX,2020-09-30,-0.06708672092694068
COPX,2020-10-30,0.03764465730093436
COPX,2020-11-30,0.25302336378707113
COPX,2020-12-31,0.13913636966039777
COPX,2021-01-29,-0.021739256815792585
COPX,2021-02-26,0.2451180038733467
COPX,2021-03-31,-0.03839920980824929
COPX,2021-04-30,0.10967375479218244
COPX,2021-05-28,0.04510913428086494
COPX,2021-06-30,-0.09526296873778362
COPX,2021-07-30,0.01884221521067775
COPX,2021-08-31,-0.02457068621806613
COPX,2021-09-30,-0.07367271405899722
COPX,2021-10-29,0.09122807435305025
COPX,2021-11-30,-0.048499342996338624
COPX,2021-12-31,0.050330963635673465
COPX,2022-01-31,0.013546401043388778
COPX,2022-02-28,0.1387331264967504
COPX,2022-03-31,0.06830970131382963
COPX,2022-04-29,-0.12019323480586441
COPX,2022-05-31,-0.012487559000397774
COPX,2022-06-30,-0.214366233203936
COPX,2022-07-29,0.003620778529171753
COPX,2022-08-31,-0.0209905072033566
COPX,2022-09-30,-0.0532662558867929
COPX,2022-10-31,0.01450800612678993
COPX,2022-11-30,0.26229507840920196
COPX,2022-12-30,-0.01015441678214335
COPX,2023-01-31,0.16539662320216775
COPX,2023-02-28,-0.08282886176866366
COPX,2023-03-31,0.022181115185700984
COPX,2023-04-28,0.020149895525498174
COPX,2023-05-31,-0.12382891587269707
COPX,2023-06-30,0.1030081220409762
COPX,2023-07-31,0.10889775935358603
COPX,2023-08-31,-0.0931737090758521
COPX,2023-09-29,-0.038299010590718385
COPX,2023-10-31,-0.0977753582765285
COPX,2023-11-30,0.04657539310205472
COPX,2023-12-29,0.10184278215791664
COPX,2024-01-31,-0.034933557632286893
COPX,2024-02-29,-0.005802592715652977
COPX,2024-03-28,0.17926613114098333
COPX,2024-04-30,0.07871805603454951
COPX,2024-05-31,0.05287284878307985
COPX,2024-06-28,-0.06065250968332869
COPX,2024-07-31,-0.030370181733013313
COPX,2024-08-30,-0.00914490784571853
COPX,2024-09-30,0.09067831128041082
COPX,2024-10-31,-0.07573513200741655
COPX,2024-11-29,-0.024261885941498917
COPX,2024-12-31,-0.09212102728819138
COPX,2025-01-31,0
COPX,2025-02-28,0.0010476858522998622
COPX,2025-03-31,0.022239637322520434
COPX,2025-04-30,-0.03224977456804978
COPX,2025-05-30,0.08701388362929396
COPX,2025-06-30,0.10092769922598932
COPX,2025-07-31,-0.04333334319940263
COPX,2025-08-29,0.15702680509334255
COPX,2025-09-30,0.20076287639003754
COPX,2025-10-31,0.032603183889274634
COPX,2025-11-28,0.04112703172030052
COPX,2025-12-31,0.1426640139569444
COPX,2026-01-30,0.1813622205911818
COPX,2026-02-27,0.12840468190473708
COPX,2026-03-31,-0.20219431749569716
COPX,2026-04-30,0.042698142218519086
COPX,2026-05-29,0.10714727708193528
COPX,2026-06-30,-0.12376258950315977
COPX,2026-07-31,0.024555013117760982
COPX,2026-08-31,0.17752979827091564
COPX,2026-09-21,-0.05782901907480076
DFEN,2017-05-31,0.10073135379275122
DFEN,2017-06-30,-0.010332529979040106
DFEN,2017-07-31,0.14653281338476343
DFEN,2017-08-31,0.10286154238399225
DFEN,2017-09-29,0.13968127928108198
DFEN,2017-10-31,0.034928958413064315
DFEN,2017-11-30,0.08824961474622972
DFEN,2017-12-29,0.03822217771649794
DFEN,2018-01-31,0.24853888850161066
DFEN,2018-02-28,-0.028617593699512667
DFEN,2018-03-29,-0.07800639967947898
DFEN,2018-04-30,-0.09264466662217619
DFEN,2018-05-31,0.09413072978474357
DFEN,2018-06-29,-0.09731905342653013
DFEN,2018-07-31,0.20831491081066122
DFEN,2018-08-31,0.01822581343884866
DFEN,2018-09-28,0.14455243219935077
DFEN,2018-10-31,-0.32517572733644773
DFEN,2018-11-30,-0.012799502778598981
DFEN,2018-12-31,-0.2858397928921431
DFEN,2019-01-31,0.40053966836541455
DFEN,2019-02-28,0.23615759153414095
DFEN,2019-03-29,-0.13463376485830214
DFEN,2019-04-30,0.14852356850406734
DFEN,2019-05-31,-0.1212715238653832
DFEN,2019-06-28,0.18884068473292448
DFEN,2019-07-31,0.008836241611119622
DFEN,2019-08-30,0.07603449810073082
DFEN,2019-09-30,0.03845254344377169
DFEN,2019-10-31,-0.07256315639507227
DFEN,2019-11-29,0.15720204909264845
DFEN,2019-12-31,-0.10293570904270577
DFEN,2020-01-31,0.06688685551289231
DFEN,2020-02-28,-0.33040222066909575
DFEN,2020-03-31,-0.7543538914492591
DFEN,2020-04-30,0.18655949651374648
DFEN,2020-05-29,0.11665267462414763
DFEN,2020-06-30,-0.06661605745958732
DFEN,2020-07-31,-0.1581509314261833
DFEN,2020-08-31,0.19267808117000929
DFEN,2020-09-30,-0.15993537349933085
DFEN,2020-10-30,-0.1451921722611601
DFEN,2020-11-30,0.7615296138633749
DFEN,2020-12-31,0.0798875852407237
DFEN,2021-01-29,-0.1833235477408912
DFEN,2021-02-26,0.21578583481503322
DFEN,2021-03-31,0.27655908048637423
DFEN,2021-04-30,0.06162453293198111
DFEN,2021-05-28,0.10026377206137904
DFEN,2021-06-30,-0.02198235163328266
DFEN,2021-07-30,-0.054352334763432375
DFEN,2021-08-31,-0.0626617335265145
DFEN,2021-09-30,-0.05209784416295382
DFEN,2021-10-29,0.0014589412631729193
DFEN,2021-11-30,-0.18552692153115014
DFEN,2021-12-31,0.13597578924156983
DFEN,2022-01-31,-0.06253346692909967
DFEN,2022-02-28,0.3386543093206835
DFEN,2022-03-31,-0.037904421001375366
DFEN,2022-04-29,-0.2054005427097778
DFEN,2022-05-31,-0.044011205405004694
DFEN,2022-06-30,-0.10139870201836276
DFEN,2022-07-29,0.12581074817736448
DFEN,2022-08-31,-0.07200444706045395
DFEN,2022-09-30,-0.28484176858238985
DFEN,2022-10-31,0.576153215816412
DFEN,2022-11-30,0.11319707303272053
DFEN,2022-12-30,-0.009714334743372244
DFEN,2023-01-31,0.06228015433558287
DFEN,2023-02-28,-0.00756509554690965
DFEN,2023-03-31,-0.002922911915551607
DFEN,2023-04-28,-0.04214537705729915
DFEN,2023-05-31,-0.14600003053464783
DFEN,2023-06-30,0.22471398409954602
DFEN,2023-07-31,0.01199026682232418
DFEN,2023-08-31,-0.05497644965978665
DFEN,2023-09-29,-0.2465167764123566
DFEN,2023-10-31,0.09218433632530276
DFEN,2023-11-30,0.28256881836953096
DFEN,2023-12-29,0.17311555341757434
DFEN,2024-01-31,-0.10412431159559754
DFEN,2024-02-29,0.11668194568385526
DFEN,2024-03-28,0.09098800874018531
DFEN,2024-04-30,-0.05666039299157877
DFEN,2024-05-31,0.1360379835371861
DFEN,2024-06-28,-0.09208964091098548
DFEN,2024-07-31,0.25087117733807474
DFEN,2024-08-30,0.07428027939688242
DFEN,2024-09-30,0.02858319931423381
DFEN,2024-10-31,-0.1172182336538683
DFEN,2024-11-29,0.21982217664474502
DFEN,2024-12-31,-0.19604802590876258
DFEN,2025-01-31,0.22973464077759553
DFEN,2025-02-28,-0.04611290233968757
DFEN,2025-03-31,-0.047978416357993825
DFEN,2025-04-30,-0.0022801026911446476
DFEN,2025-05-30,0.4214823042379612
DFEN,2025-06-30,0.1929741433990182
DFEN,2025-07-31,0.11777173614378889
DFEN,2025-08-29,0.01500254172052684
DFEN,2025-09-30,0.16895190797771287
DFEN,2025-10-31,0.0754909064913114
DFEN,2025-11-28,-0.15499057625900192
DFEN,2025-12-31,0.12684961606998968
DFEN,2026-01-30,0.24405134203593182
DFEN,2026-02-27,0.13640369487246895
DFEN,2026-03-31,-0.3009054777973956
DFEN,2026-04-30,-0.026465846157344264
DFEN,2026-05-29,0.22204132653999298
DFEN,2026-06-30,0.06464423306732092
DFEN,2026-07-31,-0.05644558260452248
DFEN,2026-08-31,-0.1525401259199245
DFEN,2026-09-21,-0.15636246610119908
ECH,2015-01-30,-0.032986791122573855
ECH,2015-02-27,0.08396761911681305
ECH,2015-03-31,-0.024691260437161744
ECH,2015-04-30,0.04790262618574026
ECH,2015-05-29,-0.02273808377830644
ECH,2015-06-30,-0.06268211582236005
ECH,2015-07-31,-0.06295895834707133
ECH,2015-08-31,-0.019316912463398617
ECH,2015-09-30,-0.05909229250050341
ECH,2015-10-30,0.058556007636277
ECH,2015-11-30,-0.0702207173393582
ECH,2015-12-31,-0.012497447801911754
ECH,2016-01-29,0.02224320451477091
ECH,2016-02-29,0.01716195809008214
ECH,2016-03-31,0.11178099283738985
ECH,2016-04-29,0.03333322558899332
ECH,2016-05-31,-0.07684250660629277
ECH,2016-06-30,0.06495936585310025
ECH,2016-07-29,0.04483684181723069
ECH,2016-08-31,-0.050195299811602645
ECH,2016-09-30,0.010131858219817769
ECH,2016-10-31,0.0834916801949197
ECH,2016-11-30,-0.06254724892993557
ECH,2016-12-30,-9.33013958683282e-4
ECH,2017-01-31,0.03901667912449436
ECH,2017-02-28,0.03626526377446582
ECH,2017-03-31,0.08116155154138038
ECH,2017-04-28,-0.014233361472174466
ECH,2017-05-31,-6.983846357317969e-4
ECH,2017-06-30,-0.013124259872274169
ECH,2017-07-31,0.09095301143821577
ECH,2017-08-31,0.05917266897875173
ECH,2017-09-29,0.009761464269604891
ECH,2017-10-31,0.0518303615326452
ECH,2017-11-30,-0.1216270901568911
ECH,2017-12-29,0.1622644351771485
ECH,2018-01-31,0.07285266216722719
ECH,2018-02-28,-0.04020740013992874
ECH,2018-03-29,-0.012846750189046019
ECH,2018-04-30,0.01433437038957508
ECH,2018-05-31,-0.07195991717336614
ECH,2018-06-29,-0.05996149662134853
ECH,2018-07-31,0.04735003993150988
ECH,2018-08-31,-0.10120284695286752
ECH,2018-09-28,0.04545480334745
ECH,2018-10-31,-0.08364621432824393
ECH,2018-11-30,0.03660890930848648
ECH,2018-12-31,-0.03647452313515631
ECH,2019-01-31,0.12822963728011816
ECH,2019-02-28,-0.03424643649726966
ECH,2019-03-29,-0.04299667321362233
ECH,2019-04-30,-0.010421450069542537
ECH,2019-05-31,-0.09852557095601822
ECH,2019-06-28,0.08106840273927074
ECH,2019-07-31,-0.05849219916291448
ECH,2019-08-30,-0.07226415457268887
ECH,2019-09-30,0.04903317628650261
ECH,2019-10-31,-0.07772431167416605
ECH,2019-11-29,-0.13147972979034273
ECH,2019-12-31,0.11379877125621252
ECH,2020-01-31,-0.07980789258117393
ECH,2020-02-28,-0.1209652218598597
ECH,2020-03-31,-0.19584569030950416
ECH,2020-04-30,0.1609777424555261
ECH,2020-05-29,-0.050854170743706684
ECH,2020-06-30,0.07522708902185382
ECH,2020-07-31,0.08412696048012802
ECH,2020-08-31,-0.07210846686288219
ECH,2020-09-30,-0.04970385530637311
ECH,2020-10-30,-0.007887378366496
ECH,2020-11-30,0.12510474415240158
ECH,2020-12-31,0.12925799638439917
ECH,2021-01-29,-0.009268350401007153
ECH,2021-02-26,0.04944863490202578
ECH,2021-03-31,0.09041711692504761
ECH,2021-04-30,-0.06861325655183692
ECH,2021-05-28,-0.07805632565822485
ECH,2021-06-30,0.0022241199092150055
ECH,2021-07-30,-0.05624573104943342
ECH,2021-08-31,0.044972451600953756
ECH,2021-09-30,-0.0902727381821018
ECH,2021-10-29,-0.05653852609766419
ECH,2021-11-30,0.03139000801471514
ECH,2021-12-31,-0.05848328917294121
ECH,2022-01-31,0.13945437496238644
ECH,2022-02-28,-0.011022364314230426
ECH,2022-03-31,0.11721737510789487
ECH,2022-04-29,-0.12659092552071805
ECH,2022-05-31,0.1965340386219192
ECH,2022-06-30,-0.17660238849084042
ECH,2022-07-29,0.09846296620959327
ECH,2022-08-31,0.05030261052282281
ECH,2022-09-30,-0.13575822215756628
ECH,2022-10-31,0.02791689472494463
ECH,2022-11-30,0.0989055742273286
ECH,2022-12-30,0.025429607980085978
ECH,2023-01-31,0.08010335876496422
ECH,2023-02-28,-0.039302751730068364
ECH,2023-03-31,0.023834958421069974
ECH,2023-04-28,-0.012856193939448035
ECH,2023-05-31,-0.005279820786730061
ECH,2023-06-30,0.07419649641935466
ECH,2023-07-31,0.06100065772094765
ECH,2023-08-31,-0.0894702358971825
ECH,2023-09-29,-0.0709471807645341
ECH,2023-10-31,-0.07521959960862346
ECH,2023-11-30,0.10941385468349973
ECH,2023-12-29,0.056460751943600895
ECH,2024-01-31,-0.09854651777763035
ECH,2024-02-29,0.035391154072021314
ECH,2024-03-28,0.009115276673392847
ECH,2024-04-30,0.004892611161793292
ECH,2024-05-31,0.05730331522610266
ECH,2024-06-28,-0.06017872907405519
ECH,2024-07-31,0.005411507269895477
ECH,2024-08-30,0.024990307746294294
ECH,2024-09-30,0.023255873058587673
ECH,2024-10-31,-0.062316667662604686
ECH,2024-11-29,-0.008991430200120942
ECH,2024-12-31,-0.00897568612998445
ECH,2025-01-31,0.09145363100563753
ECH,2025-02-28,0.04720095139300695
ECH,2025-03-31,0.04192866224709624
ECH,2025-04-30,0.04393018612481714
ECH,2025-05-30,0.011885692000702663
ECH,2025-06-30,0.019946003941718526
ECH,2025-07-31,-0.05151042851631671
ECH,2025-08-29,0.09989965261357847
ECH,2025-09-30,0.004571557660105752
ECH,2025-10-31,0.07160189807638018
ECH,2025-11-28,0.07191406706744696
ECH,2025-12-31,0.07089627894450423
ECH,2026-01-30,0.11980202986432875
ECH,2026-02-27,-0.038461594465131865
ECH,2026-03-31,-0.085977032135929
ECH,2026-04-30,0.05030176831319655
ECH,2026-05-29,0.005268260871703401
ECH,2026-06-30,-0.039381500451320384
ECH,2026-07-31,-0.00931987216056085
ECH,2026-08-31,0.02974823581171293
ECH,2026-09-21,-0.0133333559389468
EIDO,2015-01-30,-0.006347632197027053
EIDO,2015-02-27,0.03645234446140089
EIDO,2015-03-31,0.006163958961931559
EIDO,2015-04-30,-0.1077479712913656
EIDO,2015-05-29,0.038368442724137086
EIDO,2015-06-30,-0.08706363841165998
EIDO,2015-07-31,-0.027190290677137408
EIDO,2015-08-31,-0.11579407042687107
EIDO,2015-09-30,-0.11239354668338075
EIDO,2015-10-30,0.13906201473295066
EIDO,2015-11-30,0.013399235517430386
EIDO,2015-12-31,0.024011861298278925
EIDO,2016-01-29,0.03737384965621593
EIDO,2016-02-29,0.04803698179409421
EIDO,2016-03-31,0.03834267988596718
EIDO,2016-04-29,-0.019949009044680444
EIDO,2016-05-31,-0.031182173300734695
EIDO,2016-06-30,0.10527746117247161
EIDO,2016-07-29,0.06214240472242483
EIDO,2016-08-31,-0.017706160765686985
EIDO,2016-09-30,0.03605016463699773
EIDO,2016-10-31,-0.007185902693068735
EIDO,2016-11-30,-0.11047626423657364
EIDO,2016-12-30,0.03451853566568319
EIDO,2017-01-31,0.011603726192314978
EIDO,2017-02-28,0.0032775339458517294
EIDO,2017-03-31,0.05308274434034854
EIDO,2017-04-28,0.020938447957959516
EIDO,2017-05-31,0.008735197583384036
EIDO,2017-06-30,0.03705370756059989
EIDO,2017-07-31,-0.012495575535798942
EIDO,2017-08-31,3.723350844695439e-4
EIDO,2017-09-29,-0.007068438199705374
EIDO,2017-10-31,3.7457698633436287e-4
EIDO,2017-11-30,-7.490527898406096e-4
EIDO,2017-12-29,0.06676197314561083
EIDO,2018-01-31,0.047836718420109614
EIDO,2018-02-28,-0.0396105906636709
EIDO,2018-03-29,-0.057672094284630715
EIDO,2018-04-30,-0.05934723575665102
EIDO,2018-05-31,0.006309305329528003
EIDO,2018-06-29,-0.08295786502482017
EIDO,2018-07-31,0.0348282778161082
EIDO,2018-08-31,-0.016828195128897105
EIDO,2018-09-28,-0.01711592908888393
EIDO,2018-10-31,-0.04179364726424939
EIDO,2018-11-30,0.12312594670430665
EIDO,2018-12-31,0.005989354389963397
EIDO,2019-01-31,0.11522990425988566
EIDO,2019-02-28,-0.07044813357724433
EIDO,2019-03-29,-0.0019430257611837698
EIDO,2019-04-30,0.017133939619289995
EIDO,2019-05-31,-0.031010863178906112
EIDO,2019-06-28,0.043975157579067226
EIDO,2019-07-31,-0.01038875765434677
EIDO,2019-08-30,-0.020606457514243615
EIDO,2019-09-30,-0.028582902069836047
EIDO,2019-10-31,0.020024565998804533
EIDO,2019-11-29,-0.03725953194399512
EIDO,2019-12-31,0.06979485750970538
EIDO,2020-01-31,-0.057677393956582
EIDO,2020-02-28,-0.1058727144470385
EIDO,2020-03-31,-0.31868632747419057
EIDO,2020-04-30,0.10590646168096152
EIDO,2020-05-29,0.06261472698841875
EIDO,2020-06-30,0.05020463261697028
EIDO,2020-07-31,0.0411110173457605
EIDO,2020-08-31,0.04642471564601913
EIDO,2020-09-30,-0.1193268515102286
EIDO,2020-10-30,0.05848304247328362
EIDO,2020-11-30,0.1903718530348273
EIDO,2020-12-31,0.08434655426390059
EIDO,2021-01-29,-0.04141754778806761
EIDO,2021-02-26,0.01781744145455444
EIDO,2021-03-31,-0.0437635471352511
EIDO,2021-04-30,-0.009611438508756454
EIDO,2021-05-28,-0.012938784054297159
EIDO,2021-06-30,-0.044438341841702034
EIDO,2021-07-30,-0.009369076079679739
EIDO,2021-08-31,0.05823812185578525
EIDO,2021-09-30,0.020225672252306648
EIDO,2021-10-29,0.10327329471353308
EIDO,2021-11-30,-0.025490987772021967
EIDO,2021-12-31,-0.008125668270483777
EIDO,2022-01-31,0.009142251467552986
EIDO,2022-02-28,0.04961161097014988
EIDO,2022-03-31,0.01726280510499123
EIDO,2022-04-29,0.018989709874476013
EIDO,2022-05-31,-0.009516184632995639
EIDO,2022-06-30,-0.09169897106001956
EIDO,2022-07-29,0.032618374990059484
EIDO,2022-08-31,0.028126360096154324
EIDO,2022-09-30,-0.018518489369627522
EIDO,2022-10-31,0.018439129947098287
EIDO,2022-11-30,8.421881032500966e-4
EIDO,2022-12-30,-0.04835619050087092
EIDO,2023-01-31,0.037516890672925296
EIDO,2023-02-28,-0.013775229277820045
EIDO,2023-03-31,0.027062361403605184
EIDO,2023-04-28,0.051848756130138174
EIDO,2023-05-31,-0.05535362959086587
EIDO,2023-06-30,0.006238644933238557
EIDO,2023-07-31,0.017787322040468512
EIDO,2023-08-31,-0.018755279142503523
EIDO,2023-09-29,-0.032580098979885674
EIDO,2023-10-31,-0.08666392548849267
EIDO,2023-11-30,0.06932161854774854
EIDO,2023-12-29,0.0344410800267867
EIDO,2024-01-31,-0.020609229609153012
EIDO,2024-02-29,0.02333048971023799
EIDO,2024-03-28,0.007152292115902403
EIDO,2024-04-30,-0.07811800430138882
EIDO,2024-05-31,-0.04862782653833697
EIDO,2024-06-28,0.008952600477497796
EIDO,2024-07-31,0.045147892943689705
EIDO,2024-08-30,0.08093348576211268
EIDO,2024-09-30,0.03353220894004294
EIDO,2024-10-31,-0.0462222166457914
EIDO,2024-11-29,-0.0731591856048961
EIDO,2024-12-31,-0.05652779211974124
EIDO,2025-01-31,-0.009740311415252556
EIDO,2025-02-28,-0.12786876691735283
EIDO,2025-03-31,0.021303215911995466
EIDO,2025-04-30,0.06196317532260154
EIDO,2025-05-30,0.09069896976949288
EIDO,2025-06-30,-0.041234464517489355
EIDO,2025-07-31,-0.020419501471954482
EIDO,2025-08-29,0.023161592282354926
EIDO,2025-09-30,-0.006791349632083832
EIDO,2025-10-31,0.04159556199522396
EIDO,2025-11-28,0.021334682321280996
EIDO,2025-12-31,0.011314102924517622
EIDO,2026-01-30,-0.05614982959125492
EIDO,2026-02-27,0.009631820117064205
EIDO,2026-03-31,-0.11391694174275557
EIDO,2026-04-30,-0.054464866993618855
EIDO,2026-05-29,-0.14802408384336674
EIDO,2026-06-30,-0.09411142386824989
EIDO,2026-07-31,0.09372231888726201
EIDO,2026-08-31,0.0291026402593193
EIDO,2026-09-21,-0.029065192369526427
EPHE,2015-01-30,0.07137253397415999
EPHE,2015-02-27,0.02253243602780719
EPHE,2015-03-31,-0.003592616993259856
EPHE,2015-04-30,-0.031731000780374385
EPHE,2015-05-29,-0.015640251769906577
EPHE,2015-06-30,-0.023459012601450224
EPHE,2015-07-31,0.0077918205165878884
EPHE,2015-08-31,-0.10051521897771676
EPHE,2015-09-30,-0.01461320064426641
EPHE,2015-10-30,0.023843936698596968
EPHE,2015-11-30,-0.0244245576617228
EPHE,2015-12-31,-0.014142040642110665
EPHE,2016-01-29,-0.04297585331680276
EPHE,2016-02-29,0.010219774565755513
EPHE,2016-03-31,0.12354389640300467
EPHE,2016-04-29,-0.044201941738270745
EPHE,2016-05-31,0.0662287914640649
EPHE,2016-06-30,0.05247138100951787
EPHE,2016-07-29,0.01148832587067461
EPHE,2016-08-31,-0.030035482358946486
EPHE,2016-09-30,-0.03044509040964738
EPHE,2016-10-31,-0.05126146833413914
EPHE,2016-11-30,-0.0879771975925926
EPHE,2016-12-30,0.008469938460878845
EPHE,2017-01-31,0.05737205529428224
EPHE,2017-02-28,-0.03033835610713287
EPHE,2017-03-31,0.02767741741640095
EPHE,2017-04-28,0.0491803540308835
EPHE,2017-05-31,0.01590401396956942
EPHE,2017-06-30,-0.012831674733826848
EPHE,2017-07-31,0.016466977498514
EPHE,2017-08-31,-0.01784736924095265
EPHE,2017-09-29,0.03354742887840789
EPHE,2017-10-31,0.0010821234314530859
EPHE,2017-11-30,-0.01080800995858855
EPHE,2017-12-29,0.06106096703347852
EPHE,2018-01-31,-0.01828947207905607
EPHE,2018-02-28,-0.050642846345039794
EPHE,2018-03-29,-0.03427314509958668
EPHE,2018-04-30,-0.03234125490231676
EPHE,2018-05-31,-0.037858618212864625
EPHE,2018-06-29,-0.06948683759147256
EPHE,2018-07-31,0.08623557229378043
EPHE,2018-08-31,0.004885353130829939
EPHE,2018-09-28,-0.0869036346400831
EPHE,2018-10-31,-0.0036606164032164656
EPHE,2018-11-30,0.06579835624619723
EPHE,2018-12-31,-2.7645479845384013e-4
EPHE,2019-01-31,0.0937889942462915
EPHE,2019-02-28,-0.03814152264468229
EPHE,2019-03-29,0.022659650851512225
EPHE,2019-04-30,0.018658755862716925
EPHE,2019-05-31,0.007155119153688716
EPHE,2019-06-28,0.01894929230261777
EPHE,2019-07-31,-0.009828916025930945
EPHE,2019-08-30,-0.02325568506542708
EPHE,2019-09-30,-0.02874576816512875
EPHE,2019-10-31,0.048729540690713335
EPHE,2019-11-29,-0.03192714260729557
EPHE,2019-12-31,0.011505335635998204
EPHE,2020-01-31,-0.09149186976215684
EPHE,2020-02-28,-0.06286084449171292
EPHE,2020-03-31,-0.21149902863974468
EPHE,2020-04-30,0.04730910299459956
EPHE,2020-05-29,0.040198846484815975
EPHE,2020-06-30,0.07803385125392248
EPHE,2020-07-31,-0.03680297984350844
EPHE,2020-08-31,0.024701004863378673
EPHE,2020-09-30,0.0011300190286014367
EPHE,2020-10-30,0.05643340477388059
EPHE,2020-11-30,0.09615380963481912
EPHE,2020-12-31,0.06470674570528279
EPHE,2021-01-29,-0.08440368357772865
EPHE,2021-02-26,0.008350051895487987
EPHE,2021-03-31,-0.032129838761810525
EPHE,2021-04-30,-0.010609206697803741
EPHE,2021-05-28,0.06502944918401687
EPHE,2021-06-30,0.011679481161403604
EPHE,2021-07-30,-0.0959922312367224
EPHE,2021-08-31,0.0747230276057127
EPHE,2021-09-30,-0.010312825031628448
EPHE,2021-10-29,0.06453798033755698
EPHE,2021-11-30,0.009472561764190646
EPHE,2021-12-31,-0.006712429645750917
EPHE,2022-01-31,0.019911431227192633
EPHE,2022-02-28,0.02107222575625234
EPHE,2022-03-31,-0.05614558631599398
EPHE,2022-04-29,-0.07299038420707549
EPHE,2022-05-31,0.018730513933530757
EPHE,2022-06-30,-0.12584622163358372
EPHE,2022-07-29,0.022064793719245968
EPHE,2022-08-31,0.009637515562052057
EPHE,2022-09-30,-0.1569300227312912
EPHE,2022-10-31,0.08469194245757627
EPHE,2022-11-30,0.11774549307004345
EPHE,2022-12-30,-0.01706332400365096
EPHE,2023-01-31,0.07369224846655986
EPHE,2023-02-28,-0.06081069129901462
EPHE,2023-03-31,0.02082536691182768
EPHE,2023-04-28,0.0022255390755756554
EPHE,2023-05-31,-0.05477416477379282
EPHE,2023-06-30,0.032026909247826474
EPHE,2023-07-31,0.03955455075391834
EPHE,2023-08-31,-0.10121899382523691
EPHE,2023-09-29,0.023838858726545897
EPHE,2023-10-31,-0.061822431316103765
EPHE,2023-11-30,0.07231468239603234
EPHE,2023-12-29,0.04563706057100614
EPHE,2024-01-31,0.018853260280583095
EPHE,2024-02-29,0.03700916776171881
EPHE,2024-03-28,0.0061908089035713765
EPHE,2024-04-30,-0.0676799780802877
EPHE,2024-05-31,-0.04891312788018565
EPHE,2024-06-28,9.146524420184932e-4
EPHE,2024-07-31,0.04428809959019442
EPHE,2024-08-30,0.09235038187902855
EPHE,2024-09-30,0.056966593263829246
EPHE,2024-10-31,-0.060418693931420187
EPHE,2024-11-29,-0.06211184210478227
EPHE,2024-12-31,-0.016572904122462928
EPHE,2025-01-31,-0.0683180450383557
EPHE,2025-02-28,0.02915956875067094
EPHE,2025-03-31,0.05416671625921432
EPHE,2025-04-30,0.06284571198547151
EPHE,2025-05-30,0.013016080675370523
EPHE,2025-06-30,0.007468739581741879
EPHE,2025-07-31,-0.06268440362914007
EPHE,2025-08-29,0.028717484353090184
EPHE,2025-09-30,-0.050095564769194745
EPHE,2025-10-31,-0.011674728267710544
EPHE,2025-11-28,0.02688388153681598
EPHE,2025-12-31,-0.003555718056060253
EPHE,2026-01-30,0.04213477271358079
EPHE,2026-02-27,0.07470158007107197
EPHE,2026-03-31,-0.11035466598699017
EPHE,2026-04-30,-0.025372560604831174
EPHE,2026-05-29,-0.01404955768824645
EPHE,2026-06-30,0.032395333110718516
EPHE,2026-07-31,0.05794700444421719
EPHE,2026-08-31,-0.07081375210332574
EPHE,2026-09-21,-0.018526338276110166
EPOL,2015-01-30,-0.019856783189159843
EPOL,2015-02-27,0.014224453218902422
EPOL,2015-03-31,-0.006374910327523242
EPOL,2015-04-30,0.09794692521057446
EPOL,2015-05-29,-0.057265280494273374
EPOL,2015-06-30,-0.047806029211102
EPOL,2015-07-31,-0.01926440509668792
EPOL,2015-08-31,-0.030803664033720035
EPOL,2015-09-30,-0.04007390737683347
EPOL,2015-10-30,-0.019673490232555935
EPOL,2015-11-30,-0.09055319617699487
EPOL,2015-12-31,-0.013350368145724878
EPOL,2016-01-29,-0.06692458383140687
EPOL,2016-02-29,0.032602333827127294
EPOL,2016-03-31,0.1613087348841704
EPOL,2016-04-29,-0.06376678866426255
EPOL,2016-05-31,-0.08130937186174692
EPOL,2016-06-30,-0.022902917368911035
EPOL,2016-07-29,0.035967016130022955
EPOL,2016-08-31,0.023904548976266815
EPOL,2016-09-30,0.01278482293305605
EPOL,2016-10-31,0.02030728225998013
EPOL,2016-11-30,-0.07799906442553728
EPOL,2016-12-30,0.07765236316085256
EPOL,2017-01-31,0.11423826129444059
EPOL,2017-02-28,0.04061442391476122
EPOL,2017-03-31,0.02712976026204217
EPOL,2017-04-28,0.10101937827557039
EPOL,2017-05-31,0.0037878112578759726
EPOL,2017-06-30,0.021394454465212487
EPOL,2017-07-31,0.06383829871294844
EPOL,2017-08-31,0.05962084318122396
EPOL,2017-09-29,-0.031055920117449065
EPOL,2017-10-31,0.020361927918930656
EPOL,2017-11-30,-0.012564680018109398
EPOL,2017-12-29,0.03024703453555877
EPOL,2018-01-31,0.08342577798179351
EPOL,2018-02-28,-0.10425891310459623
EPOL,2018-03-29,-0.04526438503904118
EPOL,2018-04-30,-0.010757008497647935
EPOL,2018-05-31,-0.08658869639584421
EPOL,2018-06-29,-0.03890585231703014
EPOL,2018-07-31,0.11799828454785422
EPOL,2018-08-31,-0.008624435752617288
EPOL,2018-09-28,-0.01159898500757528
EPOL,2018-10-31,-0.09974860509818184
EPOL,2018-11-30,0.08379905844815072
EPOL,2018-12-31,0.0027844540025450115
EPOL,2019-01-31,0.05688233125986386
EPOL,2019-02-28,-0.04108488714752312
EPOL,2019-03-29,-0.019708566903143043
EPOL,2019-04-30,0.01617128009460944
EPOL,2019-05-31,-0.03956981701943629
EPOL,2019-06-28,0.06545740198071992
EPOL,2019-07-31,-0.05936832565074801
EPOL,2019-08-30,-0.07654444695774998
EPOL,2019-09-30,4.84708970111436e-4
EPOL,2019-10-31,0.061046620761196824
EPOL,2019-11-29,-0.041552466862294635
EPOL,2019-12-31,0.028184345980786674
EPOL,2020-01-31,-0.04981019380628715
EPOL,2020-02-28,-0.1477785857862779
EPOL,2020-03-31,-0.19507888342004465
EPOL,2020-04-30,0.08224139649861528
EPOL,2020-05-29,0.10289192575715034
EPOL,2020-06-30,0.023154680054980448
EPOL,2020-07-31,0.059000678723750255
EPOL,2020-08-31,0.03126765016563304
EPOL,2020-09-30,-0.09261300726889865
EPOL,2020-10-30,-0.15431353389510627
EPOL,2020-11-30,0.2571839239389728
EPOL,2020-12-31,0.09249642997940066
EPOL,2021-01-29,-0.013144140791408354
EPOL,2021-02-26,-0.005327477077384124
EPOL,2021-03-31,-0.030530396028879747
EPOL,2021-04-30,0.09613249535430946
EPOL,2021-05-28,0.13608883908621094
EPOL,2021-06-30,-0.04487382482613933
EPOL,2021-07-30,0.015370386457433494
EPOL,2021-08-31,0.05963317769203447
EPOL,2021-09-30,-0.051082270737702995
EPOL,2021-10-29,0.06113118774650972
EPOL,2021-11-30,-0.12123807126383235
EPOL,2021-12-31,0.041259212887646335
EPOL,2022-01-31,-0.025166348152534157
EPOL,2022-02-28,-0.1276180071726435
EPOL,2022-03-31,0.06141808997122755
EPOL,2022-04-29,-0.1699104898491074
EPOL,2022-05-31,0.04626114027329442
EPOL,2022-06-30,-0.10603156408737979
EPOL,2022-07-29,-0.015037535943507208
EPOL,2022-08-31,-0.12907710953824014
EPOL,2022-09-30,-0.1418325638956962
EPOL,2022-10-31,0.15320330849243824
EPOL,2022-11-30,0.2141704748208071
EPOL,2022-12-30,0.04352579751557206
EPOL,2023-01-31,0.08279427525831262
EPOL,2023-02-28,-0.057944909470430406
EPOL,2023-03-31,-0.018389587381765327
EPOL,2023-04-28,0.13824297905035876
EPOL,2023-05-31,-0.036322379990018305
EPOL,2023-06-30,0.129564413242943
EPOL,2023-07-31,0.09958270182270268
EPOL,2023-08-31,-0.09198672494876836
EPOL,2023-09-29,-0.10652738911204618
EPOL,2023-10-31,0.16014021057267835
EPOL,2023-11-30,0.09471031390611029
EPOL,2023-12-29,0.07219236765361159
EPOL,2024-01-31,-0.033112603390246687
EPOL,2024-02-29,0.06438356017420088
EPOL,2024-03-28,0.012011972112718317
EPOL,2024-04-30,-0.0012717696385687871
EPOL,2024-05-31,0.0687607447304528
EPOL,2024-06-28,-0.007823653267413522
EPOL,2024-07-31,-0.02731349890917334
EPOL,2024-08-30,0.02975672834990961
EPOL,2024-09-30,-0.013430945896981905
EPOL,2024-10-31,-0.08168309807488128
EPOL,2024-11-29,-0.0076372002490995294
EPOL,2024-12-31,-0.019572650846606754
EPOL,2025-01-31,0.13224715200583326
EPOL,2025-02-28,0.06982659811804304
EPOL,2025-03-31,0.10799048858898486
EPOL,2025-04-30,0.05248123781300196
EPOL,2025-05-30,0.030189921460575864
EPOL,2025-06-30,0.08080087331217478
EPOL,2025-07-31,-0.015808970116440557
EPOL,2025-08-29,-0.0015748182224747387
EPOL,2025-09-30,0.015772896555003912
EPOL,2025-10-31,0.04689437716156797
EPOL,2025-11-28,0.010679378944845386
EPOL,2025-12-31,0.06763848566464947
EPOL,2026-01-30,0.06820133419753494
EPOL,2026-02-27,0.014365542817218468
EPOL,2026-03-31,-0.04510888912092481
EPOL,2026-04-30,0.05410599842330921
EPOL,2026-05-29,0.05549756841170139
EPOL,2026-06-30,-0.0398207555618294
EPOL,2026-07-31,0.10929813918655351
EPOL,2026-08-31,0.029652033359138796
EPOL,2026-09-21,0.03560090134119909
EWA,2015-01-30,-0.008145045532953477
EWA,2015-02-27,0.08029195953261592
EWA,2015-03-31,-0.03462815461558222
EWA,2015-04-30,0.020122300755196942
EWA,2015-05-29,-0.03344750515224526
EWA,2015-06-30,-0.0444844011109361
EWA,2015-07-31,-0.005230838331308996
EWA,2015-08-31,-0.10850857914995926
EWA,2015-09-30,-0.03914186527913144
EWA,2015-10-30,0.05580349695733422
EWA,2015-11-30,0.008985282382169224
EWA,2015-12-31,0.02124264383082708
EWA,2016-01-29,-0.06962030924706086
EWA,2016-02-29,-0.020408173406324948
EWA,2016-03-31,0.11805555907820975
EWA,2016-04-29,0.031573386753023014
EWA,2016-05-31,-0.024084285359502466
EWA,2016-06-30,0.014187328103031138
EWA,2016-07-29,0.07403586977331167
EWA,2016-08-31,-0.032072549939419215
EWA,2016-09-30,0.03363004675998815
EWA,2016-10-31,-0.029664969474947567
EWA,2016-11-30,0.007889390002098873
EWA,2016-12-30,0.016197069894297478
EWA,2017-01-31,0.04992586805185928
EWA,2017-02-28,0.03342785889173916
EWA,2017-03-31,0.030067850611560587
EWA,2017-04-28,-0.006634100224522599
EWA,2017-05-31,-0.043187917142673116
EWA,2017-06-30,0.030621642479012667
EWA,2017-07-31,0.047048230109937306
EWA,2017-08-31,-0.002202855847852625
EWA,2017-09-29,-0.009271486639212623
EWA,2017-10-31,0.011586631069223863
EWA,2017-11-30,0.003083647298168124
EWA,2017-12-29,0.04257979425494751
EWA,2018-01-31,0.025895364995886405
EWA,2018-02-28,-0.03996616227357408
EWA,2018-03-29,-0.03505708272810626
EWA,2018-04-30,0.007720395487506249
EWA,2018-05-31,0.017124761563797275
EWA,2018-06-29,0.02122423179077426
EWA,2018-07-31,0.013710501215329352
EWA,2018-08-31,-0.018760745367839338
EWA,2018-09-28,-0.016451782747089805
EWA,2018-10-31,-0.06871589292303715
EWA,2018-11-30,0.009708346228967546
EWA,2018-12-31,-0.03878516913753305
EWA,2019-01-31,0.0696105376381988
EWA,2019-02-28,0.03351111332452272
EWA,2019-03-29,0.011278247822098075
EWA,2019-04-30,0.011617080143264014
EWA,2019-05-31,0.0013780640671277045
EWA,2019-06-28,0.054987704617681654
EWA,2019-07-31,-0.005767760451671378
EWA,2019-08-30,-0.0325743978958285
EWA,2019-09-30,0.02629123876032291
EWA,2019-10-31,0.012584306152391811
EWA,2019-11-29,0.01331572749528509
EWA,2019-12-31,0.01185266179481137
EWA,2020-01-31,-0.016784440435403947
EWA,2020-02-28,-0.0961364038604825
EWA,2020-03-31,-0.2276342984602816
EWA,2020-04-30,0.096525249091864
EWA,2020-05-29,0.05985905568004957
EWA,2020-06-30,0.08301849774256276
EWA,2020-07-31,0.03321216823360684
EWA,2020-08-31,0.04419916961316561
EWA,2020-09-30,-0.05146735374318134
EWA,2020-10-30,0.0025356108775573816
EWA,2020-11-30,0.14921588444573342
EWA,2020-12-31,0.06308989815637456
EWA,2021-01-29,-0.008350712671918559
EWA,2021-02-26,0.03199989036440143
EWA,2021-03-31,0.011423962511854624
EWA,2021-04-30,0.04396911976179041
EWA,2021-05-28,0.03323042299115753
EWA,2021-06-30,-0.014757238596251221
EWA,2021-07-30,-0.008083094955602221
EWA,2021-08-31,0.005820779344042792
EWA,2021-09-30,-0.04243832739915021
EWA,2021-10-29,0.06607577601947656
EWA,2021-11-30,-0.07558582708189909
EWA,2021-12-31,0.051818114683887195
EWA,2022-01-31,-0.08014484485364126
EWA,2022-02-28,0.052977230064005676
EWA,2022-03-31,0.09896045115090657
EWA,2022-04-29,-0.06999623920825582
EWA,2022-05-31,0.0040683148680322745
EWA,2022-06-30,-0.113247230937495
EWA,2022-07-29,0.07163059273383054
EWA,2022-08-31,-0.03649980356286353
EWA,2022-09-30,-0.10451836153796656
EWA,2022-10-31,0.056065118924502944
EWA,2022-11-30,0.1433398783883144
EWA,2022-12-30,-0.04392438655836717
EWA,2023-01-31,0.11830862234237016
EWA,2023-02-28,-0.0796461241707388
EWA,2023-03-31,0.0026225809239637243
EWA,2023-04-28,0.008718382076298603
EWA,2023-05-31,-0.054883316878790334
EWA,2023-06-30,0.050388339398569126
EWA,2023-07-31,0.03592024235019209
EWA,2023-08-31,-0.049229478840733365
EWA,2023-09-29,-0.03151711687858649
EWA,2023-10-31,-0.03579747057695404
EWA,2023-11-30,0.08244945863523445
EWA,2023-12-29,0.10620269183182862
EWA,2024-01-31,-0.0295808022644809
EWA,2024-02-29,0.012701070482737498
EWA,2024-03-28,0.030936330093686015
EWA,2024-04-30,-0.05352779384262307
EWA,2024-05-31,0.05612664902222164
EWA,2024-06-28,0.010202601620581175
EWA,2024-07-31,0.024150586380866423
EWA,2024-08-30,0.03397281210662695
EWA,2024-09-30,0.04793189342166504
EWA,2024-10-31,-0.06492069435535475
EWA,2024-11-29,0.04260349264803076
EWA,2024-12-31,-0.08201729478674302
EWA,2025-01-31,0.03143330349037088
EWA,2025-02-28,-0.025192992041546014
EWA,2025-03-31,-0.022926161300633074
EWA,2025-04-30,0.05247441414514786
EWA,2025-05-30,0.04620988836572759
EWA,2025-06-30,0.03537697758138125
EWA,2025-07-31,-0.011398048389348658
EWA,2025-08-29,0.040737864987854255
EWA,2025-09-30,-0.0029542392574207765
EWA,2025-10-31,-0.008518558321599867
EWA,2025-11-28,-0.03436677004169142
EWA,2025-12-31,0.030470321549743495
EWA,2026-01-30,0.059564715044216454
EWA,2026-02-27,0.08432435340967093
EWA,2026-03-31,-0.07743440194256435
EWA,2026-04-30,0.06231990952382671
EWA,2026-05-29,-0.008138346312427602
EWA,2026-06-30,-0.023733590251056813
EWA,2026-07-31,0.04190342015517534
EWA,2026-08-31,0.023176561064734758
EWA,2026-09-21,-0.0326448876513219
EWC,2015-01-30,-0.07842464202569599
EWC,2015-02-27,0.059758077096895956
EWC,2015-03-31,-0.029978591522104803
EWC,2015-04-30,0.07137609970713577
EWC,2015-05-29,-0.04601636886139704
EWC,2015-06-30,-0.032574173077758894
EWC,2015-07-31,-0.041994798532777544
EWC,2015-08-31,-0.05009777298209095
EWC,2015-09-30,-0.05232797074210571
EWC,2015-10-30,0.034782423862522505
EWC,2015-11-30,-0.022268616992354162
EWC,2015-12-31,-0.06350765527069813
EWC,2016-01-29,-0.027442161220580297
EWC,2016-02-29,0.03443324040987639
EWC,2016-03-31,0.09616270019981732
EWC,2016-04-29,0.07127797304591676
EWC,2016-05-31,-0.03622038536618655
EWC,2016-06-30,0.009156285415871102
EWC,2016-07-29,0.029783709991152874
EWC,2016-08-31,0.002773388739768512
EWC,2016-09-30,0.015013992175058943
EWC,2016-10-31,-0.013234690794411086
EWC,2016-11-30,0.02603525086761338
EWC,2016-12-30,0.015429910326560048
EWC,2017-01-31,0.03938814986672545
EWC,2017-02-28,-0.018027746379172038
EWC,2017-03-31,0.007118764391488952
EWC,2017-04-28,-0.023065722997558158
EWC,2017-05-31,-0.003807912256871271
EWC,2017-06-30,0.031261597293322785
EWC,2017-07-31,0.042600948593243704
EWC,2017-08-31,-0.0010751136135807027
EWC,2017-09-29,0.03839252767222656
EWC,2017-10-31,-0.005183105094622387
EWC,2017-11-30,0.005210109640443328
EWC,2017-12-29,0.03730077954747646
EWC,2018-01-31,0.008096949741675852
EWC,2018-02-28,-0.06994616638670748
EWC,2018-03-29,-0.008276470828497584
EWC,2018-04-30,0.020682111953610915
EWC,2018-05-31,0.021684934280579604
EWC,2018-06-29,-2.321388616204345e-4
EWC,2018-07-31,0.024552821122274082
EWC,2018-08-31,-0.014036434088341543
EWC,2018-09-28,-6.944230563814546e-4
EWC,2018-10-31,-0.0788741007634316
EWC,2018-11-30,0.0049037858285714275
EWC,2018-12-31,-0.08555616659424292
EWC,2019-01-31,0.128964988628677
EWC,2019-02-28,0.02957502974679338
EWC,2019-03-29,-0.007540494458313285
EWC,2019-04-30,0.032923282131546605
EWC,2019-05-31,-0.042731936558883965
EWC,2019-06-28,0.05674247828165613
EWC,2019-07-31,-0.008036392743895338
EWC,2019-08-30,-0.007044741812645583
EWC,2019-09-30,0.025186279770349262
EWC,2019-10-31,-0.004152284007396312
EWC,2019-11-29,0.029534354959848796
EWC,2019-12-31,0.02234655536079
EWC,2020-01-31,-0.007360324992120693
EWC,2020-02-28,-0.07010455249744552
EWC,2020-03-31,-0.20804636767165618
EWC,2020-04-30,0.1112127825920235
EWC,2020-05-29,0.03542020113396771
EWC,2020-06-30,0.039882305788405015
EWC,2020-07-31,0.055255114876629374
EWC,2020-08-31,0.05126328646229994
EWC,2020-09-30,-0.04528033147740518
EWC,2020-10-30,-0.03429402243323021
EWC,2020-11-30,0.14393643764783315
EWC,2020-12-31,0.031124892860351583
EWC,2021-01-29,-0.0077821662412485
EWC,2021-02-26,0.051307139288424564
EWC,2021-03-31,0.05843956240149106
EWC,2021-04-30,0.045815147129042
EWC,2021-05-28,0.0634651545975875
EWC,2021-06-30,-0.009772032976758105
EWC,2021-07-30,0.0016101619512300935
EWC,2021-08-31,2.6751451551620953e-4
EWC,2021-09-30,-0.027851806991368244
EWC,2021-10-29,0.07933872021829891
EWC,2021-11-30,-0.04594183540778918
EWC,2021-12-31,0.04117644668694065
EWC,2022-01-31,-0.006245237018945637
EWC,2022-02-28,7.856288177638948e-4
EWC,2022-03-31,0.052066836988784226
EWC,2022-04-29,-0.07858735262993544
EWC,2022-05-31,0.021052828055265316
EWC,2022-06-30,-0.10320836369971431
EWC,2022-07-29,0.048396554084794596
EWC,2022-08-31,-0.04587935239980445
EWC,2022-09-30,-0.08696930212870857
EWC,2022-10-31,0.07379722212605078
EWC,2022-11-30,0.0653947446349672
EWC,2022-12-30,-0.056281489245250005
EWC,2023-01-31,0.09471443734628315
EWC,2023-02-28,-0.04967922082428222
EWC,2023-03-31,0.0038178662445582656
EWC,2023-04-28,0.029841946442864753
EWC,2023-05-31,-0.055113671629291816
EWC,2023-06-30,0.06266277964519729
EWC,2023-07-31,0.03115156980874434
EWC,2023-08-31,-0.03852542136498083
EWC,2023-09-29,-0.035456846952124144
EWC,2023-10-31,-0.05140467702477325
EWC,2023-11-30,0.10207935350814945
EWC,2023-12-29,0.06270671492798008
EWC,2024-01-31,-0.008996742697175208
EWC,2024-02-29,0.0115543911538869
EWC,2024-03-28,0.041065956081256294
EWC,2024-04-30,-0.035527639508120656
EWC,2024-05-31,0.03629474643243413
EWC,2024-06-28,-0.021480705360638397
EWC,2024-07-31,0.04933937121655174
EWC,2024-08-30,0.04033921471865609
EWC,2024-09-30,0.025438299266934195
EWC,2024-10-31,-0.021435394879663283
EWC,2024-11-29,0.06448423129473224
EWC,2024-12-31,-0.05578405588201063
EWC,2025-01-31,0.022828727121478654
EWC,2025-02-28,2.4261137859649118e-4
EWC,2025-03-31,-0.011641955073492749
EWC,2025-04-30,0.041717718036715645
EWC,2025-05-30,0.05912833505304582
EWC,2025-06-30,0.034479728242621466
EWC,2025-07-31,-4.329614841716012e-4
EWC,2025-08-29,0.0565180345065619
EWC,2025-09-30,0.03607290172244593
EWC,2025-10-31,0.0037586879068192136
EWC,2025-11-28,0.03862826311437617
EWC,2025-12-31,0.03245522099603981
EWC,2026-01-30,0.006118996291874845
EWC,2026-02-27,0.06855887861610399
EWC,2026-03-31,-0.05501898898973734
EWC,2026-04-30,0.06953821130636162
EWC,2026-05-29,0.003583643808317216
EWC,2026-06-30,-0.015286090724921153
EWC,2026-07-31,0.030360860835024317
EWC,2026-08-31,0.0343492328084265
EWC,2026-09-21,-0.0162786911123578
EWG,2015-01-30,0.028225818760201138
EWG,2015-02-27,0.05882341299078808
EWG,2015-03-31,0.004713706819483798
EWG,2015-04-30,-0.0073724776001617975
EWG,2015-05-29,-0.01721807160596811
EWG,2015-06-30,-0.025573621846911032
EWG,2015-07-31,0.016140440774511378
EWG,2015-08-31,-0.07024347400985154
EWG,2015-09-30,-0.06074425347533485
EWG,2015-10-30,0.09579663155881257
EWG,2015-11-30,0.005163927054727235
EWG,2015-12-31,-0.038899196633076616
EWG,2016-01-29,-0.07101933954473616
EWG,2016-02-29,-0.03986839389066299
EWG,2016-03-31,0.10145529805596087
EWG,2016-04-29,0.01943274161903008
EWG,2016-05-31,-0.01143713937150248
EWG,2016-06-30,-0.0498757541958007
EWG,2016-07-29,0.06652801441301559
EWG,2016-08-31,0.02183228128380721
EWG,2016-09-30,0.002289343113809572
EWG,2016-10-31,-0.013703854478077204
EWG,2016-11-30,-0.041682684715277474
EWG,2016-12-30,0.06681891810405527
EWG,2017-01-31,0.03889738268965326
EWG,2017-02-28,3.6326934314678816e-4
EWG,2017-03-31,0.04469501425241851
EWG,2017-04-28,0.03234763774599059
EWG,2017-05-31,0.045148119612564486
EWG,2017-06-30,-0.005360149320786101
EWG,2017-07-31,0.014535679119806133
EWG,2017-08-31,0.0016282336865605096
EWG,2017-09-29,0.05429118878352801
EWG,2017-10-31,0.019734965349147426
EWG,2017-11-30,0.005140766309142952
EWG,2017-12-29,-0.00412451127823843
EWG,2018-01-31,0.06026639848444537
EWG,2018-02-28,-0.07369326557936473
EWG,2018-03-29,-0.012025847823586178
EWG,2018-04-30,0.013108651195263166
EWG,2018-05-31,-0.02526199360757342
EWG,2018-06-29,-0.02986717540005368
EWG,2018-07-31,0.04436293890049936
EWG,2018-08-31,-0.03449381117889061
EWG,2018-09-28,-0.016209010657034062
EWG,2018-10-31,-0.08372578095592442
EWG,2018-11-30,-0.015045801461911368
EWG,2018-12-31,-0.055514221237017436
EWG,2019-01-31,0.05680489842628145
EWG,2019-02-28,0.01903696133990751
EWG,2019-03-29,-0.013919410815361632
EWG,2019-04-30,0.06983655504734432
EWG,2019-05-31,-0.06527777978595406
EWG,2019-06-28,0.07050754972132411
EWG,2019-07-31,-0.04385026660696223
EWG,2019-08-30,-0.021252699784017226
EWG,2019-09-30,0.02514286675037214
EWG,2019-10-31,0.06094382353421102
EWG,2019-11-29,0.013660423174986835
EWG,2019-12-31,0.015894678584453148
EWG,2020-01-31,-0.02959182454273157
EWG,2020-02-28,-0.08096744456230742
EWG,2020-03-31,-0.18077790724596654
EWG,2020-04-30,0.09776523165100137
EWG,2020-05-29,0.09372361067594781
EWG,2020-06-30,0.062272684728255534
EWG,2020-07-31,0.042050943078775216
EWG,2020-08-31,0.06548674157856382
EWG,2020-09-30,-0.03222594338016371
EWG,2020-10-30,-0.09783721757962449
EWG,2020-11-30,0.16286121248333796
EWG,2020-12-31,0.0527796405293357
EWG,2021-01-29,-0.009757568546285289
EWG,2021-02-26,0.017482398631617047
EWG,2021-03-31,0.0446734884958877
EWG,2021-04-30,0.03528726362727608
EWG,2021-05-28,0.03350652635807161
EWG,2021-06-30,-0.016552162162926765
EWG,2021-07-30,-0.002312104823922967
EWG,2021-08-31,0.012456575380664026
EWG,2021-09-30,-0.05808313406514953
EWG,2021-10-29,0.0258202953658766
EWG,2021-11-30,-0.0580396290409827
EWG,2021-12-31,0.03938139083541525
EWG,2022-01-31,-0.023489991297918844
EWG,2022-02-28,-0.09153387897235588
EWG,2022-03-31,-0.023727600559818596
EWG,2022-04-29,-0.08383233713911331
EWG,2022-05-31,0.05074967264886765
EWG,2022-06-30,-0.13278907301684828
EWG,2022-07-29,0.024771992912590468
EWG,2022-08-31,-0.07379131916084236
EWG,2022-09-30,-0.0961539066678504
EWG,2022-10-31,0.10536972914771403
EWG,2022-11-30,0.16361141488438347
EWG,2022-12-30,-0.02564766739505764
EWG,2023-01-31,0.13384542366443575
EWG,2023-02-28,-0.02674746567612374
EWG,2023-03-31,0.04287284887398579
EWG,2023-04-28,0.033380163332973334
EWG,2023-05-31,-0.048622943706243094
EWG,2023-06-30,0.0490135679972763
EWG,2023-07-31,0.026251398512764146
EWG,2023-08-31,-0.047748977090504074
EWG,2023-09-29,-0.06160460979460147
EWG,2023-10-31,-0.038931286846417
EWG,2023-11-30,0.1282763189534708
EWG,2023-12-29,0.04512534568601834
EWG,2024-01-31,-0.020882569465643708
EWG,2024-02-29,0.054007567915479004
EWG,2024-03-28,0.03622722563881964
EWG,2024-04-30,-0.04063001599374261
EWG,2024-05-31,0.05252800062477503
EWG,2024-06-28,-0.02159402926664511
EWG,2024-07-31,0.016002632459847455
EWG,2024-08-30,0.04885891095215067
EWG,2024-09-30,0.03708239719082074
EWG,2024-10-31,-0.04491727979212223
EWG,2024-11-29,-0.001547057878899749
EWG,2024-12-31,-0.013944788308066114
EWG,2025-01-31,0.088309304074907
EWG,2025-02-28,0.041582328635535015
EWG,2025-03-31,0.028001191932106817
EWG,2025-04-30,0.06499462354865426
EWG,2025-05-30,0.0628007263914756
EWG,2025-06-30,0.02486520449216556
EWG,2025-07-31,-0.02741665317019104
EWG,2025-08-29,0.017739970735034083
EWG,2025-09-30,-0.006447078726684263
EWG,2025-10-31,-0.021148725054043083
EWG,2025-11-28,0.004664777457432212
EWG,2025-12-31,0.03861195038832754
EWG,2026-01-30,0.014353001583221392
EWG,2026-02-27,0.028531609921652157
EWG,2026-03-31,-0.10532250579557723
EWG,2026-04-30,0.06528865768943781
EWG,2026-05-29,0.027685733040685
EWG,2026-06-30,-0.028325237908022105
EWG,2026-07-31,0.03577470583630249
EWG,2026-08-31,0.032205393634930246
EWG,2026-09-21,-0.036852839362087386
EWH,2015-01-30,0.05604286948523485
EWH,2015-02-27,0.001845767970483303
EWH,2015-03-31,0.010133926036528962
EWH,2015-04-30,0.08481548473143552
EWH,2015-05-29,-0.004624006591053664
EWH,2015-06-30,-0.03480890059961472
EWH,2015-07-31,-0.014627598226374716
EWH,2015-08-31,-0.1327038277174899
EWH,2015-09-30,-0.00829824546144664
EWH,2015-10-30,0.07269819690919421
EWH,2015-11-30,-0.020477698086727836
EWH,2015-12-31,-0.0026876915770096543
EWH,2016-01-29,-0.09334011090304517
EWH,2016-02-29,0.006677968136933554
EWH,2016-03-31,0.09286901264697733
EWH,2016-04-29,5.057893604358821e-4
EWH,2016-05-31,-0.0015166703088100864
EWH,2016-06-30,0.011446066389503518
EWH,2016-07-29,0.06741566710686886
EWH,2016-08-31,0.006220012296778599
EWH,2016-09-30,0.04660037362597058
EWH,2016-10-31,-0.01999111584650437
EWH,2016-11-30,-0.018544471915105887
EWH,2016-12-30,-0.06995577671429976
EWH,2017-01-31,0.07956869527330923
EWH,2017-02-28,0.027580122299741827
EWH,2017-03-31,0.029615455198863216
EWH,2017-04-28,0.02921383467229255
EWH,2017-05-31,0.03275101463390384
EWH,2017-06-30,0.007390045098489173
EWH,2017-07-31,0.03627850697256241
EWH,2017-08-31,0.016885992946507278
EWH,2017-09-29,0
EWH,2017-10-31,-4.0488784246672793e-4
EWH,2017-11-30,0.039708324530545624
EWH,2017-12-29,0.018805416486592286
EWH,2018-01-31,0.04642016656770975
EWH,2018-02-28,-0.03834584547244535
EWH,2018-03-29,-0.010555393426041393
EWH,2018-04-30,0.015804345255657548
EWH,2018-05-31,0.010890680503611971
EWH,2018-06-29,-0.053912737057166815
EWH,2018-07-31,0.02271787462162811
EWH,2018-08-31,-0.02463659490724801
EWH,2018-09-28,-0.009523732517804251
EWH,2018-10-31,-0.10660563670672651
EWH,2018-11-30,0.08001905282484723
EWH,2018-12-31,-0.010521587737765348
EWH,2019-01-31,0.09570187613272885
EWH,2019-02-28,0.045693733878133136
EWH,2019-03-29,0.013534246491463175
EWH,2019-04-30,0.010301656509689616
EWH,2019-05-31,-0.06873107364797759
EWH,2019-06-28,0.06880381223598042
EWH,2019-07-31,-0.039799167095034615
EWH,2019-08-30,-0.08088504860071433
EWH,2019-09-30,-0.006129766526618119
EWH,2019-10-31,0.047577176525660514
EWH,2019-11-29,-0.010092429569371064
EWH,2019-12-31,0.04250912598686618
EWH,2020-01-31,-0.05836429809924926
EWH,2020-02-28,0.0026190169308848432
EWH,2020-03-31,-0.13191109291740966
EWH,2020-04-30,0.06068192013922702
EWH,2020-05-29,-0.061938611140688105
EWH,2020-06-30,0.09789212837279027
EWH,2020-07-31,-0.01216658034514162
EWH,2020-08-31,0.07531982631563694
EWH,2020-09-30,-0.03436131143718457
EWH,2020-10-30,-0.01916042165195242
EWH,2020-11-30,0.10651129691247951
EWH,2020-12-31,0.04517601686637507
EWH,2021-01-29,0.01704548856292809
EWH,2021-02-26,0.04988015826154868
EWH,2021-03-31,0.010262329952785088
EWH,2021-04-30,0.025959558656404758
EWH,2021-05-28,0.030436395800830685
EWH,2021-06-30,-0.03564107316126852
EWH,2021-07-30,-0.023952133063488645
EWH,2021-08-31,-0.011886439011019823
EWH,2021-09-30,-0.06946088169738351
EWH,2021-10-29,0.023353077147420187
EWH,2021-11-30,-0.050937341433258454
EWH,2021-12-31,0.0067305255819651855
EWH,2022-01-31,0.02242332016631554
EWH,2022-02-28,-0.04344151469965307
EWH,2022-03-31,-0.004849979192654841
EWH,2022-04-29,-0.053168027548356034
EWH,2022-05-31,0.037435807179337255
EWH,2022-06-30,0.016387177889016336
EWH,2022-07-29,-0.04279293978769583
EWH,2022-08-31,-0.038117652340118435
EWH,2022-09-30,-0.10763197966246618
EWH,2022-10-31,-0.1173246051564224
EWH,2022-11-30,0.24285695520379114
EWH,2022-12-30,0.06406580473982926
EWH,2023-01-31,0.04949984398357232
EWH,2023-02-28,-0.07573678784793014
EWH,2023-03-31,0.008341532345210734
EWH,2023-04-28,0.013625281057950023
EWH,2023-05-31,-0.0902544116991908
EWH,2023-06-30,0.03636162772048546
EWH,2023-07-31,0.03517854413683774
EWH,2023-08-31,-0.09295354484940233
EWH,2023-09-29,-0.055096561014249756
EWH,2023-10-31,-0.02157422333484016
EWH,2023-11-30,0.0017876793498619037
EWH,2023-12-29,0.05955856379032376
EWH,2024-01-31,-0.09729419409974482
EWH,2024-02-29,0.041453949844663995
EWH,2024-03-28,-0.04776479550970347
EWH,2024-04-30,0.0315113225839585
EWH,2024-05-31,0.042393891550117635
EWH,2024-06-28,-0.0651492448715546
EWH,2024-07-31,-0.003267985440112975
EWH,2024-08-30,0.060983645618338356
EWH,2024-09-30,0.15327550513086763
EWH,2024-10-31,-0.042336490658477444
EWH,2024-11-29,-0.02406260935825333
EWH,2024-12-31,-0.025031393222795573
EWH,2025-01-31,-0.009603762894790036
EWH,2025-02-28,0.06606069468032971
EWH,2025-03-31,-0.0045481168665258975
EWH,2025-04-30,5.711120928579838e-4
EWH,2025-05-30,0.08105022777783732
EWH,2025-06-30,0.07130225779530397
EWH,2025-07-31,0.04229613093454421
EWH,2025-08-29,0.022222164239258158
EWH,2025-09-30,0.018430926072756648
EWH,2025-10-31,-4.639471824259278e-4
EWH,2025-11-28,0.03249769218910492
EWH,2025-12-31,-0.013836754841915266
EWH,2026-01-30,0.10023527265679344
EWH,2026-02-27,0.03550042353203331
EWH,2026-03-31,-0.04626181983652655
EWH,2026-04-30,0.027284483503953405
EWH,2026-05-29,-0.025716637588468427
EWH,2026-06-30,-0.08012991447084872
EWH,2026-07-31,0.10325047034104795
EWH,2026-08-31,-0.007365687905368401
EWH,2026-09-21,-0.006547342624588337
EWI,2015-01-30,0.005869540452577482
EWI,2015-02-27,0.08533907367042182
EWI,2015-03-31,-0.0053762802431541745
EWI,2015-04-30,0.031756788897180366
EWI,2015-05-29,0.01899145286217996
EWI,2015-06-30,-0.026034969320051782
EWI,2015-07-31,0.03962406502369231
EWI,2015-08-31,-0.04392770904744281
EWI,2015-09-30,-0.03243236503140157
EWI,2015-10-30,0.034217869228823306
EWI,2015-11-30,-0.028359236813805033
EWI,2015-12-31,-0.0422360846745109
EWI,2016-01-29,-0.12154314735312355
EWI,2016-02-29,-0.06545168127476364
EWI,2016-03-31,0.08156063928136659
EWI,2016-04-29,0.04180337070807205
EWI,2016-05-31,-0.044059983140249614
EWI,2016-06-30,-0.08174373992968376
EWI,2016-07-29,0.03133636770284909
EWI,2016-08-31,0.00893678387586494
EWI,2016-09-30,-0.023915235854887307
EWI,2016-10-31,0.023593181584893763
EWI,2016-11-30,-0.035903882683070654
EWI,2016-12-30,0.12342664554673122
EWI,2017-01-31,-0.019413672612197286
EWI,2017-02-28,-0.003790875789991599
EWI,2017-03-31,0.08837222679804002
EWI,2017-04-28,0.027583580105719152
EWI,2017-05-31,0.05368610127283624
EWI,2017-06-30,0.01542665239588703
EWI,2017-07-31,0.07050373065072946
EWI,2017-08-31,0.017809042141873732
EWI,2017-09-29,0.03532507667949414
EWI,2017-10-31,-0.01275488881737119
EWI,2017-11-30,0.0016149389014781246
EWI,2017-12-29,-0.012972392131205823
EWI,2018-01-31,0.10972396279539587
EWI,2018-02-28,-0.061278797733163914
EWI,2018-03-29,0.01387592588232267
EWI,2018-04-30,0.04416778169022506
EWI,2018-05-31,-0.09770634976016557
EWI,2018-06-29,-0.019457123386708464
EWI,2018-07-31,0.03392179077890889
EWI,2018-08-31,-0.09273508647552742
EWI,2018-09-28,0.020664044271951232
EWI,2018-10-31,-0.09436001611130074
EWI,2018-11-30,0.013572716718270206
EWI,2018-12-31,-0.034162388168619384
EWI,2019-01-31,0.08095804049052058
EWI,2019-02-28,0.03744744985634507
EWI,2019-03-29,0.02357277740750896
EWI,2019-04-30,0.017992028033545937
EWI,2019-05-31,-0.08306800534171721
EWI,2019-06-28,0.0990925194380401
EWI,2019-07-31,-0.018874654000253566
EWI,2019-08-30,-0.004439618606090878
EWI,2019-09-30,0.02452634955042643
EWI,2019-10-31,0.047152569682789025
EWI,2019-11-29,6.927499103548396e-4
EWI,2019-12-31,0.028286330924342407
EWI,2020-01-31,-0.024406890833161943
EWI,2020-02-28,-0.05350939858456849
EWI,2020-03-31,-0.23751839088730287
EWI,2020-04-30,0.018295458646027773
EWI,2020-05-29,0.06193867883662496
EWI,2020-06-30,0.0835242624451833
EWI,2020-07-31,0.026993175781007794
EWI,2020-08-31,0.04084131815605274
EWI,2020-09-30,-0.052836157070631495
EWI,2020-10-30,-0.06439707364190639
EWI,2020-11-30,0.25208260236399704
EWI,2020-12-31,0.03930002804710875
EWI,2021-01-29,-0.03702451991707312
EWI,2021-02-26,0.0553791407596369
EWI,2021-03-31,0.053141789636697245
EWI,2021-04-30,0.00317358299412529
EWI,2021-05-28,0.060107468126000985
EWI,2021-06-30,-0.02171195249698088
EWI,2021-07-30,0.0030875618439585306
EWI,2021-08-31,0.014158206628571701
EWI,2021-09-30,-0.03945390146272365
EWI,2021-10-29,0.057819928076579874
EWI,2021-11-30,-0.060334635943875004
EWI,2021-12-31,0.05758425912100429
EWI,2022-01-31,-0.011581807484086326
EWI,2022-02-28,-0.06722181936514526
EWI,2022-03-31,-0.02380153598364665
EWI,2022-04-29,-0.07111419724613488
EWI,2022-05-31,0.051039177009095216
EWI,2022-06-30,-0.13993377704153143
EWI,2022-07-29,0.02325589240662307
EWI,2022-08-31,-0.060876480392196175
EWI,2022-09-30,-0.07087299393789659
EWI,2022-10-31,0.11999979985209475
EWI,2022-11-30,0.15531578689678338
EWI,2022-12-30,-0.0168454515544606
EWI,2023-01-31,0.123607813119335
EWI,2023-02-28,-0.008589269724544102
EWI,2023-03-31,0.013995376572419005
EWI,2023-04-28,0.040420614128748866
EWI,2023-05-31,-0.06253946219129336
EWI,2023-06-30,0.09865565569817547
EWI,2023-07-31,0.05246624649811649
EWI,2023-08-31,-0.041791177005813696
EWI,2023-09-29,-0.05233631892291246
EWI,2023-10-31,-0.017094023617971188
EWI,2023-11-30,0.10300996483021874
EWI,2023-12-29,0.04161145184431159
EWI,2024-01-31,-0.012967715160065008
EWI,2024-02-29,0.06389972232940488
EWI,2024-03-28,0.05865822506599727
EWI,2024-04-30,-0.031017981441721187
EWI,2024-05-31,0.06238043046345143
EWI,2024-06-28,-0.0543518741247927
EWI,2024-07-31,0.03598327994330197
EWI,2024-08-30,0.04604202341864094
EWI,2024-09-30,0.0028314389483814484
EWI,2024-10-31,-0.024127284474367516
EWI,2024-11-29,-0.04418728562960217
EWI,2024-12-31,0.004808704871619884
EWI,2025-01-31,0.07172639899318067
EWI,2025-02-28,0.058365783042136465
EWI,2025-03-31,0.03725500834905038
EWI,2025-04-30,0.04465967251765668
EWI,2025-05-30,0.08052471777927739
EWI,2025-06-30,0.025518561564001008
EWI,2025-07-31,0.002285034404040598
EWI,2025-08-29,0.058031031036590575
EWI,2025-09-30,0.01762978592071973
EWI,2025-10-31,-0.002694888821897057
EWI,2025-11-28,0.02161744303972135
EWI,2025-12-31,0.03988142986416987
EWI,2026-01-30,0.028529385673209395
EWI,2026-02-27,0.025948497015136907
EWI,2026-03-31,-0.06820170197901976
EWI,2026-04-30,0.08124292931234756
EWI,2026-05-29,0.027873970068642118
EWI,2026-06-30,0.017499626203764773
EWI,2026-07-31,0.039837892113229634
EWI,2026-08-31,0.011038966266556871
EWI,2026-09-21,-0.01669873348128248
EWJ,2015-01-30,0.020426148667680444
EWJ,2015-02-27,0.07484795807715705
EWJ,2015-03-31,0.01457487737610097
EWJ,2015-04-30,0.026336737774743657
EWJ,2015-05-29,0.01477441751575026
EWJ,2015-06-30,-0.013405103830069987
EWJ,2015-07-31,0.0093678881980932
EWJ,2015-08-31,-0.06264498764535542
EWJ,2015-09-30,-0.0569310344793974
EWJ,2015-10-30,0.07786576348213359
EWJ,2015-11-30,0.004869995991614973
EWJ,2015-12-31,-0.01382947201168061
EWJ,2016-01-29,-0.05115518114125528
EWJ,2016-02-29,-0.053043286795224076
EWJ,2016-03-31,0.047749874532323267
EWJ,2016-04-29,8.765879676788657e-4
EWJ,2016-05-31,0.032399494801255146
EWJ,2016-06-30,-0.016912975172584055
EWJ,2016-07-29,0.048695704791554606
EWJ,2016-08-31,0.01824233794017638
EWJ,2016-09-30,0.021172246276125017
EWJ,2016-10-31,0.007177199548492608
EWJ,2016-11-30,-0.012470318855556273
EWJ,2016-12-30,-0.009230064759077061
EWJ,2017-01-31,0.034997888771995944
EWJ,2017-02-28,0.013051323761137379
EWJ,2017-03-31,0.005270098379660304
EWJ,2017-04-28,0.006990674782191286
EWJ,2017-05-31,0.02757410429629914
EWJ,2017-06-30,0.013238538815229628
EWJ,2017-07-31,0.02068965164644232
EWJ,2017-08-31,-9.130615470436254e-4
EWJ,2017-09-29,0.018278170486682788
EWJ,2017-10-31,0.05277318879373927
EWJ,2017-11-30,0.02148325877998558
EWJ,2017-12-29,0.006961819721421847
EWJ,2018-01-31,0.05022513778838822
EWJ,2018-02-28,-0.029710686670439412
EWJ,2018-03-29,-0.006386180696431043
EWJ,2018-04-30,-6.592928748994087e-4
EWJ,2018-05-31,-0.014841517033994278
EWJ,2018-06-29,-0.023128549930992226
EWJ,2018-07-31,0.010706482807674611
EWJ,2018-08-31,-0.00529672664264591
EWJ,2018-09-28,0.03452427506716549
EWJ,2018-10-31,-0.08949023506857456
EWJ,2018-11-30,0.00911746648674261
EWJ,2018-12-31,-0.07691043576478096
EWJ,2019-01-31,0.07082262861671795
EWJ,2019-02-28,0.0014739484492893862
EWJ,2019-03-29,0.006622389074859569
EWJ,2019-04-30,0.012792588884208866
EWJ,2019-05-31,-0.048718982173512226
EWJ,2019-06-28,0.044702241363501205
EWJ,2019-07-31,-0.004213844980292425
EWJ,2019-08-30,-0.007911675461494072
EWJ,2019-09-30,0.05229953480512717
EWJ,2019-10-31,0.034190995399618895
EWJ,2019-11-29,0.012781337211646981
EWJ,2019-12-31,0.008695345476140037
EWJ,2020-01-31,-0.02515186087089205
EWJ,2020-02-28,-0.08294364095365547
EWJ,2020-03-31,-0.06740950626974018
EWJ,2020-04-30,0.047985395436951794
EWJ,2020-05-29,0.0705178579043233
EWJ,2020-06-30,-9.777301044450182e-4
EWJ,2020-07-31,-0.010742931100704456
EWJ,2020-08-31,0.06791847166764886
EWJ,2020-09-30,0.018097104786735096
EWJ,2020-10-30,-0.014051120030192155
EWJ,2020-11-30,0.10559752227193497
EWJ,2020-12-31,0.05335187041532463
EWJ,2021-01-29,-0.00843677733862036
EWJ,2021-02-26,0.01836081616662999
EWJ,2021-03-31,0.004397456532152733
EWJ,2021-04-30,-0.016053665742808754
EWJ,2021-05-28,0.017205736345265343
EWJ,2021-06-30,-0.007902810407015126
EWJ,2021-07-30,-0.006366643371095382
EWJ,2021-08-31,0.019222183684519445
EWJ,2021-09-30,0.027046849143385288
EWJ,2021-10-29,-0.026334581685289238
EWJ,2021-11-30,-0.030263036326660275
EWJ,2021-12-31,0.022770154154513556
EWJ,2022-01-31,-0.04301057768793237
EWJ,2022-02-28,-0.017790499478357646
EWJ,2022-03-31,-0.021131186216730047
EWJ,2022-04-29,-0.08099336881865693
EWJ,2022-05-31,0.017308460380346835
EWJ,2022-06-30,-0.07390231067846231
EWJ,2022-07-29,0.06284296916783094
EWJ,2022-08-31,-0.04559211865192092
EWJ,2022-09-30,-0.08844942385354915
EWJ,2022-10-31,0.023336910493872542
EWJ,2022-11-30,0.1162230987645827
EWJ,2022-12-30,-0.022178268015778713
EWJ,2023-01-31,0.07770040847798665
EWJ,2023-02-28,-0.04653157538018082
EWJ,2023-03-31,0.049159872842380326
EWJ,2023-04-28,0.0025557124174195867
EWJ,2023-05-31,0.00849779942387574
EWJ,2023-06-30,0.05032224389164397
EWJ,2023-07-31,0.024555610220537982
EWJ,2023-08-31,-0.02806683835428969
EWJ,2023-09-29,-0.02190128344230946
EWJ,2023-10-31,-0.022060164436224716
EWJ,2023-11-30,0.06190642494574372
EWJ,2023-12-29,0.03881016828655692
EWJ,2024-01-31,0.03227311516004949
EWJ,2024-02-29,0.04395119971378536
EWJ,2024-03-28,0.03226256926851634
EWJ,2024-04-30,-0.057182847066987064
EWJ,2024-05-31,0.025271177901805775
EWJ,2024-06-28,-0.0032674884983666663
EWJ,2024-07-31,0.04000588384153003
EWJ,2024-08-30,0.014090501069450312
EWJ,2024-09-30,-0.0059747874092140885
EWJ,2024-10-31,-0.04850431205119343
EWJ,2024-11-29,0.02379912037843024
EWJ,2024-12-31,-0.022124761850425667
EWJ,2025-01-31,0.018032795705031246
EWJ,2025-02-28,0.002342209985044086
EWJ,2025-03-31,0.0013144730643157576
EWJ,2025-04-30,0.041861187863889926
EWJ,2025-05-30,0.037659232664327025
EWJ,2025-06-30,0.01965556145789904
EWJ,2025-07-31,-0.018007252195683443
EWJ,2025-08-29,0.06329809008037524
EWJ,2025-09-30,0.02465504067781299
EWJ,2025-10-31,0.04039391868851716
EWJ,2025-11-28,-0.0052725971138274375
EWJ,2025-12-31,0.009047096439217972
EWJ,2026-01-30,0.06167954515311491
EWJ,2026-02-27,0.07757819933034904
EWJ,2026-03-31,-0.08585037239358739
EWJ,2026-04-30,0.05518703775857192
EWJ,2026-05-29,0.04332212264660584
EWJ,2026-06-30,0.008786156893088926
EWJ,2026-07-31,-0.009434944624106878
EWJ,2026-08-31,0.037774628063917515
EWJ,2026-09-21,0.021693803615336904
EWL,2015-01-30,0.006977515212736707
EWL,2015-02-27,0.04944894212667972
EWL,2015-03-31,-0.003301409347494122
EWL,2015-04-30,0.04004823372089805
EWL,2015-05-29,0.024898758932899723
EWL,2015-06-30,-0.05294054985076069
EWL,2015-07-31,0.0412214115131595
EWL,2015-08-31,-0.06686211154261157
EWL,2015-09-30,-0.03865509061179928
EWL,2015-10-30,0.03857469170860539
EWL,2015-11-30,-0.027698972082605633
EWL,2015-12-31,0.004855996236562188
EWL,2016-01-29,-0.06056710187097625
EWL,2016-02-29,-0.02846366540341405
EWL,2016-03-31,0.049417558301796394
EWL,2016-04-29,0.029599767636083296
EWL,2016-05-31,-0.002286766970373333
EWL,2016-06-30,-0.0033217397488574107
EWL,2016-07-29,0.018887078628551324
EWL,2016-08-31,-9.929555227810027e-4
EWL,2016-09-30,0.012259756061782756
EWL,2016-10-31,-0.05040921333687842
EWL,2016-11-30,-0.02275080989847178
EWL,2016-12-30,0.03979429395949108
EWL,2017-01-31,0.04310917552738469
EWL,2017-02-28,0.010088101240346425
EWL,2017-03-31,0.030283429602847356
EWL,2017-04-28,0.039399681186849334
EWL,2017-05-31,0.050842308001896264
EWL,2017-06-30,0.003133275054417295
EWL,2017-07-31,0.004663301584293178
EWL,2017-08-31,-0.004641656141853079
EWL,2017-09-29,0.02098505650091287
EWL,2017-10-31,-0.014273535712023833
EWL,2017-11-30,0.013032230696705449
EWL,2017-12-29,0.017152790484188385
EWL,2018-01-31,0.044687662896200964
EWL,2018-02-28,-0.060532537336871695
EWL,2018-03-29,-0.01575018524559635
EWL,2018-04-30,-0.009601426813102942
EWL,2018-05-31,-0.022620540811374434
EWL,2018-06-29,0.0036191761508299614
EWL,2018-07-31,0.0650707246543869
EWL,2018-08-31,0.002017135748023202
EWL,2018-09-28,-0.002300757809744036
EWL,2018-10-31,-0.04583478382891326
EWL,2018-11-30,0.003323497807019793
EWL,2018-12-31,-0.05088829779572723
EWL,2019-01-31,0.057106645563008485
EWL,2019-02-28,0.03751488656828905
EWL,2019-03-29,0.023141458343965526
EWL,2019-04-30,0.02346632582746966
EWL,2019-05-31,-0.006629921315010168
EWL,2019-06-28,0.06593264566864732
EWL,2019-07-31,-0.01038348959219082
EWL,2019-08-30,0.008071205186347852
EWL,2019-09-30,0.006138259611226937
EWL,2019-10-31,0.02334212874375985
EWL,2019-11-29,0.008294395903251983
EWL,2019-12-31,0.04472999546278689
EWL,2020-01-31,0.0024606132897579958
EWL,2020-02-28,-0.07020123115029864
EWL,2020-03-31,-0.06652587980184255
EWL,2020-04-30,0.04298638042454672
EWL,2020-05-29,0.038774437739145906
EWL,2020-06-30,0.03367261301425439
EWL,2020-07-31,0.04029784897494815
EWL,2020-08-31,0.029607594747806498
EWL,2020-09-30,-0.01581579309586978
EWL,2020-10-30,-0.0521061594258907
EWL,2020-11-30,0.09247356211548907
EWL,2020-12-31,0.05110798193000443
EWL,2021-01-29,-0.01454784301721379
EWL,2021-02-26,-0.018169437497608243
EWL,2021-03-31,0.022669387663617035
EWL,2021-04-30,0.047048259802557224
EWL,2021-05-28,0.052711032379898715
EWL,2021-06-30,0.01641532862198969
EWL,2021-07-30,0.03310718845033733
EWL,2021-08-31,0.011942576028412644
EWL,2021-09-30,-0.08379223149199999
EWL,2021-10-29,0.06977238495100213
EWL,2021-11-30,-0.009030672404567675
EWL,2021-12-31,0.0678411971379238
EWL,2022-01-31,-0.06447931922698713
EWL,2022-02-28,-0.028177706052376794
EWL,2022-03-31,0.024196913393791597
EWL,2022-04-29,-0.05498970861773811
EWL,2022-05-31,-0.018318979496986243
EWL,2022-06-30,-0.07003800829439899
EWL,2022-07-29,0.047194807794032956
EWL,2022-08-31,-0.06622225583651009
EWL,2022-09-30,-0.07781325765317038
EWL,2022-10-31,0.04432572608163432
EWL,2022-11-30,0.09665057431238155
EWL,2022-12-30,-0.022382949799008234
EWL,2023-01-31,0.07917951544560209
EWL,2023-02-28,-0.04154683079688981
EWL,2023-03-31,0.04496196985946033
EWL,2023-04-28,0.06112091821843846
EWL,2023-05-31,-0.03784568910400821
EWL,2023-06-30,0.020793732838422896
EWL,2023-07-31,0.03246050991984584
EWL,2023-08-31,-0.033116651207507064
EWL,2023-09-29,-0.05549546682379891
EWL,2023-10-31,-0.03787012726087202
EWL,2023-11-30,0.08349234899564162
EWL,2023-12-29,0.06274776251992753
EWL,2024-01-31,-0.01574475866206404
EWL,2024-02-29,-0.014523292177390679
EWL,2024-03-28,0.016659597928810888
EWL,2024-04-30,-0.04705884049461373
EWL,2024-05-31,0.08377428372340279
EWL,2024-06-28,0.0010738227251245736
EWL,2024-07-31,0.045841213862379826
EWL,2024-08-30,0.04819505274694991
EWL,2024-09-30,-0.014191022079754756
EWL,2024-10-31,-0.0527831436492292
EWL,2024-11-29,-0.023505509847770334
EWL,2024-12-31,-0.04627523133675826
EWL,2025-01-31,0.07854661053999878
EWL,2025-02-28,0.04357474354455704
EWL,2025-03-31,0.0011598706915074697
EWL,2025-04-30,0.0399690652148561
EWL,2025-05-30,0.024508029857498226
EWL,2025-06-30,0.012043670725379929
EWL,2025-07-31,-0.038131696397583514
EWL,2025-08-29,0.04950680236667715
EWL,2025-09-30,-0.0016266080321586385
EWL,2025-10-31,0.0021723676882179355
EWL,2025-11-28,0.04443640802727278
EWL,2025-12-31,0.03701135637203068
EWL,2026-01-30,0.026350937983712575
EWL,2026-02-27,0.05752359910095772
EWL,2026-03-31,-0.09634299865830298
EWL,2026-04-30,0.04353001713340987
EWL,2026-05-29,0.028678486994495378
EWL,2026-06-30,0.013172425303227708
EWL,2026-07-31,0.004932400649439339
EWL,2026-08-31,-0.00569981968368094
EWL,2026-09-21,-0.0316878644577302
EWM,2015-01-30,-0.015186090487742998
EWM,2015-02-27,0.0462605598566983
EWM,2015-03-31,-0.020633762804561973
EWM,2015-04-30,0.024078052685940765
EWM,2015-05-29,-0.05657568578617067
EWM,2015-06-30,-0.04457295708908693
EWM,2015-07-31,0.0033029154615327183
EWM,2015-08-31,-0.161316670051192
EWM,2015-09-30,-0.02747792010152017
EWM,2015-10-30,0.03834487822890709
EWM,2015-11-30,0.030126653025944528
EWM,2015-12-31,-0.003185527011356437
EWM,2016-01-29,0.04780365828132349
EWM,2016-02-29,-0.03452528372568586
EWM,2016-03-31,0.1379309545680356
EWM,2016-04-29,-0.04040382974813106
EWM,2016-05-31,-0.07368440444359026
EWM,2016-06-30,0.06029417250088054
EWM,2016-07-29,-0.009650068751251184
EWM,2016-08-31,-0.0036539938556067186
EWM,2016-09-30,-0.008557662608466576
EWM,2016-10-31,-0.016029451030487474
EWM,2016-11-30,-0.08239340122945737
EWM,2016-12-30,0.001437708997208631
EWM,2017-01-31,0.04061276594414087
EWM,2017-02-28,0.009585657262773273
EWM,2017-03-31,0.03357070022970898
EWM,2017-04-28,0.03969822077430529
EWM,2017-05-31,0.006626648212234798
EWM,2017-06-30,0.0048165685072756315
EWM,2017-07-31,-6.308359491945525e-4
EWM,2017-08-31,0.007888885663646539
EWM,2017-09-29,0.014088882858922291
EWM,2017-10-31,-0.007100802492887692
EWM,2017-11-30,0.018656472424423365
EWM,2017-12-29,0.05318356595367835
EWM,2018-01-31,0.08007277319657446
EWM,2018-02-28,-0.017691580205014712
EWM,2018-03-29,0.033161696339730984
EWM,2018-04-30,-0.02988358012044212
EWM,2018-05-31,-0.06845402982454074
EWM,2018-06-29,-0.026373796501468427
EWM,2018-07-31,0.059653552198550175
EWM,2018-08-31,-0.01604133180853362
EWM,2018-09-28,-0.004921528411857112
EWM,2018-10-31,-0.06522395564884187
EWM,2018-11-30,-0.00595266421639884
EWM,2018-12-31,0.007893601442019005
EWM,2019-01-31,0.03325475118225696
EWM,2019-02-28,-0.0065019490009390335
EWM,2019-03-29,-0.020287748764409197
EWM,2019-04-30,-0.007682173227686828
EWM,2019-05-31,-0.0030292190477535508
EWM,2019-06-28,0.021815429123281938
EWM,2019-07-31,-0.028254125925510798
EWM,2019-08-30,-0.03357577963022995
EWM,2019-09-30,-0.00250711223018818
EWM,2019-10-31,0.009694935344628286
EWM,2019-11-29,-0.020625926040346187
EWM,2019-12-31,0.04684894577241017
EWM,2020-01-31,-0.05892658448857968
EWM,2020-02-28,-0.050689561541357286
EWM,2020-03-31,-0.08912453388130415
EWM,2020-04-30,0.015086222902460644
EWM,2020-05-29,0.06581730190579993
EWM,2020-06-30,0.025327224327299946
EWM,2020-07-31,0.08330014125492458
EWM,2020-08-31,-0.028560975730769655
EWM,2020-09-30,-0.01281552371526895
EWM,2020-10-30,-0.03169156275860152
EWM,2020-11-30,0.09345419528368804
EWM,2020-12-31,0.03858650123977592
EWM,2021-01-29,-0.06076396741791501
EWM,2021-02-26,0.005545409638015197
EWM,2021-03-31,-0.003676435243927134
EWM,2021-04-30,0.025830096782490042
EWM,2021-05-28,-0.014388438148357219
EWM,2021-06-30,-0.03840070711980037
EWM,2021-07-30,-0.033281123968970316
EWM,2021-08-31,0.0749290741155193
EWM,2021-09-30,-0.045214741435004924
EWM,2021-10-29,0.03551701378930172
EWM,2021-11-30,-0.05221026227415859
EWM,2021-12-31,0.03942129315205967
EWM,2022-01-31,-0.021973582602480612
EWM,2022-02-28,0.05923203184022152
EWM,2022-03-31,-0.012340917789397499
EWM,2022-04-29,-0.031237623322456498
EWM,2022-05-31,-0.02579622505629431
EWM,2022-06-30,-0.07351689671861761
EWM,2022-07-29,0.029157233546615924
EWM,2022-08-31,-0.011952079763920875
EWM,2022-09-30,-0.09543019747831272
EWM,2022-10-31,0.03863307112816239
EWM,2022-11-30,0.08249875291382214
EWM,2022-12-30,0.015947294722284955
EWM,2023-01-31,0.04115591033049992
EWM,2023-02-28,-0.08578648143354439
EWM,2023-03-31,0.01977932551071304
EWM,2023-04-28,-0.01804246992742564
EWM,2023-05-31,-0.0574182582907774
EWM,2023-06-30,-0.007203029156646057
EWM,2023-07-31,0.09695146015885081
EWM,2023-08-31,-0.039635533408791335
EWM,2023-09-29,-0.02324479686475156
EWM,2023-10-31,0.001942721438419781
EWM,2023-11-30,0.029568490306980166
EWM,2023-12-29,0.018061034067219373
EWM,2024-01-31,-0.005176495636224243
EWM,2024-02-29,0.027909177804667173
EWM,2024-03-28,0.002761313061126147
EWM,2024-04-30,0.01422660205908377
EWM,2024-05-31,0.03936652482645231
EWM,2024-06-28,-0.0065370815841361285
EWM,2024-07-31,0.05520937186151098
EWM,2024-08-30,0.09367084321323493
EWM,2024-09-30,0.04359558960882537
EWM,2024-10-31,-0.08909422000917733
EWM,2024-11-29,-0.0012176076081601428
EWM,2024-12-31,0.015249519616720164
EWM,2025-01-31,-0.045250735436972556
EWM,2025-02-28,0.010674597430684996
EWM,2025-03-31,-0.024926067364155702
EWM,2025-04-30,0.04722704500425179
EWM,2025-05-30,-0.008688551830573044
EWM,2025-06-30,0.037586736205997395
EWM,2025-07-31,-0.03492193719154624
EWM,2025-08-29,0.0587485239127814
EWM,2025-09-30,0.042219510916804204
EWM,2025-10-31,-0.0027006662727065978
EWM,2025-11-28,0.0224371082043342
EWM,2025-12-31,0.051686648500750554
EWM,2026-01-30,0.06652046346684748
EWM,2026-02-27,0.0013707094522306118
EWM,2026-03-31,-0.027720670880172937
EWM,2026-04-30,0.03379090154025799
EWM,2026-05-29,-0.027238698695676855
EWM,2026-06-30,-0.03713772035527385
EWM,2026-07-31,0.041929466744970556
EWM,2026-08-31,0.011039867050735674
EWM,2026-09-21,-0.0257132637523938
EWN,2015-01-30,0.007983397937924686
EWN,2015-02-27,0.06669450934722443
EWN,2015-03-31,-0.012114112566731339
EWN,2015-04-30,0.032832352886224214
EWN,2015-05-29,0.017618019670702756
EWN,2015-06-30,-0.021696558944062305
EWN,2015-07-31,0.03153011037840603
EWN,2015-08-31,-0.07660403217739187
EWN,2015-09-30,-0.043727024988707064
EWN,2015-10-30,0.06837626626878568
EWN,2015-11-30,-0.010800111492761721
EWN,2015-12-31,-0.030057902290447247
EWN,2016-01-29,-0.019714655636604905
EWN,2016-02-29,-0.026957627565838527
EWN,2016-03-31,0.08179422816400983
EWN,2016-04-29,0.004877902438433335
EWN,2016-05-31,0.007686219350399259
EWN,2016-06-30,-0.05720245259522838
EWN,2016-07-29,0.04017246733763913
EWN,2016-08-31,0.03156199975851126
EWN,2016-09-30,0.008856402344472603
EWN,2016-10-31,-0.023144638126211592
EWN,2016-11-30,-0.03880717131373834
EWN,2016-12-30,0.03962401092542778
EWN,2017-01-31,0.024430600066412733
EWN,2017-02-28,0.02869842255645083
EWN,2017-03-31,0.053438128215475
EWN,2017-04-28,0.04737039811489763
EWN,2017-05-31,0.048789213070973725
EWN,2017-06-30,-0.005768018773366856
EWN,2017-07-31,0.06256465077297291
EWN,2017-08-31,-0.0032528628065014997
EWN,2017-09-29,0.024477634864127795
EWN,2017-10-31,0.009875941224597229
EWN,2017-11-30,-0.005362785915842161
EWN,2017-12-29,0.012046564105917534
EWN,2018-01-31,0.05798943607900631
EWN,2018-02-28,-0.05242792508201399
EWN,2018-03-29,0.005029736738840773
EWN,2018-04-30,0.005004852658897718
EWN,2018-05-31,-0.024276303680592082
EWN,2018-06-29,-0.011161390794497406
EWN,2018-07-31,0.039659093040630644
EWN,2018-08-31,-0.021437483941355362
EWN,2018-09-28,-0.027384006085901524
EWN,2018-10-31,-0.07982789115717615
EWN,2018-11-30,0.023398137939682595
EWN,2018-12-31,-0.070456534031891
EWN,2019-01-31,0.0771862240109411
EWN,2019-02-28,0.046240867014965215
EWN,2019-03-29,0.008434570483165427
EWN,2019-04-30,0.06189350304095309
EWN,2019-05-31,-0.06584737751178649
EWN,2019-06-28,0.0656619064503221
EWN,2019-07-31,-3.2424227160243735e-4
EWN,2019-08-30,-0.007460133630289523
EWN,2019-09-30,0.02483654452009909
EWN,2019-10-31,0.019770448870668034
EWN,2019-11-29,0.01938708738576489
EWN,2019-12-31,0.042970091680097244
EWN,2020-01-31,-0.0345540913616581
EWN,2020-02-28,-0.06882827537066649
EWN,2020-03-31,-0.14618928754346716
EWN,2020-04-30,0.09503656479745493
EWN,2020-05-29,0.07940955653310144
EWN,2020-06-30,0.07122702036813
EWN,2020-07-31,0.03821443995288343
EWN,2020-08-31,0.040636327549946394
EWN,2020-09-30,-0.014431335361947517
EWN,2020-10-30,-0.02497863906072939
EWN,2020-11-30,0.14575989779450982
EWN,2020-12-31,0.06590823644178889
EWN,2021-01-29,0.023705875307330926
EWN,2021-02-26,0.04017022422329597
EWN,2021-03-31,0.04838711107210636
EWN,2021-04-30,0.041603449570114304
EWN,2021-05-28,0.029748169405519276
EWN,2021-06-30,-0.01469486116069818
EWN,2021-07-30,0.03116605729492994
EWN,2021-08-31,0.05984797561030075
EWN,2021-09-30,-0.06987722555274856
EWN,2021-10-29,0.0578678596896649
EWN,2021-11-30,-0.05623787891226073
EWN,2021-12-31,0.02511740634209736
EWN,2022-01-31,-0.07606544707923324
EWN,2022-02-28,-0.07693961763995105
EWN,2022-03-31,-0.011674081573088357
EWN,2022-04-29,-0.09213318617278876
EWN,2022-05-31,0.027582702883783172
EWN,2022-06-30,-0.10090146333618044
EWN,2022-07-29,0.0852821853144139
EWN,2022-08-31,-0.09960580626128357
EWN,2022-09-30,-0.10770559829925896
EWN,2022-10-31,0.07131163362571002
EWN,2022-11-30,0.19022907819528379
EWN,2022-12-30,-0.03857879023712951
EWN,2023-01-31,0.1331898526582973
EWN,2023-02-28,-0.03317519892027965
EWN,2023-03-31,0.03431355803371061
EWN,2023-04-28,0.0028437851918416968
EWN,2023-05-31,-0.010633356795193505
EWN,2023-06-30,0.04520145602874637
EWN,2023-07-31,0.03234761658028584
EWN,2023-08-31,-0.07676818590730361
EWN,2023-09-29,-0.0783029508122578
EWN,2023-10-31,-0.01499214444753083
EWN,2023-11-30,0.12630173873553696
EWN,2023-12-29,0.06594255982939745
EWN,2024-01-31,0.020389805458491672
EWN,2024-02-29,0.048309309856109595
EWN,2024-03-28,0.036447235316339865
EWN,2024-04-30,-0.0345593667374241
EWN,2024-05-31,0.07159294014927742
EWN,2024-06-28,-0.007784030717184587
EWN,2024-07-31,-0.015926780286494413
EWN,2024-08-30,0.027513739916032565
EWN,2024-09-30,0.0013782690023083077
EWN,2024-10-31,-0.08238314582502104
EWN,2024-11-29,-0.023569690101346796
EWN,2024-12-31,-0.015239393004262913
EWN,2025-01-31,0.041807041159989344
EWN,2025-02-28,0.017691467528685
EWN,2025-03-31,-0.009327982469586105
EWN,2025-04-30,0.04536694923530238
EWN,2025-05-30,0.08188335992225171
EWN,2025-06-30,0.0450596381397903
EWN,2025-07-31,-0.05944958022256974
EWN,2025-08-29,0.033944602477412156
EWN,2025-09-30,0.09452823299394941
EWN,2025-10-31,0.013618354476237604
EWN,2025-11-28,-0.010714248307050589
EWN,2025-12-31,0.017834924408954844
EWN,2026-01-30,0.09188145781768275
EWN,2026-02-27,0.00851129665896333
EWN,2026-03-31,-0.08423566760795642
EWN,2026-04-30,0.09041904933249412
EWN,2026-05-29,0.06904799272948181
EWN,2026-06-30,0.05951099054282616
EWN,2026-07-31,-0.05004260486676004
EWN,2026-08-31,0.022448368854395273
EWN,2026-09-21,-0.00687940899886641
EWP,2015-01-30,-0.06718125510719952
EWP,2015-02-27,0.07171285238558678
EWP,2015-03-31,-0.005433071367006215
EWP,2015-04-30,0.03277738470701563
EWP,2015-05-29,-0.03062328204527187
EWP,2015-06-30,-0.020924815250082274
EWP,2015-07-31,0.02116257118372422
EWP,2015-08-31,-0.0650904847865097
EWP,2015-09-30,-0.07399301183992413
EWP,2015-10-30,0.06035046012029377
EWP,2015-11-30,-0.03179652645357267
EWP,2015-12-31,-0.05470774065221384
EWP,2016-01-29,-0.06756298386051052
EWP,2016-02-29,-0.05007592513559367
EWP,2016-03-31,0.08546348338725518
EWP,2016-04-29,0.06107413454718724
EWP,2016-05-31,-0.031206580777017656
EWP,2016-06-30,-0.08744170495290038
EWP,2016-07-29,0.05124090536435144
EWP,2016-08-31,0.009139586244016229
EWP,2016-09-30,0.012075350217150005
EWP,2016-10-31,0.023489981643435742
EWP,2016-11-30,-0.08306038279484529
EWP,2016-12-30,0.08041827974806637
EWP,2017-01-31,0.036590114919602845
EWP,2017-02-28,-0.006550254642351816
EWP,2017-03-31,0.11391932337639732
EWP,2017-04-28,0.0496546106773581
EWP,2017-05-31,0.045426170591751136
EWP,2017-06-30,-0.006644338113360626
EWP,2017-07-31,0.03928161252415152
EWP,2017-08-31,-0.012305903458505352
EWP,2017-09-29,8.899823949743979e-4
EWP,2017-10-31,0.0029639198567406044
EWP,2017-11-30,-0.00591017170232333
EWP,2017-12-29,-0.008657474278315758
EWP,2018-01-31,0.08666466835239794
EWP,2018-02-28,-0.0775063906306257
EWP,2018-03-29,-0.010350208368799296
EWP,2018-04-30,0.023069738255758754
EWP,2018-05-31,-0.08268169763086664
EWP,2018-06-29,0.010016833817283022
EWP,2018-07-31,0.040197608692849274
EWP,2018-08-31,-0.05859996018078606
EWP,2018-09-28,-0.003701228998152506
EWP,2018-10-31,-0.06484311845793589
EWP,2018-11-30,0.02925272041749838
EWP,2018-12-31,-0.04108818144105986
EWP,2019-01-31,0.06860548979716619
EWP,2019-02-28,0.0146547190241344
EWP,2019-03-29,-0.016162264313289154
EWP,2019-04-30,0.047885281034637295
EWP,2019-05-31,-0.061374298674101824
EWP,2019-06-28,0.04168282373135934
EWP,2019-07-31,-0.050847304012463845
EWP,2019-08-30,-0.0262393077366595
EWP,2019-09-30,0.04191626535200732
EWP,2019-10-31,0.027298862744886687
EWP,2019-11-29,-0.008041967011261364
EWP,2019-12-31,0.043601680776973906
EWP,2020-01-31,-0.0314661614604147
EWP,2020-02-28,-0.06140657206828615
EWP,2020-03-31,-0.22708253220481334
EWP,2020-04-30,0.022145524921673543
EWP,2020-05-29,0.04573916573668768
EWP,2020-06-30,0.04394631102834512
EWP,2020-07-31,0.008014249378698324
EWP,2020-08-31,0.022526388098257133
EWP,2020-09-30,-0.06004318914749962
EWP,2020-10-30,-0.03446672894464253
EWP,2020-11-30,0.2741550929392007
EWP,2020-12-31,0.02796919111878826
EWP,2021-01-29,-0.037721989135212186
EWP,2021-02-26,0.038816464842993614
EWP,2021-03-31,0.013318326390779234
EWP,2021-04-30,0.055859828385383725
EWP,2021-05-28,0.0629321619565768
EWP,2021-06-30,-0.06229524355804095
EWP,2021-07-30,-0.0225193081171281
EWP,2021-08-31,0.011878970430288405
EWP,2021-09-30,-0.04055485413970161
EWP,2021-10-29,0.04820165832646528
EWP,2021-11-30,-0.10222856702820216
EWP,2021-12-31,0.05305205072503738
EWP,2022-01-31,0.004187061454623553
EWP,2022-02-28,-0.030325898585276678
EWP,2022-03-31,-0.004691233864258404
EWP,2022-04-29,-0.03495662832765423
EWP,2022-05-31,0.06837608288146457
EWP,2022-06-30,-0.09871884598235725
EWP,2022-07-29,-0.0162950326504544
EWP,2022-08-31,-0.05100263257828119
EWP,2022-09-30,-0.08957280506269194
EWP,2022-10-31,0.1059535550366093
EWP,2022-11-30,0.118156969378715
EWP,2022-12-30,0.0017553097502125414
EWP,2023-01-31,0.11290314906976007
EWP,2023-02-28,0.01858039184764615
EWP,2023-03-31,0.016782446403732054
EWP,2023-04-28,0.02511640272468596
EWP,2023-05-31,-0.054252616092543726
EWP,2023-06-30,0.08326454799140626
EWP,2023-07-31,0.015224936815991796
EWP,2023-08-31,-0.02931157411075025
EWP,2023-09-29,-0.03441004197697639
EWP,2023-10-31,-0.02690905107885555
EWP,2023-11-30,0.14050821781832679
EWP,2023-12-29,0.018929596995601816
EWP,2024-01-31,-0.03527111511783099
EWP,2024-02-29,-0.009478705218024075
EWP,2024-03-28,0.09945318360172295
EWP,2024-04-30,-0.027665476876215123
EWP,2024-05-31,0.07608684928504572
EWP,2024-06-28,-0.05702169103017485
EWP,2024-07-31,0.0387446732901251
EWP,2024-08-30,0.0446978945081169
EWP,2024-09-30,0.04131040717277723
EWP,2024-10-31,-0.03882143346327549
EWP,2024-11-29,-0.035082458824657436
EWP,2024-12-31,-0.027064971409675898
EWP,2025-01-31,0.06247998992993131
EWP,2025-02-28,0.09366469650302833
EWP,2025-03-31,0.054878105196004556
EWP,2025-04-30,0.06673663831012222
EWP,2025-05-30,0.0662562532031945
EWP,2025-06-30,0.0286048384772164
EWP,2025-07-31,0.015671143473253046
EWP,2025-08-29,0.06686041990412517
EWP,2025-09-30,0.03751837624081067
EWP,2025-10-31,0.013535334659428688
EWP,2025-11-28,0.029699036231698006
EWP,2025-12-31,0.058050533816329075
EWP,2026-01-30,0.04414766413836424
EWP,2026-02-27,0.016876907643380124
EWP,2026-03-31,-0.05118801115341687
EWP,2026-04-30,0.04345420855802162
EWP,2026-05-29,0.021881079939509718
EWP,2026-06-30,0.041958404202760535
EWP,2026-07-31,0.03519111254532481
EWP,2026-08-31,0.01496424838146826
EWP,2026-09-21,-0.015705181618099195
EWQ,2015-01-30,0.017536716004074027
EWQ,2015-02-27,0.06212405690983003
EWQ,2015-03-31,-0.01962271463865828
EWQ,2015-04-30,0.045419946137081446
EWQ,2015-05-29,-0.008468429401488509
EWQ,2015-06-30,-0.02837219266079649
EWQ,2015-07-31,0.04080840307853584
EWQ,2015-08-31,-0.06572063232065772
EWQ,2015-09-30,-0.03796966844378036
EWQ,2015-10-30,0.07145841385069351
EWQ,2015-11-30,-0.023265002295548398
EWQ,2015-12-31,-0.03538986027169
EWQ,2016-01-29,-0.038000634458658755
EWQ,2016-02-29,-0.025333102453507617
EWQ,2016-03-31,0.06519827605120998
EWQ,2016-04-29,0.023573073347980422
EWQ,2016-05-31,-0.0020197369120336095
EWQ,2016-06-30,-0.05023845496116708
EWQ,2016-07-29,0.047223322754073926
EWQ,2016-08-31,-0.003339849461938549
EWQ,2016-09-30,0.01214886822943595
EWQ,2016-10-31,-0.0045531100671768465
EWQ,2016-11-30,-0.024947770746006293
EWQ,2016-12-30,0.05580080977781443
EWQ,2017-01-31,0.013782081775099764
EWQ,2017-02-28,-0.003998528241620725
EWQ,2017-03-31,0.064231198890216
EWQ,2017-04-28,0.05695971462164451
EWQ,2017-05-31,0.048893715589100495
EWQ,2017-06-30,-0.004684425742722209
EWQ,2017-07-31,0.023643896139540432
EWQ,2017-08-31,0.008831458246196355
EWQ,2017-09-29,0.04040403044880492
EWQ,2017-10-31,0.015857698783295904
EWQ,2017-11-30,-9.558190887796192e-4
EWQ,2017-12-29,-0.0014363448609095997
EWQ,2018-01-31,0.0675850602806809
EWQ,2018-02-28,-0.051005222751291046
EWQ,2018-03-29,-0.007271589648519927
EWQ,2018-04-30,0.040764355382036266
EWQ,2018-05-31,-0.02631577772393434
EWQ,2018-06-29,-0.021042606057349866
EWQ,2018-07-31,0.039318631833181295
EWQ,2018-08-31,-0.022068296936303744
EWQ,2018-09-28,0.011927859069544189
EWQ,2018-10-31,-0.09493464020040221
EWQ,2018-11-30,-0.011615611650433344
EWQ,2018-12-31,-0.0511962215365358
EWQ,2019-01-31,0.0614631602999709
EWQ,2019-02-28,0.0426287054340877
EWQ,2019-03-29,0.004088733219975493
EWQ,2019-04-30,0.04818447106694412
EWQ,2019-05-31,-0.061184785362745076
EWQ,2019-06-28,0.08321074673943651
EWQ,2019-07-31,-0.028058727372265002
EWQ,2019-08-30,-0.010070589127250007
EWQ,2019-09-30,0.0220412806817043
EWQ,2019-10-31,0.03616461103646951
EWQ,2019-11-29,0.013768813866668728
EWQ,2019-12-31,0.03538921514488913
EWQ,2020-01-31,-0.040049031851078
EWQ,2020-02-28,-0.07866219077093595
EWQ,2020-03-31,-0.1897682964694125
EWQ,2020-04-30,0.04436825706561209
EWQ,2020-05-29,0.05923201681894552
EWQ,2020-06-30,0.06443792361762979
EWQ,2020-07-31,0.01932901209939364
EWQ,2020-08-31,0.046869361178488056
EWQ,2020-09-30,-0.04511272241759212
EWQ,2020-10-30,-0.04545464248720321
EWQ,2020-11-30,0.218222767247094
EWQ,2020-12-31,0.028761016802554495
EWQ,2021-01-29,-0.026157472481134314
EWQ,2021-02-26,0.04569285016171398
EWQ,2021-03-31,0.028343886820980657
EWQ,2021-04-30,0.0617285350395782
EWQ,2021-05-28,0.054082994645249904
EWQ,2021-06-30,-0.01817376442025531
EWQ,2021-07-30,0.012945984853943271
EWQ,2021-08-31,0.008606910046867311
EWQ,2021-09-30,-0.0369794307163579
EWQ,2021-10-29,0.05558544228787121
EWQ,2021-11-30,-0.038666982914028036
EWQ,2021-12-31,0.056939980548698754
EWQ,2022-01-31,-0.02546295092596973
EWQ,2022-02-28,-0.06756389329418522
EWQ,2022-03-31,0
EWQ,2022-04-29,-0.0673647927118487
EWQ,2022-05-31,0.040970995984773495
EWQ,2022-06-30,-0.09994009574429918
EWQ,2022-07-29,0.06531143761997416
EWQ,2022-08-31,-0.07288076622881035
EWQ,2022-09-30,-0.0958163680451628
EWQ,2022-10-31,0.10783569386718717
EWQ,2022-11-30,0.13775702229678477
EWQ,2022-12-30,-0.01595954107632025
EWQ,2023-01-31,0.11594215285676457
EWQ,2023-02-28,-0.011904550751525078
EWQ,2023-03-31,0.03504906157591736
EWQ,2023-04-28,0.04682556726739673
EWQ,2023-05-31,-0.06494829978326322
EWQ,2023-06-30,0.06450633493923918
EWQ,2023-07-31,0.01609144543410501
EWQ,2023-08-31,-0.03805894478113625
EWQ,2023-09-29,-0.05496540439385322
EWQ,2023-10-31,-0.03203147423163999
EWQ,2023-11-30,0.0905660165251414
EWQ,2023-12-29,0.04957491790642932
EWQ,2024-01-31,-0.01046456713535382
EWQ,2024-02-29,0.03714212594912625
EWQ,2024-03-28,0.029843309863683887
EWQ,2024-04-30,-0.03308370924824111
EWQ,2024-05-31,0.041458534387074586
EWQ,2024-06-28,-0.0732828097963365
EWQ,2024-07-31,0.019322424428010576
EWQ,2024-08-30,0.03557516477793565
EWQ,2024-09-30,0.013039053665203415
EWQ,2024-10-31,-0.061633614592361274
EWQ,2024-11-29,-0.04378798852912347
EWQ,2024-12-31,-0.0027958392377374075
EWQ,2025-01-31,0.07664419397534328
EWQ,2025-02-28,0.02355695451963613
EWQ,2025-03-31,0.006575612486362736
EWQ,2025-04-30,0.031155737528792304
EWQ,2025-05-30,0.03533146396855158
EWQ,2025-06-30,0.030243602827229044
EWQ,2025-07-31,-0.020093531404873355
EWQ,2025-08-29,0.015498346325763857
EWQ,2025-09-30,0.031462852299387833
EWQ,2025-10-31,0.007967138480301283
EWQ,2025-11-28,0.006549274123226256
EWQ,2025-12-31,0.01454329939065957
EWQ,2026-01-30,0.008001651550603173
EWQ,2026-02-27,0.05556788098776999
EWQ,2026-03-31,-0.0937957088481356
EWQ,2026-04-30,0.044951677642063315
EWQ,2026-05-29,0.014118653036040207
EWQ,2026-06-30,0.011845503013946823
EWQ,2026-07-31,0.024653289112066545
EWQ,2026-08-31,-0.014822741955270446
EWQ,2026-09-21,-0.03576099799000554
EWS,2015-01-30,-0.01542046328616098
EWS,2015-02-27,0.003915072340895831
EWS,2015-03-31,-0.0015597895494761094
EWS,2015-04-30,0.06875005227780484
EWS,2015-05-29,-0.05847936390750763
EWS,2015-06-30,-0.010290388897330915
EWS,2015-07-31,-0.04216415928634054
EWS,2015-08-31,-0.12126234163055283
EWS,2015-09-30,-0.038752394704435034
EWS,2015-10-30,0.0934121540252213
EWS,2015-11-30,-0.054856122294461684
EWS,2015-12-31,0.0024289734304518973
EWS,2016-01-29,-0.08657577197670219
EWS,2016-02-29,0.03301374188758399
EWS,2016-03-31,0.11958767565282913
EWS,2016-04-29,9.20924175218385e-4
EWS,2016-05-31,-0.04139854954434885
EWS,2016-06-30,0.04948133185870596
EWS,2016-07-29,0.00459989861586263
EWS,2016-08-31,-0.0302199156954418
EWS,2016-09-30,0.025495723119888902
EWS,2016-10-31,-0.04696156281864339
EWS,2016-11-30,0.016908343907572565
EWS,2016-12-30,-0.022419010615486568
EWS,2017-01-31,0.09232334115026442
EWS,2017-02-28,0.025264133071772443
EWS,2017-03-31,0.02195331891834673
EWS,2017-04-28,0.007453090620100911
EWS,2017-05-31,0.030896533224378908
EWS,2017-06-30,0.00790119795212263
EWS,2017-07-31,0.05207441214824793
EWS,2017-08-31,-0.003621528360402415
EWS,2017-09-29,-0.013328114312518458
EWS,2017-10-31,0.045026982446242814
EWS,2017-11-30,0.035643885804569564
EWS,2017-12-29,0.005030766947446974
EWS,2018-01-31,0.06131884140191235
EWS,2018-02-28,-0.030159778999928055
EWS,2018-03-29,-7.493366667461476e-4
EWS,2018-04-30,0.04461937946614447
EWS,2018-05-31,-0.051328139438004405
EWS,2018-06-29,-0.07431666695677286
EWS,2018-07-31,0.01792408417846314
EWS,2018-08-31,-0.025389016329648628
EWS,2018-09-28,0.019748060343849128
EWS,2018-10-31,-0.08364253018724765
EWS,2018-11-30,0.03102532422360471
EWS,2018-12-31,-0.01690022245877021
EWS,2019-01-31,0.06606327727864136
EWS,2019-02-28,-0.0038202148681184545
EWS,2019-03-29,0.011077971975145484
EWS,2019-04-30,0.05941849249616071
EWS,2019-05-31,-0.09148773165272883
EWS,2019-06-28,0.10243503133719467
EWS,2019-07-31,-0.021457456240449035
EWS,2019-08-30,-0.05502683307774947
EWS,2019-09-30,0.01576156978997778
EWS,2019-10-31,0.047844831592109394
EWS,2019-11-29,-0.009461129789564704
EWS,2019-12-31,0.031148899389948248
EWS,2020-01-31,-0.05178140369859552
EWS,2020-02-28,-0.0463084453671363
EWS,2020-03-31,-0.20522200923292966
EWS,2020-04-30,0.0674352082957137
EWS,2020-05-29,-0.015118855736071413
EWS,2020-06-30,0.04079401990664433
EWS,2020-07-31,-0.007458776411316981
EWS,2020-08-31,0.0230808931018891
EWS,2020-09-30,-0.01783826667041355
EWS,2020-10-30,-0.03685893042973176
EWS,2020-11-30,0.1730448133603013
EWS,2020-12-31,0.03285743211692704
EWS,2021-01-29,0.0027933765529204457
EWS,2021-02-26,0.024605161211043836
EWS,2021-03-31,0.061169165030406036
EWS,2021-04-30,0.021776310057734616
EWS,2021-05-28,0.0062681035623808334
EWS,2021-06-30,-0.023486252152649878
EWS,2021-07-30,0.010757283747218738
EWS,2021-08-31,-0.01660243143779916
EWS,2021-09-30,-0.014285940898273841
EWS,2021-10-29,0.056214424033021126
EWS,2021-11-30,-0.06528080415274418
EWS,2021-12-31,-0.003988628161923469
EWS,2022-01-31,-0.014025370240532964
EWS,2022-02-28,-0.004741333350921084
EWS,2022-03-31,-0.007146378043000889
EWS,2022-04-29,-0.06285986161690782
EWS,2022-05-31,-0.023041560263432515
EWS,2022-06-30,-0.05982489028380378
EWS,2022-07-29,0.058823327957155946
EWS,2022-08-31,-0.02991429701835302
EWS,2022-09-30,-0.05781948541866466
EWS,2022-10-31,0.00818235149344182
EWS,2022-11-30,0.1142027794550089
EWS,2022-12-30,-0.010685598245139372
EWS,2023-01-31,0.08027619246233209
EWS,2023-02-28,-0.05856303750665326
EWS,2023-03-31,0.03763751808791671
EWS,2023-04-28,0.0015111473161961708
EWS,2023-05-31,-0.05633778796499056
EWS,2023-06-30,0.022881914448850127
EWS,2023-07-31,0.0837384298658641
EWS,2023-08-31,-0.0737786968418801
EWS,2023-09-29,-0.012378883413943775
EWS,2023-10-31,-0.04523160843880247
EWS,2023-11-30,0.02568490050212957
EWS,2023-12-29,0.07177905550426056
EWS,2024-01-31,-0.052406426858665256
EWS,2024-02-29,0.003950249777901815
EWS,2024-03-28,0.0320406130415003
EWS,2024-04-30,0.02450978696576267
EWS,2024-05-31,0.03987230634233363
EWS,2024-06-28,-3.7456985614181537e-4
EWS,2024-07-31,0.032812423705980365
EWS,2024-08-30,0.04034292212351498
EWS,2024-09-30,0.0736791512228201
EWS,2024-10-31,-0.035665887359304205
EWS,2024-11-29,0.06413850943995936
EWS,2024-12-31,-0.013592681748652913
EWS,2025-01-31,0.03340968846383596
EWS,2025-02-28,0.029672197919320853
EWS,2025-03-31,0.021935512089860332
EWS,2025-04-30,0.023989899097550227
EWS,2025-05-30,0.05795310946246057
EWS,2025-06-30,0.027649133808642423
EWS,2025-07-31,0.018860701076631736
EWS,2025-08-29,0.06157917156155346
EWS,2025-09-30,0.008540907729180258
EWS,2025-10-31,0.0038815019651126104
EWS,2025-11-28,-0.002109028603398788
EWS,2025-12-31,-0.0070778688923832656
EWS,2026-01-30,0.02544528633490617
EWS,2026-02-27,0.019851180673930324
EWS,2026-03-31,-0.01911720241132342
EWS,2026-04-30,0.026931287394197145
EWS,2026-05-29,0.017598362898110453
EWS,2026-06-30,0.02216306563955439
EWS,2026-07-31,0.09017217541062417
EWS,2026-08-31,0.058550169179703015
EWS,2026-09-21,-0.029558044356324253
EWT,2015-01-30,0.01941088566867366
EWT,2015-02-27,0.05055831399358057
EWT,2015-03-31,-0.016250088057294887
EWT,2015-04-30,0.04447262894015336
EWT,2015-05-29,-0.006082689679785758
EWT,2015-06-30,-0.03427180681090192
EWT,2015-07-31,-0.06780743890174168
EWT,2015-08-31,-0.09177406169275015
EWT,2015-09-30,-0.014970155431327736
EWT,2015-10-30,0.05623107400399974
EWT,2015-11-30,-0.026618855045965284
EWT,2015-12-31,-0.02677573471014527
EWT,2016-01-29,-0.03445577414501144
EWT,2016-02-29,0.04136267379455916
EWT,2016-03-31,0.07943902037671813
EWT,2016-04-29,-0.05771984860857593
EWT,2016-05-31,0.021439424473738367
EWT,2016-06-30,0.05322323814633867
EWT,2016-07-29,0.0697509392415323
EWT,2016-08-31,0
EWT,2016-09-30,0.04457750663529292
EWT,2016-10-31,0.003821985867644484
EWT,2016-11-30,-0.024746601613988783
EWT,2016-12-30,-0.022008023934751098
EWT,2017-01-31,0.07320394199290114
EWT,2017-02-28,0.0276015412999826
EWT,2017-03-31,0.02593384766692841
EWT,2017-04-28,0.015949418321945297
EWT,2017-05-31,0.01836510072931974
EWT,2017-06-30,0.040139602148366205
EWT,2017-07-31,0.023489943987775153
EWT,2017-08-31,0.024043731000450652
EWT,2017-09-29,-0.036819623930703815
EWT,2017-10-31,0.055401546423404335
EWT,2017-11-30,-0.026246667257193157
EWT,2017-12-29,0.003899896529760971
EWT,2018-01-31,0.06710848659899149
EWT,2018-02-28,-0.051500976283586186
EWT,2018-03-29,0.046111806363712704
EWT,2018-04-30,-0.05320809101383994
EWT,2018-05-31,0.009090964427708625
EWT,2018-06-29,-0.01719906836245022
EWT,2018-07-31,0.05000006726326944
EWT,2018-08-31,0.0034390746560584162
EWT,2018-09-28,-0.006063749247776973
EWT,2018-10-31,-0.12122024486951444
EWT,2018-11-30,0.005131387830959122
EWT,2018-12-31,-0.020243516661793137
EWT,2019-01-31,0.05281469605672662
EWT,2019-02-28,-0.002703708227214441
EWT,2019-03-29,0.04156639366018955
EWT,2019-04-30,0.03643731462391697
EWT,2019-05-31,-0.07700898858912375
EWT,2019-06-28,0.05683183950808979
EWT,2019-07-31,0.008867456542733354
EWT,2019-08-30,-0.010490495192826743
EWT,2019-09-30,0.04183384542554025
EWT,2019-10-31,0.06765665903514262
EWT,2019-11-29,0.016228777559144536
EWT,2019-12-31,0.06889629520567397
EWT,2020-01-31,-0.07707261527638953
EWT,2020-02-28,-0.01422555684132265
EWT,2020-03-31,-0.11892024486211117
EWT,2020-04-30,0.12314208561994988
EWT,2020-05-29,0.004050816012560965
EWT,2020-06-30,0.08176441860074957
EWT,2020-07-31,0.10890094534456818
EWT,2020-08-31,-0.01457385869350436
EWT,2020-09-30,0.021615413170965825
EWT,2020-10-30,0.005790503637760569
EWT,2020-11-30,0.09521706891435988
EWT,2020-12-31,0.09356265990780144
EWT,2021-01-29,0.042577274070490834
EWT,2021-02-26,0.05619802269975027
EWT,2021-03-31,0.02583401367812499
EWT,2021-04-30,0.07638434233564917
EWT,2021-05-28,-0.03377760915967565
EWT,2021-06-30,0.025497179648221957
EWT,2021-07-30,-0.005629463567088044
EWT,2021-08-31,0.021544297201701035
EWT,2021-09-30,-0.04541253292262093
EWT,2021-10-29,0.016287747089125393
EWT,2021-11-30,0.026499502381865492
EWT,2021-12-31,0.05751353502472778
EWT,2022-01-31,-0.025822105952998275
EWT,2022-02-28,-0.014948225126319215
EWT,2022-03-31,-0.03864202126153382
EWT,2022-04-29,-0.09015461565349125
EWT,2022-05-31,0.02056874125633379
EWT,2022-06-30,-0.11636880261814975
EWT,2022-07-29,0.017255136049777464
EWT,2022-08-31,-0.020666844995783973
EWT,2022-09-30,-0.14194709820459006
EWT,2022-10-31,-0.0334106051785521
EWT,2022-11-30,0.21987513673818748
EWT,2022-12-30,-0.06806711938150856
EWT,2023-01-31,0.11578685095091124
EWT,2023-02-28,-0.024994422573943798
EWT,2023-03-31,0.037537207833536534
EWT,2023-04-28,-0.031105240104900678
EWT,2023-05-31,0.05191261330483665
EWT,2023-06-30,0.017748873388894193
EWT,2023-07-31,0.01829018391065751
EWT,2023-08-31,-0.047619084511413834
EWT,2023-09-29,-0.023026373321543336
EWT,2023-10-31,-0.023120077544657835
EWT,2023-11-30,0.11902578249490614
EWT,2023-12-29,0.06375842696308265
EWT,2024-01-31,-0.029980375101745005
EWT,2024-02-29,0.037626002471953024
EWT,2024-03-28,0.05072305377506803
EWT,2024-04-30,-0.03122431660970748
EWT,2024-05-31,0.06700594575611385
EWT,2024-06-28,0.0769077664040545
EWT,2024-07-31,-0.019376251932709976
EWT,2024-08-30,0.012419927457129276
EWT,2024-09-30,0.0013011448481832222
EWT,2024-10-31,0.006497193872107676
EWT,2024-11-29,-0.01973436308574672
EWT,2024-12-31,0.005569296377911037
EWT,2025-01-31,-0.0059890939196366455
EWT,2025-02-28,-0.012439272437150706
EWT,2025-03-31,-0.06553834969193484
EWT,2025-04-30,0
EWT,2025-05-30,0.10320140882021889
EWT,2025-06-30,0.09583811542545306
EWT,2025-07-31,0.016724719106200325
EWT,2025-08-29,0.007882073477095242
EWT,2025-09-30,0.08160494108543026
EWT,2025-10-31,0.04762651672500673
EWT,2025-11-28,-0.032107965462861876
EWT,2025-12-31,0.030053054448489158
EWT,2026-01-30,0.07130487748054404
EWT,2026-02-27,0.11181311906160452
EWT,2026-03-31,-0.0627725666042025
EWT,2026-04-30,0.267343479610733
EWT,2026-05-29,0.1435247209621866
EWT,2026-06-30,0.05672311636793892
EWT,2026-07-31,-0.11103947602265563
EWT,2026-08-31,0.11890207524265906
EWT,2026-09-21,0.07044340179896369
EWU,2015-01-30,0.010078662549546147
EWU,2015-02-27,0.05875818287082013
EWU,2015-03-31,-0.057068052526841995
EWU,2015-04-30,0.06662942408252603
EWU,2015-05-29,0.0062468657814542805
EWU,2015-06-30,-0.03865868919022131
EWU,2015-07-31,0.015890324375636977
EWU,2015-08-31,-0.07982738442958781
EWU,2015-09-30,-0.039273004173416615
EWU,2015-10-30,0.06589326729064049
EWU,2015-11-30,-0.01659946852110117
EWU,2015-12-31,-0.041655512359057734
EWU,2016-01-29,-0.04832695805142473
EWU,2016-02-29,-0.031250171641580504
EWU,2016-03-31,0.0537635534897738
EWU,2016-04-29,0.04017837886293818
EWU,2016-05-31,-0.011649159130654119
EWU,2016-06-30,-0.02279649062861311
EWU,2016-07-29,0.014964010360949409
EWU,2016-08-31,0.01089747499690108
EWU,2016-09-30,0.004438797596509447
EWU,2016-10-31,-0.053030357079785095
EWU,2016-11-30,0.002000154959922007
EWU,2016-12-30,0.03509426770760937
EWU,2017-01-31,0.024763759861462065
EWU,2017-02-28,0.014626322672607328
EWU,2017-03-31,0.02005649992836811
EWU,2017-04-28,0.01689692295256129
EWU,2017-05-31,0.04561969020728118
EWU,2017-06-30,-0.015742819305888056
EWU,2017-07-31,0.023702441868760582
EWU,2017-08-31,-0.008206447734929956
EWU,2017-09-29,0.029846517991116706
EWU,2017-10-31,0.006025814033131294
EWU,2017-11-30,-0.001140829761823614
EWU,2017-12-29,0.04213403269515492
EWU,2018-01-31,0.03740932982747536
EWU,2018-02-28,-0.06700756432621902
EWU,2018-03-29,0.0023075367310310124
EWU,2018-04-30,0.043165507023271044
EWU,2018-05-31,-0.006069011657682033
EWU,2018-06-29,-0.01188203353724071
EWU,2018-07-31,0.009488246280595858
EWU,2018-08-31,-0.04386225725098569
EWU,2018-09-28,0.016383685798977643
EWU,2018-10-31,-0.0677023282141781
EWU,2018-11-30,-0.011945836989041947
EWU,2018-12-31,-0.04581657678312523
EWU,2019-01-31,0.07291309366868193
EWU,2019-02-28,0.03429664187458381
EWU,2019-03-29,0.013509324998481231
EWU,2019-04-30,0.022720301424717038
EWU,2019-05-31,-0.061315048835348995
EWU,2019-06-28,0.04596488200787796
EWU,2019-07-31,-0.02413365978103532
EWU,2019-08-30,-0.03804685865579904
EWU,2019-09-30,0.03592605802742366
EWU,2019-10-31,0.03499833688051157
EWU,2019-11-29,0.012296372386848553
EWU,2019-12-31,0.05404529778180023
EWU,2020-01-31,-0.04281538574351884
EWU,2020-02-28,-0.10232846127341999
EWU,2020-03-31,-0.18498291225814056
EWU,2020-04-30,0.05737032908797435
EWU,2020-05-29,0.01900974904646402
EWU,2020-06-30,0.01646733401897449
EWU,2020-07-31,0.006599375612418079
EWU,2020-08-31,0.027381408832997334
EWU,2020-09-30,-0.043168252323220635
EWU,2020-10-30,-0.04511563651057027
EWU,2020-11-30,0.16105195095620828
EWU,2020-12-31,0.04829705486749725
EWU,2021-01-29,-0.0023899139450705986
EWU,2021-02-26,0.03935662047058308
EWU,2021-03-31,0.03095170919257373
EWU,2021-04-30,0.0389649890893935
EWU,2021-05-28,0.038733655844475745
EWU,2021-06-30,-0.01585077636811605
EWU,2021-07-30,0.0027523237528914724
EWU,2021-08-31,0.006709231750196887
EWU,2021-09-30,-0.023023237687564646
EWU,2021-10-29,0.04434108466958109
EWU,2021-11-30,-0.048693608685559164
EWU,2021-12-31,0.062484988369784666
EWU,2022-01-31,0.022631398113155843
EWU,2022-02-28,-0.011802890451060533
EWU,2022-03-31,0.004478881078171071
EWU,2022-04-29,-0.039833435997001065
EWU,2022-05-31,0.026934827061765088
EWU,2022-06-30,-0.08055529610057188
EWU,2022-07-29,0.031708961979536765
EWU,2022-08-31,-0.06470388403022453
EWU,2022-09-30,-0.0933933801995167
EWU,2022-10-31,0.06982073605138917
EWU,2022-11-30,0.12446491279386906
EWU,2022-12-30,-0.012873408321117275
EWU,2023-01-31,0.062296060625765426
EWU,2023-02-28,-0.008903873048003663
EWU,2023-03-31,-6.196514893316296e-4
EWU,2023-04-28,0.0517669561994194
EWU,2023-05-31,-0.05982907578101182
EWU,2023-06-30,0.03379488479399262
EWU,2023-07-31,0.02936629988726791
EWU,2023-08-31,-0.039038909226813634
EWU,2023-09-29,-0.011250045519099805
EWU,2023-10-31,-0.036030330812535816
EWU,2023-11-30,0.06196714997505359
EWU,2023-12-29,0.04369119749823569
EWU,2024-01-31,-0.018759500445363342
EWU,2024-02-29,0.00986746004828798
EWU,2024-03-28,0.04458019141021308
EWU,2024-04-30,0.014323430791602254
EWU,2024-05-31,0.04668569091386088
EWU,2024-06-28,-0.02108570556746625
EWU,2024-07-31,0.03956413189748198
EWU,2024-08-30,0.03502488761928757
EWU,2024-09-30,-0.0031974444969006255
EWU,2024-10-31,-0.049719364610724126
EWU,2024-11-29,0.007032393022486483
EWU,2024-12-31,-0.03326316611037905
EWU,2025-01-31,0.0504425295694475
EWU,2025-02-28,0.04015732216854406
EWU,2025-03-31,0.011609093335211096
EWU,2025-04-30,0.016813307483617423
EWU,2025-05-30,0.047769039352071996
EWU,2025-06-30,0.015362614381773554
EWU,2025-07-31,0.0022658572773053276
EWU,2025-08-29,0.04144687025597649
EWU,2025-09-30,0.012301119580820696
EWU,2025-10-31,0.016678446265716795
EWU,2025-11-28,0.011249164529868905
EWU,2025-12-31,0.03892130322479104
EWU,2026-01-30,0.04956794123810804
EWU,2026-02-27,0.054592742253543936
EWU,2026-03-31,-0.06409203434874378
EWU,2026-04-30,0.03489905742998323
EWU,2026-05-29,-0.00466594050538105
EWU,2026-06-30,-0.002750340061681844
EWU,2026-07-31,0.049198103333155885
EWU,2026-08-31,-8.26294477451528e-4
EWU,2026-09-21,-0.014058307219178667
EWW,2015-01-30,-0.028161660148322
EWW,2015-02-27,0.07039988806027675
EWW,2015-03-31,-0.037369065108684874
EWW,2015-04-30,0.011387071187785036
EWW,2015-05-29,-0.0018766818451403378
EWW,2015-06-30,-0.016972579760742068
EWW,2015-07-31,-0.013482826528256497
EWW,2015-08-31,-0.061945386226489596
EWW,2015-09-30,-0.024408655707818694
EWW,2015-10-30,0.06128815484583927
EWW,2015-11-30,-0.020650898812383356
EWW,2015-12-31,-0.05640262335925972
EWW,2016-01-29,-0.028898022724976102
EWW,2016-02-29,0.0018596526137792946
EWW,2016-03-31,0.10767351826511873
EWW,2016-04-29,0.006331447563834747
EWW,2016-05-31,-0.07698016718363643
EWW,2016-06-30,0.021753595195341813
EWW,2016-07-29,-0.013698715147656193
EWW,2016-08-31,0.015901607958084707
EWW,2016-09-30,-0.0394294916034047
EWW,2016-10-31,0.04847371338414552
EWW,2016-11-30,-0.1320084189269285
EWW,2016-12-30,0.0011217732992314655
EWW,2017-01-31,0.01910382058438498
EWW,2017-02-28,0.028341712951782005
EWW,2017-03-31,0.11046030836288079
EWW,2017-04-28,0.01152998874308464
EWW,2017-05-31,-0.0027046646136675845
EWW,2017-06-30,0.05630812863124546
EWW,2017-07-31,0.04375242426378012
EWW,2017-08-31,0.003019587177572447
EWW,2017-09-29,-0.03293808576432988
EWW,2017-10-31,-0.07837378526980943
EWW,2017-11-30,-0.0027816807300773405
EWW,2017-12-29,-0.007988353530399395
EWW,2018-01-31,0.07750048135908716
EWW,2018-02-28,-0.06025235846049315
EWW,2018-03-29,0.032258255224425714
EWW,2018-04-30,0.0015526365575164736
EWW,2018-05-31,-0.13410850126159457
EWW,2018-06-29,0.06863796512579601
EWW,2018-07-31,0.10267286876364823
EWW,2018-08-31,-0.03155060433702639
EWW,2018-09-28,0.017679865992683563
EWW,2018-10-31,-0.17860624301838335
EWW,2018-11-30,-0.04158729906529324
EWW,2018-12-31,0.03074383167743866
EWW,2019-01-31,0.09276364697882444
EWW,2019-02-28,-0.03199988729990877
EWW,2019-03-29,6.884538395448558e-4
EWW,2019-04-30,0.05872945827230258
EWW,2019-05-31,-0.06998944239895266
EWW,2019-06-28,0.031230538299744204
EWW,2019-07-31,-0.048639969968913954
EWW,2019-08-30,0.005815575410189622
EWW,2019-09-30,0.029149464000653325
EWW,2019-10-31,0.0372190243690127
EWW,2019-11-29,-0.017828931954083416
EWW,2019-12-31,0.044606168105288946
EWW,2020-01-31,0.01843225425717865
EWW,2020-02-28,-0.09245527663545017
EWW,2020-03-31,-0.31883707967893726
EWW,2020-04-30,0.03245141788801509
EWW,2020-05-29,0.08951154026662023
EWW,2020-06-30,0.003451216844317484
EWW,2020-07-31,0.020388860698305145
EWW,2020-08-31,0.011681739190366747
EWW,2020-09-30,0.01367349193087053
EWW,2020-10-30,0.02398087537447302
EWW,2020-11-30,0.187646422703446
EWW,2020-12-31,0.07195557660314522
EWW,2021-01-29,-0.0651314520016758
EWW,2021-02-26,0.011694497363834211
EWW,2021-03-31,0.07796367891812106
EWW,2021-04-30,0.03718926859904581
EWW,2021-05-28,0.058292777616706815
EWW,2021-06-30,0.005359478107340054
EWW,2021-07-30,0.021462776554781016
EWW,2021-08-31,0.042635701850182395
EWW,2021-09-30,-0.05576213564229271
EWW,2021-10-29,0.0018650080468922692
EWW,2021-11-30,-0.06287474253744951
EWW,2021-12-31,0.1322464408674262
EWW,2022-01-31,-0.040513777634084036
EWW,2022-02-28,0.03686914999160318
EWW,2022-03-31,0.09197469510179213
EWW,2022-04-29,-0.10078241391699594
EWW,2022-05-31,0.05340901204713555
EWW,2022-06-30,-0.09169390837537184
EWW,2022-07-29,0.004507282207376839
EWW,2022-08-31,-0.054487178889949583
EWW,2022-09-30,-4.518900651782065e-4
EWW,2022-10-31,0.14334151559065056
EWW,2022-11-30,0.06584944121983027
EWW,2022-12-30,-0.06376360456443553
EWW,2023-01-31,0.16582396100864072
EWW,2023-02-28,-1.7335442441768212e-4
EWW,2023-03-31,0.032789607308982394
EWW,2023-04-28,0.02267776486640316
EWW,2023-05-31,-0.016918704008478058
EWW,2023-06-30,0.04661387060044975
EWW,2023-07-31,0.045834616265584716
EWW,2023-08-31,-0.05182215338896157
EWW,2023-09-29,-0.05562765101572287
EWW,2023-10-31,-0.058904362326526516
EWW,2023-11-30,0.1540146468990855
EWW,2023-12-29,0.08915017202483622
EWW,2024-01-31,-0.017538663343269367
EWW,2024-02-29,-0.02130219734692773
EWW,2024-03-28,0.06238497375009566
EWW,2024-04-30,-0.05525880023268359
EWW,2024-05-31,-0.008857696534388948
EWW,2024-06-28,-0.12049708186248365
EWW,2024-07-31,-0.0015896889661326519
EWW,2024-08-30,-0.06157114690140242
EWW,2024-09-30,0.01263187351423678
EWW,2024-10-31,-0.03332713569661305
EWW,2024-11-29,-0.03177962618514074
EWW,2024-12-31,-0.039103677466456044
EWW,2025-01-31,0.04613414383179437
EWW,2025-02-28,0.03144150279352753
EWW,2025-03-31,0.0087093234384239
EWW,2025-04-30,0.11793572580378209
EWW,2025-05-30,0.05616987526899919
EWW,2025-06-30,0.02465572340071609
EWW,2025-07-31,-0.0069353451145560685
EWW,2025-08-29,0.029930111032538287
EWW,2025-09-30,0.10122697198295083
EWW,2025-10-31,-0.0246298557966258
EWW,2025-11-28,0.028408249952087017
EWW,2025-12-31,0.03274489536918046
EWW,2026-01-30,0.08351363350706764
EWW,2026-02-27,0.07747602706161816
EWW,2026-03-31,-0.07054605722578033
EWW,2026-04-30,0.01608399898492885
EWW,2026-05-29,0.026033429942120767
EWW,2026-06-30,-0.02616788075838916
EWW,2026-07-31,0.020459691566482974
EWW,2026-08-31,-0.0011716747917088766
EWW,2026-09-21,-0.03936397581346729
EWY,2015-01-30,0.01718153163008851
EWY,2015-02-27,0.017609955178128134
EWY,2015-03-31,0.010771806586561627
EWY,2015-04-30,0.06865823953443329
EWY,2015-05-29,-0.055092363117571264
EWY,2015-06-30,-0.046539891475490536
EWY,2015-07-31,-0.07131188861385118
EWY,2015-08-31,-0.06525979497546441
EWY,2015-09-30,0.01964876366637136
EWY,2015-10-30,0.11480121364585516
EWY,2015-11-30,-0.028687059886765676
EWY,2015-12-31,-0.03697954938214365
EWY,2016-01-29,-0.038856289480274975
EWY,2016-02-29,-0.024088860219486974
EWY,2016-03-31,0.13371979069238948
EWY,2016-04-29,-0.010791581835210007
EWY,2016-05-31,-0.047655431596694386
EWY,2016-06-30,0.04642269358027851
EWY,2016-07-29,0.06894583435936696
EWY,2016-08-31,0.012396768097503452
EWY,2016-09-30,0.03158813573166186
EWY,2016-10-31,-0.04782381809054104
EWY,2016-11-30,-0.03775977492035021
EWY,2016-12-30,0.011270169621753645
EWY,2017-01-31,0.08756110577947518
EWY,2017-02-28,0.011748508547887893
EWY,2017-03-31,0.05652331559169954
EWY,2017-04-28,0.0037173791152755875
EWY,2017-05-31,0.0904993424110423
EWY,2017-06-30,0.0013288544746032915
EWY,2017-07-31,0.02787199852836375
EWY,2017-08-31,-0.017647064970936266
EWY,2017-09-29,0.008616978277666831
EWY,2017-10-31,0.08253701261434254
EWY,2017-11-30,0.00521654152260842
EWY,2017-12-29,0.02666618687812261
EWY,2018-01-31,0.044174412469409896
EWY,2018-02-28,-0.07860420334376461
EWY,2018-03-29,0.04660832178174279
EWY,2018-04-30,0.0019880377857268705
EWY,2018-05-31,-0.04576713694384593
EWY,2018-06-29,-0.061408316112441796
EWY,2018-07-31,-0.0066459420241969935
EWY,2018-08-31,8.920848195113074e-4
EWY,2018-09-28,0.014111616451851328
EWY,2018-10-31,-0.14647709747941162
EWY,2018-11-30,0.040329388094872964
EWY,2018-12-31,-0.015716152638688974
EWY,2019-01-31,0.09955821918315744
EWY,2019-02-28,-0.027039638098529273
EWY,2019-03-29,-0.03207875816368744
EWY,2019-04-30,0.00869565092941671
EWY,2019-05-31,-0.09612878464879271
EWY,2019-06-28,0.07737980778664233
EWY,2019-07-31,-0.07466166919818318
EWY,2019-08-30,-0.03862826170184974
EWY,2019-09-30,0.057829584682003166
EWY,2019-10-31,0.045970863771468196
EWY,2019-11-29,-0.007805836659159904
EWY,2019-12-31,0.08685882995324468
EWY,2020-01-31,-0.07300197812192488
EWY,2020-02-28,-0.04666092483304052
EWY,2020-03-31,-0.1462882372461487
EWY,2020-04-30,0.10017052062690102
EWY,2020-05-29,0.03758239650205564
EWY,2020-06-30,0.06665412862753106
EWY,2020-07-31,0.054787309389514594
EWY,2020-08-31,0.04663126557828501
EWY,2020-09-30,0.035991732852571845
EWY,2020-10-30,-0.006733887303919661
EWY,2020-11-30,0.1775037258368113
EWY,2020-12-31,0.13468635593176792
EWY,2021-01-29,0.023823360114165526
EWY,2021-02-26,-0.0014754013555153822
EWY,2021-03-31,0.019665679879066422
EWY,2021-04-30,0.0095875276012094
EWY,2021-05-28,0.016232320266350353
EWY,2021-06-30,0.012495806027446266
EWY,2021-07-30,-0.04754227829357127
EWY,2021-08-31,-0.023211222940085707
EWY,2021-09-30,-0.0695581484932043
EWY,2021-10-29,-0.014505516341286051
EWY,2021-11-30,-0.04730141824433798
EWY,2021-12-31,0.050095249814030796
EWY,2022-01-31,-0.07037380836015272
EWY,2022-02-28,2.762737670209958e-4
EWY,2022-03-31,-0.016296108422453104
EWY,2022-04-29,-0.06443920112346457
EWY,2022-05-31,0.021008582753409444
EWY,2022-06-30,-0.1447678710433291
EWY,2022-07-29,0.04055683864042936
EWY,2022-08-31,-0.043600380601384936
EWY,2022-09-30,-0.18217918179142834
EWY,2022-10-31,0.09396113744291656
EWY,2022-11-30,0.17158840288735022
EWY,2022-12-30,-0.05824375343607313
EWY,2023-01-31,0.12376056201809815
EWY,2023-02-28,-0.078304700623126
EWY,2023-03-31,0.046495803322247564
EWY,2023-04-28,-0.008984128405737923
EWY,2023-05-31,0.03477843214824161
EWY,2023-06-30,0.00955715684619629
EWY,2023-07-31,0.0661091455442675
EWY,2023-08-31,-0.075773240892132
EWY,2023-09-29,-0.056204974247375805
EWY,2023-10-31,-0.06769590914874224
EWY,2023-11-30,0.14722476293673203
EWY,2023-12-29,0.06662853079157727
EWY,2024-01-31,-0.09247670242682848
EWY,2024-02-29,0.07802257244480204
EWY,2024-03-28,0.046794582848377564
EWY,2024-04-30,-0.06049771110875457
EWY,2024-05-31,-0.013798622842371766
EWY,2024-06-28,0.06288196279155023
EWY,2024-07-31,0.00696026340038336
EWY,2024-08-30,-0.01577756050279211
EWY,2024-09-30,-0.023511581503299794
EWY,2024-10-31,-0.06332078940518127
EWY,2024-11-29,-0.041395435341109565
EWY,2024-12-31,-0.0926886843459267
EWY,2025-01-31,0.06052275167490495
EWY,2025-02-28,0.012970107590991597
EWY,2025-03-31,-0.011523626923916064
EWY,2025-04-30,0.03978528585055341
EWY,2025-05-30,0.07901765199947253
EWY,2025-06-30,0.18390234789431115
EWY,2025-07-31,0.0143493440053033
EWY,2025-08-29,-0.007828610114752887
EWY,2025-09-30,0.10880399989503964
EWY,2025-10-31,0.21098634449259945
EWY,2025-11-28,-0.0631958352660974
EWY,2025-12-31,0.0939099269242738
EWY,2026-01-30,0.25910308707177854
EWY,2026-02-27,0.2365819017130082
EWY,2026-03-31,-0.1873554462296264
EWY,2026-04-30,0.30688555170333465
EWY,2026-05-29,0.2803558650426692
EWY,2026-06-30,-0.01909346499348552
EWY,2026-07-31,-0.22189197200242627
EWY,2026-08-31,0.1512412067710558
EWY,2026-09-21,0.045891866768482004
EWZ,2015-01-30,-0.02969485013076778
EWZ,2015-02-27,0.03118611883284106
EWZ,2015-03-31,-0.11334072910894566
EWZ,2015-04-30,0.15428758188281866
EWZ,2015-05-29,-0.10880981643553
EWZ,2015-06-30,0.03416685901874783
EWZ,2015-07-31,-0.12450440441234822
EWZ,2015-08-31,-0.13279881835948126
EWZ,2015-09-30,-0.11776505705640727
EWZ,2015-10-30,0.04191351388655851
EWZ,2015-11-30,-0.01530410529876014
EWZ,2015-12-31,-0.07150980886056124
EWZ,2016-01-29,-0.04110252540744175
EWZ,2016-02-29,0.03328263255168529
EWZ,2016-03-31,0.28355276887326086
EWZ,2016-04-29,0.12205359216654643
EWZ,2016-05-31,-0.13791949544245474
EWZ,2016-06-30,0.1951076536226044
EWZ,2016-07-29,0.10139142178981198
EWZ,2016-08-31,0.008423902033530384
EWZ,2016-09-30,0.006264744881594009
EWZ,2016-10-31,0.11947823738830676
EWZ,2016-11-30,-0.11308272992359825
EWZ,2016-12-30,0.008151180056677143
EWZ,2017-01-31,0.10587876103977978
EWZ,2017-02-28,0.023324874840634058
EWZ,2017-03-31,-0.007155724266191821
EWZ,2017-04-28,-0.007741928753660976
EWZ,2017-05-31,-0.053806734496140485
EWZ,2017-06-30,-0.021385401472019394
EWZ,2017-07-31,0.10720548985517486
EWZ,2017-08-31,0.05820117459062302
EWZ,2017-09-29,0.04224994166142926
EWZ,2017-10-31,-0.03645945180729393
EWZ,2017-11-30,-0.03659448772635321
EWZ,2017-12-29,0.05635516604234603
EWZ,2018-01-31,0.15179239886436635
EWZ,2018-02-28,-0.02382506022570252
EWZ,2018-03-29,-0.013192627389767453
EWZ,2018-04-30,-0.05748652607318472
EWZ,2018-05-31,-0.15791959419499724
EWZ,2018-06-29,-0.08531219979870153
EWZ,2018-07-31,0.1263652774945614
EWZ,2018-08-31,-0.10110800324015701
EWZ,2018-09-28,0.0394451125034867
EWZ,2018-10-31,0.19033483565994902
EWZ,2018-11-30,-0.008717370296587923
EWZ,2018-12-31,-0.025416947036897564
EWZ,2019-01-31,0.18769620536346365
EWZ,2019-02-28,-0.05223734460935425
EWZ,2019-03-29,-0.04674413524144205
EWZ,2019-04-30,0.00975844145647864
EWZ,2019-05-31,0.006281531817199815
EWZ,2019-06-28,0.06306371768397523
EWZ,2019-07-31,0.01784084753686499
EWZ,2019-08-30,-0.07887615654127544
EWZ,2019-09-30,0.02781149119895643
EWZ,2019-10-31,0.058628104942836545
EWZ,2019-11-29,-0.04775778097022021
EWZ,2019-12-31,0.13387375309184169
EWZ,2020-01-31,-0.07776607990592
EWZ,2020-02-28,-0.12340024858372833
EWZ,2020-03-31,-0.38581866850489244
EWZ,2020-04-30,0.04711371007744369
EWZ,2020-05-29,0.10214851401488678
EWZ,2020-06-30,0.07031496531569714
EWZ,2020-07-31,0.13143274005786987
EWZ,2020-08-31,-0.08358928026259593
EWZ,2020-09-30,-0.07243464944275091
EWZ,2020-10-30,-0.028922773405498092
EWZ,2020-11-30,0.23790022278146128
EWZ,2020-12-31,0.12323426283324679
EWZ,2021-01-29,-0.07769090056849648
EWZ,2021-02-26,-0.06697876757501864
EWZ,2021-03-31,0.04858962553053536
EWZ,2021-04-30,0.0630790164877939
EWZ,2021-05-28,0.09420708917339082
EWZ,2021-06-30,0.05789157183488314
EWZ,2021-07-30,-0.0774544633984211
EWZ,2021-08-31,-0.026738028321750984
EWZ,2021-09-30,-0.11730746166565686
EWZ,2021-10-29,-0.08745734143672546
EWZ,2021-11-30,-0.011255188859450427
EWZ,2021-12-31,0.04132809916295499
EWZ,2022-01-31,0.12646967637753925
EWZ,2022-02-28,0.04016441887870226
EWZ,2022-03-31,0.1495896918900974
EWZ,2022-04-29,-0.13329812382986117
EWZ,2022-05-31,0.07567878079229029
EWZ,2022-06-30,-0.18660381318548647
EWZ,2022-07-29,0.05951072736906515
EWZ,2022-08-31,0.051688454929232464
EWZ,2022-09-30,-0.02916129751494345
EWZ,2022-10-31,0.10259877678794882
EWZ,2022-11-30,-0.03642488981298919
EWZ,2022-12-30,-0.04520121757482254
EWZ,2023-01-31,0.08473360486028425
EWZ,2023-02-28,-0.10118636095421452
EWZ,2023-03-31,0.0040336873377953
EWZ,2023-04-28,0.032505476432866276
EWZ,2023-05-31,0.01945518050066286
EWZ,2023-06-30,0.15306629051452303
EWZ,2023-07-31,0.044403228049379795
EWZ,2023-08-31,-0.08916434432392961
EWZ,2023-09-29,-0.005834605965810424
EWZ,2023-10-31,-0.02934476045258294
EWZ,2023-11-30,0.1424251952159128
EWZ,2023-12-29,0.06437730883050419
EWZ,2024-01-31,-0.058352296109388746
EWZ,2024-02-29,0.0027337999839771587
EWZ,2024-03-28,-0.01787330068612314
EWZ,2024-04-30,-0.04287476726266237
EWZ,2024-05-31,-0.0460844720178919
EWZ,2024-06-28,-0.0462187919970527
EWZ,2024-07-31,0.016099539489115244
EWZ,2024-08-30,0.07562118489078506
EWZ,2024-09-30,-0.012721815796811087
EWZ,2024-10-31,-0.05798567640640495
EWZ,2024-11-29,-0.08135355056504856
EWZ,2024-12-31,-0.07714686384688696
EWZ,2025-01-31,0.12527757600725975
EWZ,2025-02-28,-0.048164121802743654
EWZ,2025-03-31,0.07216917769422415
EWZ,2025-04-30,0.04603473385413581
EWZ,2025-05-30,0.006287025118969947
EWZ,2025-06-30,0.08003812557939138
EWZ,2025-07-31,-0.0797227406341825
EWZ,2025-08-29,0.11111121119784384
EWZ,2025-09-30,0.05084746106229865
EWZ,2025-10-31,0.005483836603926262
EWZ,2025-11-28,0.07828045156241203
EWZ,2025-12-31,-0.021623591248216667
EWZ,2026-01-30,0.1658798070614631
EWZ,2026-02-27,0.04562628811127678
EWZ,2026-03-31,-0.008778679010059909
EWZ,2026-04-30,0.03412344467331385
EWZ,2026-05-29,-0.0954660288276935
EWZ,2026-06-30,-0.03011865431382632
EWZ,2026-07-31,0.06231888480808423
EWZ,2026-08-31,-0.01691685459124037
EWZ,2026-09-21,0.05661951109195007
EZA,2015-01-30,0.064084669905488445
EZA,2015-02-27,0.013021257884313187
EZA,2015-03-31,-0.021034229124524906
EZA,2015-04-30,0.0547601081667628
EZA,2015-05-29,-0.08035082162858587
EZA,2015-06-30,0.015388522409884198
EZA,2015-07-31,-0.048288687410361075
EZA,2015-08-31,-0.07675016806971668
EZA,2015-09-30,-0.06643472487110769
EZA,2015-10-30,0.061102718311013327
EZA,2015-11-30,-0.06267552567015156
EZA,2015-12-31,-0.10933668326725654
EZA,2016-01-29,-0.01883967800343489
EZA,2016-02-29,-0.022474474702812053
EZA,2016-03-31,0.1832591589761181
EZA,2016-04-29,0.0507449597273022
EZA,2016-05-31,-0.09766602812852565
EZA,2016-06-30,0.08465540235730806
EZA,2016-07-29,0.0922668006630667
EZA,2016-08-31,-0.0907045322950919
EZA,2016-09-30,0.06738997873843489
EZA,2016-10-31,-0.013732626046954022
EZA,2016-11-30,-0.08065103987043387
EZA,2016-12-30,0.04096526678696444
EZA,2017-01-31,0.04774653060169065
EZA,2017-02-28,0.002369546255175603
EZA,2017-03-31,0.003637215190832377
EZA,2017-04-28,0.059611959311540064
EZA,2017-05-31,0.01692916499707997
EZA,2017-06-30,-0.038518850148706485
EZA,2017-07-31,0.06047275072695446
EZA,2017-08-31,0.039401265725589774
EZA,2017-09-29,-0.0603007289459071
EZA,2017-10-31,0.019744602096322117
EZA,2017-11-30,0.06860272434102788
EZA,2017-12-29,0.10358011280059709
EZA,2018-01-31,0.030718704242715056
EZA,2018-02-28,-0.010812389171237613
EZA,2018-03-29,-0.03727573614023527
EZA,2018-04-30,-0.041630263656233346
EZA,2018-05-31,-0.05482980256816283
EZA,2018-06-29,-0.06113823834373333
EZA,2018-07-31,0.06306459196363234
EZA,2018-08-31,-0.10328476177487844
EZA,2018-09-28,-0.022234352570865257
EZA,2018-10-31,-0.10027950414242759
EZA,2018-11-30,0.09467544503378522
EZA,2018-12-31,-0.024432910656419504
EZA,2019-01-31,0.1417244487807796
EZA,2019-02-28,-0.06788182563267642
EZA,2019-03-29,-0.025330619845450597
EZA,2019-04-30,0.081979874653062
EZA,2019-05-31,-0.0664077673486071
EZA,2019-06-28,0.06051948009164776
EZA,2019-07-31,-0.054691722652896124
EZA,2019-08-30,-0.07352938277024879
EZA,2019-09-30,-0.008980704626077918
EZA,2019-10-31,0.04531080073163829
EZA,2019-11-29,-0.0010084349719222674
EZA,2019-12-31,0.09053670999682861
EZA,2020-01-31,-0.08950059120569609
EZA,2020-02-28,-0.0980743947146816
EZA,2020-03-31,-0.2954319326837048
EZA,2020-04-30,0.10394670243881854
EZA,2020-05-29,0.07149660016797843
EZA,2020-06-30,0.06861521322891595
EZA,2020-07-31,0.06498280578037474
EZA,2020-08-31,-0.009592287273533229
EZA,2020-09-30,-0.006456884134801388
EZA,2020-10-30,0.0029787917164618705
EZA,2020-11-30,0.10934108202286308
EZA,2020-12-31,0.1117878487337447
EZA,2021-01-29,0.002052958143630823
EZA,2021-02-26,0.052811383034501835
EZA,2021-03-31,0.06767577046962692
EZA,2021-04-30,-0.0010126507278077623
EZA,2021-05-28,0.07622130038006758
EZA,2021-06-30,-0.07111741853119335
EZA,2021-07-30,-0.009210166623626836
EZA,2021-08-31,0.020863560769228906
EZA,2021-09-30,-0.04836115165623178
EZA,2021-10-29,0
EZA,2021-11-30,-0.0455026524139196
EZA,2021-12-31,0.04415971778082972
EZA,2022-01-31,0.09331891782968382
EZA,2022-02-28,0.03804454152716663
EZA,2022-03-31,0.054500516512615116
EZA,2022-04-29,-0.1366828168063552
EZA,2022-05-31,0.008969347140938222
EZA,2022-06-30,-0.10266955558220658
EZA,2022-07-29,-9.414707522330534e-4
EZA,2022-08-31,-0.061484117910334146
EZA,2022-09-30,-0.09538149551251451
EZA,2022-10-31,0.05410670144665031
EZA,2022-11-30,0.17004447385944155
EZA,2022-12-30,-0.031019906517872897
EZA,2023-01-31,0.0650789468569195
EZA,2023-02-28,-0.0927607237066087
EZA,2023-03-31,0.030258803692814862
EZA,2023-04-28,0.01729027292255747
EZA,2023-05-31,-0.13760178253111832
EZA,2023-06-30,0.09286355309560745
EZA,2023-07-31,0.12116626119790674
EZA,2023-08-31,-0.12309429142357853
EZA,2023-09-29,-0.03809752855922277
EZA,2023-10-31,-0.006113864764761501
EZA,2023-11-30,0.0815726599013733
EZA,2023-12-29,0.04613188159143933
EZA,2024-01-31,-0.061497808322788505
EZA,2024-02-29,-0.052779256050195844
EZA,2024-03-28,0.05437412135360242
EZA,2024-04-30,0.024253242003421382
EZA,2024-05-31,0.01171487261268589
EZA,2024-06-28,0.08416340786635423
EZA,2024-07-31,0.05055394812993952
EZA,2024-08-30,0.03186125343136825
EZA,2024-09-30,0.07325379701118595
EZA,2024-10-31,-0.02063495963980555
EZA,2024-11-29,-0.03869528415714729
EZA,2024-12-31,-0.07093681963828158
EZA,2025-01-31,0.04390367143696694
EZA,2025-02-28,0.014857021895164246
EZA,2025-03-31,0.084008960700934
EZA,2025-04-30,0.028880221076752477
EZA,2025-05-30,0.05432145710367964
EZA,2025-06-30,0.04173123950525359
EZA,2025-07-31,-0.013023273389910273
EZA,2025-08-29,0.08708764823396509
EZA,2025-09-30,0.11149645261082619
EZA,2025-10-31,-0.0051482010449447335
EZA,2025-11-28,0.04657357955543717
EZA,2025-12-31,0.087267931864293935
EZA,2026-01-30,0.06395333288306526
EZA,2026-02-27,0.11475419439497614
EZA,2026-03-31,-0.1691176716479802
EZA,2026-04-30,0.006194723847789518
EZA,2026-05-29,0.017443582728189133
EZA,2026-06-30,-0.06966175428759047
EZA,2026-07-31,0.006804879166337319
EZA,2026-08-31,0.10814211228581372
EZA,2026-09-21,-0.032198533944204355
FAN,2015-01-30,-0.014285531717871502
FAN,2015-02-27,0.057970738679210765
FAN,2015-03-31,-0.0074177157240102876
FAN,2015-04-30,0.06635968209948628
FAN,2015-05-29,0.04235075907038288
FAN,2015-06-30,-0.04739324515667842
FAN,2015-07-31,0.011453681911962832
FAN,2015-08-31,-0.058361899491964464
FAN,2015-09-30,-0.04458602303070569
FAN,2015-10-30,0.09718202070193804
FAN,2015-11-30,-0.005315047780357407
FAN,2015-12-31,0.017535809162000815
FAN,2016-01-29,-0.04665492734095589
FAN,2016-02-29,-0.03601094652824166
FAN,2016-03-31,0.11980677997925415
FAN,2016-04-29,0.026632246288667227
FAN,2016-05-31,0.02175741650405416
FAN,2016-06-30,0.033605362925132054
FAN,2016-07-29,0.03739050871205496
FAN,2016-08-31,0.015337553483526278
FAN,2016-09-30,0.008917382879633617
FAN,2016-10-31,-0.018031567429509288
FAN,2016-11-30,-0.06886016855075694
FAN,2016-12-30,0.008892889584226182
FAN,2017-01-31,0.041880431216447356
FAN,2017-02-28,0.0016407246758469718
FAN,2017-03-31,0.035848372089917646
FAN,2017-04-28,0.03730130635148199
FAN,2017-05-31,0.03213463370544778
FAN,2017-06-30,-0.025030812705329142
FAN,2017-07-31,0.02168869260341766
FAN,2017-08-31,0.0030326352689646896
FAN,2017-09-29,-3.890123430234649e-4
FAN,2017-10-31,0.006833641463151796
FAN,2017-11-30,-0.040723808057045674
FAN,2017-12-29,0.04166645716783357
FAN,2018-01-31,0.03999997336908101
FAN,2018-02-28,-0.047169616553165206
FAN,2018-03-29,0.02130922372312405
FAN,2018-04-30,0.045624380191793046
FAN,2018-05-31,-0.031473453739932156
FAN,2018-06-29,-0.055817855123648785
FAN,2018-07-31,0.0411393357569787
FAN,2018-08-31,-0.031154930401134373
FAN,2018-09-28,-0.020155658284972677
FAN,2018-10-31,-0.09734501801401318
FAN,2018-11-30,0.08199621156731829
FAN,2018-12-31,-0.05146978709840133
FAN,2019-01-31,0.11954645746322301
FAN,2019-02-28,0.012470447630571257
FAN,2019-03-29,0.010868131383721114
FAN,2019-04-30,0.024539845116511083
FAN,2019-05-31,-0.0523952425172598
FAN,2019-06-28,0.06264599928606618
FAN,2019-07-31,-0.027715606659023395
FAN,2019-08-30,-0.008474270872191325
FAN,2019-09-30,0.026891238050215982
FAN,2019-10-31,0.02887540286976331
FAN,2019-11-29,0.03323460820549884
FAN,2019-12-31,0.05475806761509605
FAN,2020-01-31,0.012969516814835158
FAN,2020-02-28,-0.03369272256242495
FAN,2020-03-31,-0.15198749765365294
FAN,2020-04-30,0.03877880204597628
FAN,2020-05-29,0.10007940748040722
FAN,2020-06-30,0.045858195899249
FAN,2020-07-31,0.1535789615097516
FAN,2020-08-31,0.053012005542164564
FAN,2020-09-30,0.004883260518408594
FAN,2020-10-30,0.03137475243088805
FAN,2020-11-30,0.15044263610929987
FAN,2020-12-31,0.12153741343969471
FAN,2021-01-29,0.007725244112170682
FAN,2021-02-26,-0.06771723481596226
FAN,2021-03-31,0.03313696222749596
FAN,2021-04-30,-0.027925527168412234
FAN,2021-05-28,-0.0036480732962672624
FAN,2021-06-30,-0.010327450778059855
FAN,2021-07-30,-0.006973236224392498
FAN,2021-08-31,0.03183510551862989
FAN,2021-09-30,-0.04538057283945829
FAN,2021-10-29,0.0464114810116969
FAN,2021-11-30,-0.08139039273935245
FAN,2021-12-31,0.010292748494397985
FAN,2022-01-31,-0.07213452293036016
FAN,2022-02-28,0.05431319422078551
FAN,2022-03-31,-8.090580802800895e-4
FAN,2022-04-29,-0.08506317747537107
FAN,2022-05-31,0.028776901600945815
FAN,2022-06-30,-0.06852672950392069
FAN,2022-07-29,0.07259028262974887
FAN,2022-08-31,-0.03302657710746648
FAN,2022-09-30,-0.14893334910491018
FAN,2022-10-31,0.032407453851910795
FAN,2022-11-30,0.11531077428861458
FAN,2022-12-30,-0.002594006631859158
FAN,2023-01-31,0.04330226560191486
FAN,2023-02-28,-0.04648585384548931
FAN,2023-03-31,0.03903678740260785
FAN,2023-04-28,0.001679538276402992
FAN,2023-05-31,-0.03912791227809831
FAN,2023-06-30,0.023750147112661102
FAN,2023-07-31,-0.02232378773056143
FAN,2023-08-31,-0.07377066418421863
FAN,2023-09-29,-0.0792503154774864
FAN,2023-10-31,-0.062111821551573465
FAN,2023-11-30,0.11037533862957805
FAN,2023-12-29,0.0946800752320125
FAN,2024-01-31,-0.07038826713425139
FAN,2024-02-29,-0.009138514878361481
FAN,2024-03-28,0.0175271363119216
FAN,2024-04-30,-0.007782082065731832
FAN,2024-05-31,0.1398695026193737
FAN,2024-06-28,-0.06334888587120424
FAN,2024-07-31,0.05428750927791648
FAN,2024-08-30,-0.005851314816195385
FAN,2024-09-30,0.06460112508261262
FAN,2024-10-31,-0.07760546836528848
FAN,2024-11-29,-0.03064896016915164
FAN,2024-12-31,-0.08096115092672573
FAN,2025-01-31,-0.0027026317447648163
FAN,2025-02-28,0.028455259404420508
FAN,2025-03-31,-0.00984967846384488
FAN,2025-04-30,0.04663562506685115
FAN,2025-05-30,0.09038821397661212
FAN,2025-06-30,0.06523741900906033
FAN,2025-07-31,0.04079367914718257
FAN,2025-08-29,-0.01800826603908756
FAN,2025-09-30,0.041234445041008705
FAN,2025-10-31,0.053097505168694825
FAN,2025-11-28,-0.017795298330514964
FAN,2025-12-31,0.03297162698502776
FAN,2026-01-30,0.10014658640509277
FAN,2026-02-27,0.08658967845742516
FAN,2026-03-31,0.011033866242356583
FAN,2026-04-30,0.09296694792726568
FAN,2026-05-29,-0.029955689237818772
FAN,2026-06-30,-0.04425871329324538
FAN,2026-07-31,-0.0500400329426145
FAN,2026-08-31,-0.00421409116724758
FAN,2026-09-21,-0.0038086436070926544
GREK,2015-01-30,-0.2358079632853457
GREK,2015-02-27,0.23333360414273385
GREK,2015-03-31,-0.14903491455540774
GREK,2015-04-30,0.12159711009711915
GREK,2015-05-29,-0.014562853845621393
GREK,2015-06-30,-0.17405596746197993
GREK,2015-07-31,-0.028827052692766086
GREK,2015-08-31,-0.05834186382850015
GREK,2015-09-30,0.04456516125371213
GREK,2015-10-30,0.09261180075567221
GREK,2015-11-30,-0.17047611542329943
GREK,2015-12-31,-0.07247111212880719
GREK,2016-01-29,-0.11180885924726403
GREK,2016-02-29,-0.08769448180033634
GREK,2016-03-31,0.1674416819690081
GREK,2016-04-29,0.04249664941039999
GREK,2016-05-31,0.07133758398251411
GREK,2016-06-30,-0.14030902100639653
GREK,2016-07-29,0.03872763659846701
GREK,2016-08-31,-0.021305130184649745
GREK,2016-09-30,-0.023129170018691303
GREK,2016-10-31,0.01392725769646841
GREK,2016-11-30,0.08928594931783773
GREK,2016-12-30,0.0016169968671215784
GREK,2017-01-31,-0.028241286006499444
GREK,2017-02-28,0.018494091732585316
GREK,2017-03-31,0.03242548393384226
GREK,2017-04-28,0.07663299799984635
GREK,2017-05-31,0.07701308722398448
GREK,2017-06-30,0.09534118080792586
GREK,2017-07-31,0.00692385076894797
GREK,2017-08-31,0.008840799929712873
GREK,2017-09-29,-0.07887040772843434
GREK,2017-10-31,-0.02008469048846262
GREK,2017-11-30,-0.01618117250452744
GREK,2017-12-29,0.15141577433659714
GREK,2018-01-31,0.09727637944168577
GREK,2018-02-28,-0.09042553191489366
GREK,2018-03-29,-0.05458079181365205
GREK,2018-04-30,0.09999968385807634
GREK,2018-05-31,-0.14714141818887538
GREK,2018-06-29,0.00329679217226464
GREK,2018-07-31,0.019715223953630234
GREK,2018-08-31,-0.0633729468245613
GREK,2018-09-28,-0.049311597921471884
GREK,2018-10-31,-0.0699640298799935
GREK,2018-11-30,-0.025940200381537548
GREK,2018-12-31,-0.05890776220693816
GREK,2019-01-31,0.06231877868968705
GREK,2019-02-28,0.07503416374650929
GREK,2019-03-29,0.020304606592060903
GREK,2019-04-30,0.057213876233206395
GREK,2019-05-31,0.07058834543048675
GREK,2019-06-28,0.055219485166001725
GREK,2019-07-31,0.010460343048579679
GREK,2019-08-30,-0.04865439173992048
GREK,2019-09-30,0.015234016628471014
GREK,2019-10-31,0.05680594681804352
GREK,2019-11-29,0.00608523061747257
GREK,2019-12-31,0.04009877367094972
GREK,2020-01-31,-0.060217064809884646
GREK,2020-02-28,-0.21743699441818998
GREK,2020-03-31,-0.2362416926698474
GREK,2020-04-30,0.09197413212942318
GREK,2020-05-29,0.046673934641767056
GREK,2020-06-30,0.019781405235143268
GREK,2020-07-31,-0.004554743488110247
GREK,2020-08-31,0.049313773202206646
GREK,2020-09-30,-0.03197669215702603
GREK,2020-10-30,-0.1046047541607319
GREK,2020-11-30,0.28842941897156016
GREK,2020-12-31,0.1275178147209297
GREK,2021-01-29,-0.08876671823472493
GREK,2021-02-26,0.07198262473334371
GREK,2021-03-31,0.06312837826540241
GREK,2021-04-30,0.07866857166078112
GREK,2021-05-28,-0.007713905110967478
GREK,2021-06-30,-0.016254322491267237
GREK,2021-07-30,-0.005028741026376959
GREK,2021-08-31,0.04981944396319782
GREK,2021-09-30,-0.07083910026711993
GREK,2021-10-29,0.03774990645379783
GREK,2021-11-30,-0.07489309060616223
GREK,2021-12-31,0.041730118102423885
GREK,2022-01-31,0.07145542123496118
GREK,2022-02-28,-0.04410713790796639
GREK,2022-03-31,-0.018457067813225092
GREK,2022-04-29,-0.017299693550933415
GREK,2022-05-31,0.014542553771933253
GREK,2022-06-30,-0.10329981235222008
GREK,2022-07-29,0.011387577371747115
GREK,2022-08-31,-0.02418680159194253
GREK,2022-09-30,-0.09358985853064383
GREK,2022-10-31,0.1320134444419383
GREK,2022-11-30,0.1041232032824182
GREK,2022-12-30,0.03135863898940716
GREK,2023-01-31,0.14189196293423834
GREK,2023-02-28,0.07034855237844884
GREK,2023-03-31,-0.06756769180537836
GREK,2023-04-28,0.03194998432291474
GREK,2023-05-31,0.08522180989096362
GREK,2023-06-30,0.09864100529133801
GREK,2023-07-31,0.05224878128191901
GREK,2023-08-31,-0.03813655626226764
GREK,2023-09-29,-0.11575306618822168
GREK,2023-10-31,0.012939996464345516
GREK,2023-11-30,0.11111134964740588
GREK,2023-12-29,0.010481196947031313
GREK,2024-01-31,0.05155208167781811
GREK,2024-02-29,0.029774181889477225
GREK,2024-03-28,-0.002741852086443841
GREK,2024-04-30,0.01024743473022749
GREK,2024-05-31,0.018555227460437695
GREK,2024-06-28,-0.031024562427791613
GREK,2024-07-31,0.07970818437977067
GREK,2024-08-30,-0.02468553392185635
GREK,2024-09-30,0.03127980918944395
GREK,2024-10-31,-0.08150029977561801
GREK,2024-11-29,-0.019662213866567635
GREK,2024-12-31,0.040316429571314094
GREK,2025-01-31,0.06651194021406015
GREK,2025-02-28,0.029248323882011817
GREK,2025-03-31,0.10309990260974278
GREK,2025-04-30,0.0542900820946739
GREK,2025-05-30,0.11066228067635375
GREK,2025-06-30,0.07122095002208839
GREK,2025-07-31,0.042556799075362584
GREK,2025-08-29,0.04263762039908414
GREK,2025-09-30,0.020764036692180854
GREK,2025-10-31,-0.03385091835575782
GREK,2025-11-28,0.04982316106362439
GREK,2025-12-31,0.03025883954658526
GREK,2026-01-30,0.11894999064753131
GREK,2026-02-27,-0.04162702488352377
GREK,2026-03-31,-0.09634982227368971
GREK,2026-04-30,0.09519336638603826
GREK,2026-05-29,0.06304506267125354
GREK,2026-06-30,0.022870650885249866
GREK,2026-07-31,0.06238409383407495
GREK,2026-08-31,0.06208706412886178
GREK,2026-09-21,0.010212408642503279
GRID,2015-01-30,-0.04307451645608018
GRID,2015-02-27,0.05442791273429681
GRID,2015-03-31,0.013084195164283274
GRID,2015-04-30,0.01267612464501533
GRID,2015-05-29,0.005441867773017028
GRID,2015-06-30,-0.025447579453990676
GRID,2015-07-31,-0.03968722362725752
GRID,2015-08-31,-0.03958046694469819
GRID,2015-09-30,-0.038414640115435605
GRID,2015-10-30,0.042956428811346425
GRID,2015-11-30,0.00302828021717505
GRID,2015-12-31,0.010535126148379703
GRID,2016-01-29,-0.08445647259040301
GRID,2016-02-29,0.024860945152224145
GRID,2016-03-31,0.1091607298237145
GRID,2016-04-29,0.046042977739407576
GRID,2016-05-31,0.005502196632584999
GRID,2016-06-30,-0.037310843461681675
GRID,2016-07-29,0.07489980509330807
GRID,2016-08-31,0.0053194920212153995
GRID,2016-09-30,0.05099838374207355
GRID,2016-10-31,-0.04593634533930124
GRID,2016-11-30,0.05952353776688457
GRID,2016-12-30,0.014115249935815699
GRID,2017-01-31,0.0074078965793462626
GRID,2017-02-28,-0.004902316749563207
GRID,2017-03-31,0.032019796489449304
GRID,2017-04-28,0.030548562902267262
GRID,2017-05-31,-0.002084053384199036
GRID,2017-06-30,0.020345405841830866
GRID,2017-07-31,0.047968458768093525
GRID,2017-08-31,0.019710893767253657
GRID,2017-09-29,0.05597139507641313
GRID,2017-10-31,0.03238277020789915
GRID,2017-11-30,-0.013612389975906747
GRID,2017-12-29,0.021558015834005184
GRID,2018-01-31,0.030201475663961697
GRID,2018-02-28,-0.03655016631974206
GRID,2018-03-29,-0.016580247175080443
GRID,2018-04-30,-0.016696732412506243
GRID,2018-05-31,0.04480315505005139
GRID,2018-06-29,-0.039370343769731475
GRID,2018-07-31,0.024815075336015235
GRID,2018-08-31,6.003595835299969e-4
GRID,2018-09-28,-0.04665529242341382
GRID,2018-10-31,-0.1127234642230509
GRID,2018-11-30,0.008295901673018857
GRID,2018-12-31,-0.0823250997738657
GRID,2019-01-31,0.1352810275344738
GRID,2019-02-28,0.02437357824925912
GRID,2019-03-29,-0.037393257926152446
GRID,2019-04-30,0.0591876590272844
GRID,2019-05-31,-0.06216142734094454
GRID,2019-06-28,0.12204130001119506
GRID,2019-07-31,0.015317877912087052
GRID,2019-08-30,-0.024872607582387296
GRID,2019-09-30,0.041915529725560674
GRID,2019-10-31,0.03347411478883644
GRID,2019-11-29,0.02653665289438667
GRID,2019-12-31,0.04564631285511145
GRID,2020-01-31,-0.016930544165136174
GRID,2020-02-28,0.00759271207401202
GRID,2020-03-31,-0.21131191283595574
GRID,2020-04-30,0.14795812160481292
GRID,2020-05-29,0.0803008110570469
GRID,2020-06-30,0.03630290202683928
GRID,2020-07-31,0.05662787190987428
GRID,2020-08-31,0.11562982707843439
GRID,2020-09-30,-0.02255185387633718
GRID,2020-10-30,0.014586795248409112
GRID,2020-11-30,0.1790902787712254
GRID,2020-12-31,0.07552052703476497
GRID,2021-01-29,0.0027162001667186964
GRID,2021-02-26,0.045309207502093773
GRID,2021-03-31,0.017097962365179686
GRID,2021-04-30,0.018424095896141024
GRID,2021-05-28,0.03197169496626806
GRID,2021-06-30,0.024872873851693678
GRID,2021-07-30,0.041680265207898914
GRID,2021-08-31,0.026226052208579542
GRID,2021-09-30,-0.0623639986009481
GRID,2021-10-29,0.09998930860363853
GRID,2021-11-30,-0.007460442199061834
GRID,2021-12-31,0.015812309134732416
GRID,2022-01-31,-0.1003211954123443
GRID,2022-02-28,-0.019487075480689953
GRID,2022-03-31,0.039968186948108775
GRID,2022-04-29,-0.0953646345817929
GRID,2022-05-31,0.014455338832625175
GRID,2022-06-30,-0.09665886228549148
GRID,2022-07-29,0.15203077462002046
GRID,2022-08-31,-0.06312935691444499
GRID,2022-09-30,-0.09802162966335293
GRID,2022-10-31,0.10486457842488628
GRID,2022-11-30,0.1219778144177277
GRID,2022-12-30,-0.06174967670505027
GRID,2023-01-31,0.09227431727830737
GRID,2023-02-28,-0.009235265653343983
GRID,2023-03-31,0.035308511131772136
GRID,2023-04-28,-0.009113353451573603
GRID,2023-05-31,0.01674065573193073
GRID,2023-06-30,0.07573475983771849
GRID,2023-07-31,0.005802823964604631
GRID,2023-08-31,-0.04549324847113945
GRID,2023-09-29,-0.06810406489401633
GRID,2023-10-31,-0.07817654009829067
GRID,2023-11-30,0.11750435777973212
GRID,2023-12-29,0.08632771224578084
GRID,2024-01-31,-0.04450389730853821
GRID,2024-02-29,0.08755617104259117
GRID,2024-03-28,0.05424319560230506
GRID,2024-04-30,-0.018323040063452978
GRID,2024-05-31,0.06514971595951935
GRID,2024-06-28,-0.030212094319576166
GRID,2024-07-31,0.03140688950601911
GRID,2024-08-30,0.023404026679487044
GRID,2024-09-30,0.04510261441882002
GRID,2024-10-31,-0.04385067037333257
GRID,2024-11-29,0.03583476178988154
GRID,2024-12-31,-0.051003622592865394
GRID,2025-01-31,0.011731250271543203
GRID,2025-02-28,-0.027994044705278553
GRID,2025-03-31,-0.03489459889068147
GRID,2025-04-30,0.04852823623872449
GRID,2025-05-30,0.09534655965238081
GRID,2025-06-30,0.07657243235623579
GRID,2025-07-31,0.023018420558346797
GRID,2025-08-29,0.004851550160183793
GRID,2025-09-30,0.058837095798393246
GRID,2025-10-31,0.039846574985865635
GRID,2025-11-28,-0.028135016158848836
GRID,2025-12-31,0.00440881650605518
GRID,2026-01-30,0.07744084301434451
GRID,2026-02-27,0.07872875253193712
GRID,2026-03-31,-0.07968881835219088
GRID,2026-04-30,0.16756327252647307
GRID,2026-05-29,0.010890609563541487
GRID,2026-06-30,-0.0028302212432040896
GRID,2026-07-31,-0.06466750402338661
GRID,2026-08-31,-0.005352699644253667
GRID,2026-09-21,0.015079334327092075
INDA,2015-01-30,0.056268175270367315
INDA,2015-02-27,0.04267954738933977
INDA,2015-03-31,-0.04421886106480133
INDA,2015-04-30,-0.08127540372495912
INDA,2015-05-29,0.03946913173111799
INDA,2015-06-30,-0.005331854877207665
INDA,2015-07-31,0.026768046346136387
INDA,2015-08-31,-0.09591238093757526
INDA,2015-09-30,0.017088023552598308
INDA,2015-10-30,-0.003150395873155798
INDA,2015-11-30,-0.03581432201885193
INDA,2015-12-31,0.00886657536742197
INDA,2016-01-29,-0.05527276587918062
INDA,2016-02-29,-0.07544281671198227
INDA,2016-03-31,0.12905913550659398
INDA,2016-04-29,-0.0022123020727604636
INDA,2016-05-31,0.02106425945833057
INDA,2016-06-30,0.016683187013032397
INDA,2016-07-29,0.05838104671427069
INDA,2016-08-31,3.383045649660854e-4
INDA,2016-09-30,-0.005074219748030684
INDA,2016-10-31,-0.012580759641569461
INDA,2016-11-30,-0.07265850747637626
INDA,2016-12-30,-0.0016840292768454113
INDA,2017-01-31,0.05781452802062259
INDA,2017-02-28,0.04619170342776879
INDA,2017-03-31,0.06134125701014437
INDA,2017-04-28,0.018736163888681823
INDA,2017-05-31,0.014650831526084929
INDA,2017-06-30,-0.010049868376191262
INDA,2017-07-31,0.07040505522702256
INDA,2017-08-31,-0.007275858425077386
INDA,2017-09-29,-0.03693942711427134
INDA,2017-10-31,0.0727550392076517
INDA,2017-11-30,-0.013053524030476438
INDA,2017-12-29,0.04494356077266182
INDA,2018-01-31,0.03271409508937917
INDA,2018-02-28,-0.07865759674677575
INDA,2018-03-29,-0.005536073496173466
INDA,2018-04-30,0.024026013574784955
INDA,2018-05-31,-0.03719614702298846
INDA,2018-06-29,-0.00933883676231717
INDA,2018-07-31,0.0702911333584395
INDA,2018-08-31,0.0014034386363035445
INDA,2018-09-28,-0.08996630291727103
INDA,2018-10-31,-0.07021872477393343
INDA,2018-11-30,0.1046703328535914
INDA,2018-12-31,0.008040041740609016
INDA,2019-01-31,-0.01619663991828124
INDA,2019-02-28,-0.003353800845511956
INDA,2019-03-29,0.07831143999833245
INDA,2019-04-30,0.00737584676851899
INDA,2019-05-31,0.013235803934833479
INDA,2019-06-28,-0.00996810861132158
INDA,2019-07-31,-0.06515604592372903
INDA,2019-08-30,-0.024848391766206346
INDA,2019-09-30,0.043194488878414594
INDA,2019-10-31,0.032171487893831285
INDA,2019-11-29,-0.0054833641265336075
INDA,2019-12-31,0.02098051154214886
INDA,2020-01-31,-0.018776640462702665
INDA,2020-02-28,-0.06668598331949982
INDA,2020-03-31,-0.251009609975273
INDA,2020-04-30,0.12194080819578823
INDA,2020-05-29,0.016266200736303693
INDA,2020-06-30,0.05850547758226843
INDA,2020-07-31,0.10062017484035146
INDA,2020-08-31,0.04477137102377826
INDA,2020-09-30,0.014683882544183513
INDA,2020-10-30,-0.007973892017251516
INDA,2020-11-30,0.08603742877508758
INDA,2020-12-31,0.1034384109463462
INDA,2021-01-29,-0.026852437658269612
INDA,2021-02-26,0.048288270815368683
INDA,2021-03-31,0.02802822502859903
INDA,2021-04-30,-0.02750107550204106
INDA,2021-05-28,0.07947336119098969
INDA,2021-06-30,2.5317334505858824e-4
INDA,2021-07-30,0.009943446043305215
INDA,2021-08-31,0.08749154109458801
INDA,2021-09-30,0.0018518932022677514
INDA,2021-10-29,0.0030807833886312697
INDA,2021-11-30,-0.027027040623863074
INDA,2021-12-31,0.026168106068479524
INDA,2022-01-31,6.544458649904161e-4
INDA,2022-02-28,-0.046217568817691346
INDA,2022-03-31,0.018742848575100002
INDA,2022-04-29,-0.020865999797199497
INDA,2022-05-31,-0.050641682369917396
INDA,2022-06-30,-0.049722431416238555
INDA,2022-07-29,0.08407422566867062
INDA,2022-08-31,0.007966236958952377
INDA,2022-09-30,-0.05206887334917376
INDA,2022-10-31,0.034821074154505416
INDA,2022-11-30,0.04834127226155771
INDA,2022-12-30,-0.056509940911865564
INDA,2023-01-31,-0.017968346359875653
INDA,2023-02-28,-0.05342767800022319
INDA,2023-03-31,0.014432957982501327
INDA,2023-04-28,0.04471530839939608
INDA,2023-05-31,0.01410508987540915
INDA,2023-06-30,0.04994930920755647
INDA,2023-07-31,0.024256225705395318
INDA,2023-08-31,-0.017649579553631
INDA,2023-09-29,0.005685670546041965
INDA,2023-10-31,-0.02216192798068528
INDA,2023-11-30,0.06429233433655979
INDA,2023-12-29,0.06062577480442877
INDA,2024-01-31,0.022126614850388915
INDA,2024-02-29,0.025456034791218274
INDA,2024-03-28,0.008404983327773063
INDA,2024-04-30,0.014731504810875595
INDA,2024-05-31,0.012607426470868877
INDA,2024-06-28,0.05225427719034759
INDA,2024-07-31,0.02940127625106581
INDA,2024-08-30,0.00522470535710462
INDA,2024-09-30,0.014033164492905259
INDA,2024-10-31,-0.06338625784238916
INDA,2024-11-29,-7.296997030946661e-4
INDA,2024-12-31,-0.03211325836064016
INDA,2025-01-31,-0.03134494168527879
INDA,2025-02-28,-0.05667784093378758
INDA,2025-03-31,0.07027029470559665
INDA,2025-04-30,0.04059829392331604
INDA,2025-05-30,0.013813733109621307
INDA,2025-06-30,0.025225536682798033
INDA,2025-07-31,-0.05459771729284202
INDA,2025-08-29,-0.012537991167642315
INDA,2025-09-30,0.0015390887218011962
INDA,2025-10-31,0.03668843252071108
INDA,2025-11-28,0.013711281212379633
INDA,2025-12-31,-0.01206360552836172
INDA,2026-01-30,-0.042738160799266955
INDA,2026-02-27,0.01024350139357355
INDA,2026-03-31,-0.10388368581636898
INDA,2026-04-30,0.05508108471291018
INDA,2026-05-29,-0.01740179740020109
INDA,2026-06-30,0.017092215668962796
INDA,2026-07-31,0.008301272574990914
INDA,2026-08-31,-0.0020080015191380474
INDA,2026-09-21,-0.024144884195540617
ITA,2015-01-30,-6.110023253884656e-4
ITA,2015-02-27,0.07796484892181965
ITA,2015-03-31,0.007745082051198615
ITA,2015-04-30,-0.02973016914377835
ITA,2015-05-29,0.012156526547453694
ITA,2015-06-30,-0.017990705325526046
ITA,2015-07-31,-0.009232927317036621
ITA,2015-08-31,-0.03863098960277256
ITA,2015-09-30,-0.037073039886994286
ITA,2015-10-30,0.08457164701562037
ITA,2015-11-30,0.014462065632193433
ITA,2015-12-31,-0.012552698646280613
ITA,2016-01-29,-0.07443723847330141
ITA,2016-02-29,0.025132105462261745
ITA,2016-03-31,0.0448790277342892
ITA,2016-04-29,0.042604463835728135
ITA,2016-05-31,0.017724042478592494
ITA,2016-06-30,0.009788124907202711
ITA,2016-07-29,0.03666035162892367
ITA,2016-08-31,0.005405496660519038
ITA,2016-09-30,-0.006083554544756176
ITA,2016-10-31,0.009375567284962028
ITA,2016-11-30,0.10009975809776028
ITA,2016-12-30,-0.015899625339679146
ITA,2017-01-31,0.013307423961457232
ITA,2017-02-28,0.06587584952364223
ITA,2017-03-31,-0.018024892038666085
ITA,2017-04-28,0.03388910163286063
ITA,2017-05-31,0.02633983328880407
ITA,2017-06-30,-5.117261560698694e-4
ITA,2017-07-31,0.04798201418729353
ITA,2017-08-31,0.03674997346616182
ITA,2017-09-29,0.045593949825438074
ITA,2017-10-31,0.013648507148110278
ITA,2017-11-30,0.02975539219305179
ITA,2017-12-29,0.013942503997675715
ITA,2018-01-31,0.08048475537576927
ITA,2018-02-28,-0.0018695633951839596
ITA,2018-03-29,-0.02216362277200068
ITA,2018-04-30,-0.028339300848566062
ITA,2018-05-31,0.03504020394094942
ITA,2018-06-29,-0.03105973749907931
ITA,2018-07-31,0.06946496704329741
ITA,2018-08-31,0.007918830064181481
ITA,2018-09-28,0.04740353668794972
ITA,2018-10-31,-0.11417066583362367
ITA,2018-11-30,0.0015124779430299995
ITA,2018-12-31,-0.09860699414403273
ITA,2019-01-31,0.12518853006534258
ITA,2019-02-28,0.07516693061588242
ITA,2019-03-29,-0.042809029304755275
ITA,2019-04-30,0.0503055399611696
ITA,2019-05-31,-0.03663745966345244
ITA,2019-06-28,0.06391253827546639
ITA,2019-07-31,0.004995178758389507
ITA,2019-08-30,0.0303322865186455
ITA,2019-09-30,0.015652641149175306
ITA,2019-10-31,-0.020472132147827504
ITA,2019-11-29,0.05197680173305397
ITA,2019-12-31,-0.03390329823256655
ITA,2020-01-31,0.02530638648994432
ITA,2020-02-28,-0.11774258260066273
ITA,2020-03-31,-0.2796403530226649
ITA,2020-04-30,0.08279444812874703
ITA,2020-05-29,0.05643301326626782
ITA,2020-06-30,0.003485631805360878
ITA,2020-07-31,-0.04868888854236919
ITA,2020-08-31,0.06605004008226478
ITA,2020-09-30,-0.04931567194421704
ITA,2020-10-30,-0.04658786197172937
ITA,2020-11-30,0.22366385116974974
ITA,2020-12-31,0.027219813456051956
ITA,2021-01-29,-0.059543772021305785
ITA,2021-02-26,0.07330470520166621
ITA,2021-03-31,0.09233506253885704
ITA,2021-04-30,0.02238032180404881
ITA,2021-05-28,0.036264624956713565
ITA,2021-06-30,-0.005294768441250763
ITA,2021-07-30,-0.014242788121268224
ITA,2021-08-31,-0.018431018038223224
ITA,2021-09-30,-0.014721453949420704
ITA,2021-10-29,0.002494233080625685
ITA,2021-11-30,-0.06124396658871756
ITA,2021-12-31,0.0493341045605078
ITA,2022-01-31,-0.01605364188220626
ITA,2022-02-28,0.10649644054003327
ITA,2022-03-31,-0.008496556639615127
ITA,2022-04-29,-0.07157684076707738
ITA,2022-05-31,-0.006610854054825865
ITA,2022-06-30,-0.026879769270505394
ITA,2022-07-29,0.04668756490242432
ITA,2022-08-31,-0.0201348941417675
ITA,2022-09-30,-0.09979367321963128
ITA,2022-10-31,0.17567724126944895
ITA,2022-11-30,0.04393248884635348
ITA,2022-12-30,0.0016162382357072236
ITA,2023-01-31,0.025120657636358512
ITA,2023-02-28,3.487181086756497e-4
ITA,2023-03-31,0.0057646982882528786
ITA,2023-04-28,-0.00973242907699079
ITA,2023-05-31,-0.046507468670853314
ITA,2023-06-30,0.07597624009899118
ITA,2023-07-31,0.008999769862970464
ITA,2023-08-31,-0.013166812543802142
ITA,2023-09-29,-0.0858722470267449
ITA,2023-10-31,0.03670832917325839
ITA,2023-11-30,0.09102500303706029
ITA,2023-12-29,0.05986122375276204
ITA,2024-01-31,-0.03120054892722335
ITA,2024-02-29,0.042641656946701856
ITA,2024-03-28,0.03379071730828831
ITA,2024-04-30,-0.01576581232763785
ITA,2024-05-31,0.04751622383603782
ITA,2024-06-28,-0.02705038594092679
ITA,2024-07-31,0.08428606591565968
ITA,2024-08-30,0.03163858953022869
ITA,2024-09-30,0.014609679425570343
ITA,2024-10-31,-0.034816904558966466
ITA,2024-11-29,0.07713090376892606
ITA,2024-12-31,-0.06295716566615883
ITA,2025-01-31,0.07726179816955292
ITA,2025-02-28,-0.011431827074898648
ITA,2025-03-31,-0.009284277980157851
ITA,2025-04-30,0.024885589410411413
ITA,2025-05-30,0.1295647670058373
ITA,2025-06-30,0.06533625472125615
ITA,2025-07-31,0.04219681695354427
ITA,2025-08-29,0.009257415987983464
ITA,2025-09-30,0.05856534588617501
ITA,2025-10-31,0.03120515251216105
ITA,2025-11-28,-0.049538750481778915
ITA,2025-12-31,0.046757580745644844
ITA,2026-01-30,0.0823979054719155
ITA,2026-02-27,0.04879938848372456
ITA,2026-03-31,-0.10187110448087944
ITA,2026-04-30,-8.685925488191026e-4
ITA,2026-05-29,0.0772328207313362
ITA,2026-06-30,0.03036935173346822
ITA,2026-07-31,-0.011385141485758199
ITA,2026-08-31,-0.04719185893678368
ITA,2026-09-21,-0.052373329672598334
KSA,2015-09-30,-0.01982114757967124
KSA,2015-10-30,-0.010309255105783066
KSA,2015-11-30,0.005608992058401929
KSA,2015-12-31,-0.03470469113052432
KSA,2016-01-29,-0.13294775686866112
KSA,2016-02-29,0.005761562226484385
KSA,2016-03-31,0.05108673025150967
KSA,2016-04-29,0.09117140782642608
KSA,2016-05-31,-0.03814449492541594
KSA,2016-06-30,0.014666798195090536
KSA,2016-07-29,-0.04062223986824853
KSA,2016-08-31,-0.027972700046473342
KSA,2016-09-30,-0.0435149420032821
KSA,2016-10-31,0.05668619846299028
KSA,2016-11-30,0.14773046651527788
KSA,2016-12-30,0.019679587384345165
KSA,2017-01-31,0.0017028572804114184
KSA,2017-02-28,-0.026326428181835837
KSA,2017-03-31,0.008322787294692269
KSA,2017-04-28,0.004952087961139551
KSA,2017-05-31,-0.006129880590789116
KSA,2017-06-30,0.10452390370977849
KSA,2017-07-31,-0.04575929533594025
KSA,2017-08-31,0.0089258570561148165
KSA,2017-09-29,0.0011490270062175512
KSA,2017-10-31,-0.03596022643493668
KSA,2017-11-30,0.002777659745282879
KSA,2017-12-29,0.04998125513093332
KSA,2018-01-31,0.05882349789934249
KSA,2018-02-28,-0.03751826055924956
KSA,2018-03-29,0.09782611076411918
KSA,2018-04-30,0.044042356956210504
KSA,2018-05-31,0.014715619258996782
KSA,2018-06-29,0.02034185912074049
KSA,2018-07-31,-0.004781624246150584
KSA,2018-08-31,-0.055092902099759256
KSA,2018-09-28,0.01155913210297621
KSA,2018-10-31,-0.004054705461473462
KSA,2018-11-30,-0.03970383413601941
KSA,2018-12-31,0.02769211618109102
KSA,2019-01-31,0.1052265942446513
KSA,2019-02-28,-0.004071470351061035
KSA,2019-03-29,0.0471699229859337
KSA,2019-04-30,0.05555532720542056
KSA,2019-05-31,-0.08250339278497687
KSA,2019-06-28,0.0330023975777356
KSA,2019-07-31,-0.014536612729364129
KSA,2019-08-30,-0.06883840878654612
KSA,2019-09-30,0.005940627898153972
KSA,2019-10-31,-0.05446196216560939
KSA,2019-11-29,0.01839008966820188
KSA,2019-12-31,0.06632049924899563
KSA,2020-01-31,-0.033958679905888745
KSA,2020-02-28,-0.09440899456072815
KSA,2020-03-31,-0.11534194236007989
KSA,2020-04-30,0.06853307884917181
KSA,2020-05-29,0.04536566589280855
KSA,2020-06-30,0.0016035672267229462
KSA,2020-07-31,0.020136904349683515
KSA,2020-08-31,0.07523283112025814
KSA,2020-09-30,0.028749429301635487
KSA,2020-10-30,-0.046464690232317585
KSA,2020-11-30,0.10346041032977982
KSA,2020-12-31,-0.0014725309105699802
KSA,2021-01-29,0.0012856669112071284
KSA,2021-02-26,0.03178171782628758
KSA,2021-03-31,0.11792162923258043
KSA,2021-04-30,0.0514888070208559
KSA,2021-05-28,0.02011674739707181
KSA,2021-06-30,0.03249550518290123
KSA,2021-07-30,0.008117968375247475
KSA,2021-08-31,0.03749364563046975
KSA,2021-09-30,0.013824821276744892
KSA,2021-10-29,0.03444993237266858
KSA,2021-11-30,-0.08903813087933776
KSA,2021-12-31,0.04547839319566882
KSA,2022-01-31,0.11347527143637093
KSA,2022-02-28,0.02328129282240554
KSA,2022-03-31,0.018673630996234314
KSA,2022-04-29,0.06763591005741287
KSA,2022-05-31,-0.0769684570164072
KSA,2022-06-30,-0.10856121452481737
KSA,2022-07-29,0.06475009222975547
KSA,2022-08-31,0.006126491647704402
KSA,2022-09-30,-0.07532703989476863
KSA,2022-10-31,0.04487817810309602
KSA,2022-11-30,-0.07959857207521703
KSA,2022-12-30,-0.032887161382969654
KSA,2023-01-31,0.039501471014175005
KSA,2023-02-28,-0.07472586292245398
KSA,2023-03-31,0.06753030180440978
KSA,2023-04-28,0.063000380264429
KSA,2023-05-31,-0.02866165444122959
KSA,2023-06-30,0.045867635555032926
KSA,2023-07-31,0.01790470966434432
KSA,2023-08-31,-0.027810927657491047
KSA,2023-09-29,-0.052811577330793
KSA,2023-10-31,-0.021941199406776524
KSA,2023-11-30,0.04513047311312701
KSA,2023-12-29,0.08292702955045983
KSA,2024-01-31,-0.016064326701672793
KSA,2024-02-29,0.06794714333982843
KSA,2024-03-28,-0.007194156521739159
KSA,2024-04-30,-0.02581521434481271
KSA,2024-05-31,-0.06764294352267164
KSA,2024-06-28,0.02786187085169023
KSA,2024-07-31,0.036435247164338325
KSA,2024-08-30,0.006413247079270157
KSA,2024-09-30,0.007788612991012078
KSA,2024-10-31,-0.01779866850789069
KSA,2024-11-29,-0.02098222480765466
KSA,2024-12-31,0.013852876766222044
KSA,2025-01-31,0.03476996227253748
KSA,2025-02-28,-0.026739137635233168
KSA,2025-03-31,0.005834995506992291
KSA,2025-04-30,-0.022721740970321425
KSA,2025-05-30,-0.051941504812951345
KSA,2025-06-30,0.022917550357778538
KSA,2025-07-31,-0.025428122135295883
KSA,2025-08-29,-0.0053248084078163505
KSA,2025-09-30,0.08618843576364466
KSA,2025-10-31,-0.007392893649321386
KSA,2025-11-28,-0.07050645008096657
KSA,2025-12-31,-0.01574556080008571
KSA,2026-01-30,0.09475418192401275
KSA,2026-02-27,-0.06748623212809834
KSA,2026-03-31,0.06941081037994024
KSA,2026-04-30,-0.016352226259905178
KSA,2026-05-29,-0.00895132912894514
KSA,2026-06-30,-0.022440819276857926
KSA,2026-07-31,-0.00938092404008628
KSA,2026-08-31,0.04978355514518662
KSA,2026-09-21,-0.04226802633753568
MCHI,2015-01-30,0.002785678750979459
MCHI,2015-02-27,0.052777771526857364
MCHI,2015-03-31,0.02713908544157917
MCHI,2015-04-30,0.15009174353292853
MCHI,2015-05-29,-0.04514992285308994
MCHI,2015-06-30,-0.05409520022500158
MCHI,2015-07-31,-0.1070663139476733
MCHI,2015-08-31,-0.11870516005543574
MCHI,2015-09-30,-0.00657602402050983
MCHI,2015-10-30,0.07966230171581579
MCHI,2015-11-30,-0.011627733328797185
MCHI,2015-12-31,-0.032094391596525496
MCHI,2016-01-29,-0.11967680851092422
MCHI,2016-02-29,-0.023676484576748646
MCHI,2016-03-31,0.1084744831033746
MCHI,2016-04-29,-0.005645313906581073
MCHI,2016-05-31,-4.7350474154050914e-4
MCHI,2016-06-30,0.010643236494191077
MCHI,2016-07-29,0.03845246398079327
MCHI,2016-08-31,0.06224439989214248
MCHI,2016-09-30,0.03721131520133136
MCHI,2016-10-31,-0.029484545894371217
MCHI,2016-11-30,-0.0095600592370515
MCHI,2016-12-30,-0.05291030237700012
MCHI,2017-01-31,0.07500580545909186
MCHI,2017-02-28,0.03616245361663606
MCHI,2017-03-31,0.02504609024376614
MCHI,2017-04-28,0.024634496615886015
MCHI,2017-05-31,0.051016464027526354
MCHI,2017-06-30,0.020676649078976483
MCHI,2017-07-31,0.08630485707216407
MCHI,2017-08-31,0.04359539323210848
MCHI,2017-09-29,0.017580650910750117
MCHI,2017-10-31,0.0350293535064814
MCHI,2017-11-30,0.014395011672790892
MCHI,2017-12-29,0.01752265659014185
MCHI,2018-01-31,0.12428634892215973
MCHI,2018-02-28,-0.074990346763807
MCHI,2018-03-29,-0.009103828209023335
MCHI,2018-04-30,-0.025083863182761346
MCHI,2018-05-31,0.029618548481078033
MCHI,2018-06-29,-0.05718079270413323
MCHI,2018-07-31,-0.012074260597731867
MCHI,2018-08-31,-0.04826074035718486
MCHI,2018-09-28,-0.013994112045181306
MCHI,2018-10-31,-0.11086998811228432
MCHI,2018-11-30,0.07943675115627324
MCHI,2018-12-31,-0.07564199244900671
MCHI,2019-01-31,0.1271381745315867
MCHI,2019-02-28,0.02360468977287833
MCHI,2019-03-29,0.02833145331774456
MCHI,2019-04-30,0.01745958992595642
MCHI,2019-05-31,-0.12893581744234994
MCHI,2019-06-28,0.08133780029988258
MCHI,2019-07-31,-0.01648439551726788
MCHI,2019-08-30,-0.035060862794418335
MCHI,2019-09-30,-0.0060260499511780585
MCHI,2019-10-31,0.042617658036938844
MCHI,2019-11-29,0.020352260700308156
MCHI,2019-12-31,0.08427451682283604
MCHI,2020-01-31,-0.062100021155850005
MCHI,2020-02-28,0.03360496369472621
MCHI,2020-03-31,-0.07854486966900454
MCHI,2020-04-30,0.04768552599371456
MCHI,2020-05-29,0.01700546286487925
MCHI,2020-06-30,0.07695328118184785
MCHI,2020-07-31,0.09259011086201774
MCHI,2020-08-31,0.057893821688230984
MCHI,2020-09-30,-0.019563716729773417
MCHI,2020-10-30,0.0478628093577782
MCHI,2020-11-30,0.026891295376583635
MCHI,2020-12-31,0.022291640448330208
MCHI,2021-01-29,0.08089423297695619
MCHI,2021-02-26,-0.004684587757157965
MCHI,2021-03-31,-0.06210542303251576
MCHI,2021-04-30,0.003427113850678065
MCHI,2021-05-28,-0.0017074432869985667
MCHI,2021-06-30,0.009527539512266925
MCHI,2021-07-30,-0.13549250747842556
MCHI,2021-08-31,-0.0067351101839999705
MCHI,2021-09-30,-0.046051700086436775
MCHI,2021-10-29,0.02532226415208938
MCHI,2021-11-30,-0.058203481940221735
MCHI,2021-12-31,-0.03039920300129817
MCHI,2022-01-31,-0.0027083766490930694
MCHI,2022-02-28,-0.06373791947511476
MCHI,2022-03-31,-0.0975943861798293
MCHI,2022-04-29,-0.045944446547291906
MCHI,2022-05-31,0.02635752730764529
MCHI,2022-06-30,0.08367827504764946
MCHI,2022-07-29,-0.10965781235452232
MCHI,2022-08-31,0
MCHI,2022-09-30,-0.14348952785145885
MCHI,2022-10-31,-0.16400373648615707
MCHI,2022-11-30,0.3212478755822923
MCHI,2022-12-30,0.02553464580542486
MCHI,2023-01-31,0.1279999496082478
MCHI,2023-02-28,-0.1067562681399008
MCHI,2023-03-31,0.04241529444289305
MCHI,2023-04-28,-0.0434955535646282
MCHI,2023-05-31,-0.09388104533306951
MCHI,2023-06-30,0.044432694034805875
MCHI,2023-07-31,0.11309798708036789
MCHI,2023-08-31,-0.0981928543487196
MCHI,2023-09-29,-0.03607206235692351
MCHI,2023-10-31,-0.034188130911965264
MCHI,2023-11-30,0.020808434087277172
MCHI,2023-12-29,-0.02194331211364542
MCHI,2024-01-31,-0.10309280282278677
MCHI,2024-02-29,0.06704972164280765
MCHI,2024-03-28,0.01897918727842729
MCHI,2024-04-30,0.05386358766096033
MCHI,2024-05-31,0.046572832520760166
MCHI,2024-06-28,-0.0334536394266568
MCHI,2024-07-31,-0.015413760293848444
MCHI,2024-08-30,0.0074663219194592845
MCHI,2024-09-30,0.2170690209026942
MCHI,2024-10-31,-0.03260654074823588
MCHI,2024-11-29,-0.039187914928056844
MCHI,2024-12-31,0.009213731899575084
MCHI,2025-01-31,0.033077385600460474
MCHI,2025-02-28,0.10679608816444253
MCHI,2025-03-31,0.01530416458422068
MCHI,2025-04-30,-0.05036759185358697
MCHI,2025-05-30,0.022454457720773258
MCHI,2025-06-30,0.053475130681405636
MCHI,2025-07-31,0.04228672994223737
MCHI,2025-08-29,0.06756062753185765
MCHI,2025-09-30,0.07404985380171647
MCHI,2025-10-31,-0.03462416643852817
MCHI,2025-11-28,-0.021551001481026066
MCHI,2025-12-31,-0.022440489291178145
MCHI,2026-01-30,0.03878814153933652
MCHI,2026-02-27,-0.05352568266249902
MCHI,2026-03-31,-0.04876396999016275
MCHI,2026-04-30,0.024741894997814873
MCHI,2026-05-29,-0.04290431860638555
MCHI,2026-06-30,-0.06772762542760713
MCHI,2026-07-31,0.09347443801427024
MCHI,2026-08-31,-0.019354803425160716
MCHI,2026-09-21,-0.013157916751484144
PAVE,2017-03-31,0.0020337313174423333
PAVE,2017-04-28,-0.006765756888711727
PAVE,2017-05-31,-0.02929149599836256
PAVE,2017-06-30,0.023508654402085716
PAVE,2017-07-31,-0.004456511165770394
PAVE,2017-08-31,-0.0075759029780791964
PAVE,2017-09-29,0.06939646948527711
PAVE,2017-10-31,0.00973366494157002
PAVE,2017-11-30,0.038560508417506245
PAVE,2017-12-29,0.04152998987858059
PAVE,2018-01-31,0.032181396265424045
PAVE,2018-02-28,-0.05773668296824819
PAVE,2018-03-29,-0.016544385416386143
PAVE,2018-04-30,-0.026168179352902943
PAVE,2018-05-31,0.05310283950398631
PAVE,2018-06-29,-0.010935373463830111
PAVE,2018-07-31,0.05159701896660751
PAVE,2018-08-31,0.006425078733387046
PAVE,2018-09-28,-0.004062733302544919
PAVE,2018-10-31,-0.11888087843506678
PAVE,2018-11-30,0.030423194865447423
PAVE,2018-12-31,-0.12927957655359557
PAVE,2019-01-31,0.1166417658732597
PAVE,2019-02-28,0.04723898044914909
PAVE,2019-03-29,-0.00254118317198071
PAVE,2019-04-30,0.04942682341283011
PAVE,2019-05-31,-0.10293773620090829
PAVE,2019-06-28,0.1073431870090189
PAVE,2019-07-31,-0.005521612965126987
PAVE,2019-08-30,-0.05070944343585215
PAVE,2019-09-30,0.050818866777757155
PAVE,2019-10-31,0.02535554516101457
PAVE,2019-11-29,0.05006019073163892
PAVE,2019-12-31,0.026077829326353053
PAVE,2020-01-31,-0.041549677063987156
PAVE,2020-02-28,-0.08728762078957353
PAVE,2020-03-31,-0.20988443351852804
PAVE,2020-04-30,0.12103977199772697
PAVE,2020-05-29,0.06521725489155195
PAVE,2020-06-30,0.04148068871787336
PAVE,2020-07-31,0.029928039686907493
PAVE,2020-08-31,0.08475854594163645
PAVE,2020-09-30,-0.011781813001659924
PAVE,2020-10-30,0.033869179509489644
PAVE,2020-11-30,0.16351112486682062
PAVE,2020-12-31,0.04861605259932178
PAVE,2021-01-29,-0.019330593663155038
PAVE,2021-02-26,0.09951926473228823
PAVE,2021-03-31,0.09575882988301632
PAVE,2021-04-30,0.03032716795263224
PAVE,2021-05-28,0.02594897224935977
PAVE,2021-06-30,-0.02641810913200604
PAVE,2021-07-30,0.028349544770079227
PAVE,2021-08-31,0.0279457495530937
PAVE,2021-09-30,-0.0664953184066065
PAVE,2021-10-29,0.0877607680372503
PAVE,2021-11-30,-0.01555727269592766
PAVE,2021-12-31,0.06170899896045823
PAVE,2022-01-31,-0.08614109733152198
PAVE,2022-02-28,0.01748398234031967
PAVE,2022-03-31,0.056406478361690215
PAVE,2022-04-29,-0.07072144920683798
PAVE,2022-05-31,-0.01712327585961282
PAVE,2022-06-30,-0.11535551290582413
PAVE,2022-07-29,0.15458945071391605
PAVE,2022-08-31,-0.027386975093869115
PAVE,2022-09-30,-0.09816183265849887
PAVE,2022-10-31,0.12315691428920772
PAVE,2022-11-30,0.07876463893267172
PAVE,2022-12-30,-0.046817673950733996
PAVE,2023-01-31,0.09248772259139026
PAVE,2023-02-28,0.00863855354201215
PAVE,2023-03-31,-0.028777004891477276
PAVE,2023-04-28,-0.02680778553440899
PAVE,2023-05-31,-0.011235912901730538
PAVE,2023-06-30,0.15512159947548798
PAVE,2023-07-31,0.03054415643431474
PAVE,2023-08-31,-0.0037048653157597533
PAVE,2023-09-29,-0.05856842137796514
PAVE,2023-10-31,-0.05200789343351786
PAVE,2023-11-30,0.09340270981124599
PAVE,2023-12-29,0.09924065786227665
PAVE,2024-01-31,-0.004062835856726843
PAVE,2024-02-29,0.09906768454899506
PAVE,2024-03-28,0.05540837031700918
PAVE,2024-04-30,-0.05827684484935891
PAVE,2024-05-31,0.03227527453763712
PAVE,2024-06-28,-0.04133295797943881
PAVE,2024-07-31,0.0794164533265842
PAVE,2024-08-30,-0.01351358418686055
PAVE,2024-09-30,0.04414003537258293
PAVE,2024-10-31,-9.717493151917278e-4
PAVE,2024-11-29,0.11211078571883015
PAVE,2024-12-31,-0.11332602423005822
PAVE,2025-01-31,0.046523223385900314
PAVE,2025-02-28,-0.04918422862994387
PAVE,2025-03-31,-0.061676305817590094
PAVE,2025-04-30,0.017227834531253983
PAVE,2025-05-30,0.08155275665628503
PAVE,2025-06-30,0.05253781700935445
PAVE,2025-07-31,0.04841658873927823
PAVE,2025-08-29,0.017946990095996984
PAVE,2025-09-30,0.024080907548091668
PAVE,2025-10-31,0.013226926884996715
PAVE,2025-11-28,0.005801901814643795
PAVE,2025-12-31,-0.008812156438919971
PAVE,2026-01-30,0.06193756690824803
PAVE,2026-02-27,0.08551729040107547
PAVE,2026-03-31,-0.07769103065967375
PAVE,2026-04-30,0.11769336565630195
PAVE,2026-05-29,-0.008452201849419194
PAVE,2026-06-30,0.04818537070605533
PAVE,2026-07-31,-0.043448703974044545
PAVE,2026-08-31,-0.02945351010353292
PAVE,2026-09-21,-0.029616067811508162
PICK,2015-01-30,-0.07801406003525158
PICK,2015-02-27,0.1279717089307011
PICK,2015-03-31,-0.08803455333965948
PICK,2015-04-30,0.09041495879391981
PICK,2015-05-29,-0.03740667259062047
PICK,2015-06-30,-0.0789845594340739
PICK,2015-07-31,-0.10942234369388248
PICK,2015-08-31,-0.08361798053020664
PICK,2015-09-30,-0.12383593887737299
PICK,2015-10-30,0.08289044472459373
PICK,2015-11-30,-0.10598640027255457
PICK,2015-12-31,-0.053707140930216335
PICK,2016-01-29,-0.12470301632045944
PICK,2016-02-29,0.12075994269149826
PICK,2016-03-31,0.1646491165385009
PICK,2016-04-29,0.1559250963127421
PICK,2016-05-31,-0.13489204171630487
PICK,2016-06-30,0.050926936324021455
PICK,2016-07-29,0.11022880030784354
PICK,2016-08-31,-0.03488396375045821
PICK,2016-09-30,0.0815569883546936
PICK,2016-10-31,0.03427603416197722
PICK,2016-11-30,0.10604796644742942
PICK,2016-12-30,-0.02798722980936741
PICK,2017-01-31,0.14646475894041666
PICK,2017-02-28,-0.033208897809766325
PICK,2017-03-31,-0.01577269550107463
PICK,2017-04-28,-0.032051523789899616
PICK,2017-05-31,-0.026122282920092887
PICK,2017-06-30,0.03473903690431923
PICK,2017-07-31,0.12819552155050062
PICK,2017-08-31,0.053858930656602855
PICK,2017-09-29,-0.03490187322102534
PICK,2017-10-31,0.02389391988716394
PICK,2017-11-30,-0.0056761706224385255
PICK,2017-12-29,0.11353375117718811
PICK,2018-01-31,0.06121840009111179
PICK,2018-02-28,-0.038639114861399704
PICK,2018-03-29,-0.05123150237222229
PICK,2018-04-30,0.02297132984799055
PICK,2018-05-31,0.010790324646218874
PICK,2018-06-29,-0.044973120131513
PICK,2018-07-31,0.025743107379471386
PICK,2018-08-31,-0.0800717325960143
PICK,2018-09-28,0.05846060351928428
PICK,2018-10-31,-0.09420061256785206
PICK,2018-11-30,-0.0379406973253994
PICK,2018-12-31,-0.02215127076723311
PICK,2019-01-31,0.11119361783735227
PICK,2019-02-28,0.02101390622408128
PICK,2019-03-29,0.015027767356497579
PICK,2019-04-30,-0.008046349926377983
PICK,2019-05-31,-0.08890346881893951
PICK,2019-06-28,0.11221613007763565
PICK,2019-07-31,-0.06701893723631891
PICK,2019-08-30,-0.09483376079972061
PICK,2019-09-30,0.04065687381997263
PICK,2019-10-31,0.03005242021904686
PICK,2019-11-29,0.035740443954545675
PICK,2019-12-31,0.07311755451268342
PICK,2020-01-31,-0.09384449801408568
PICK,2020-02-28,-0.12769138416442805
PICK,2020-03-31,-0.17872336372741937
PICK,2020-04-30,0.10362713528121814
PICK,2020-05-29,0.1056335717777459
PICK,2020-06-30,0.05744772811343268
PICK,2020-07-31,0.07582553141473691
PICK,2020-08-31,0.05380847698699487
PICK,2020-09-30,-0.03703720994144222
PICK,2020-10-30,-0.004480900398732168
PICK,2020-11-30,0.21380340764396166
PICK,2020-12-31,0.1534514858642766
PICK,2021-01-29,-0.008955161779164222
PICK,2021-02-26,0.13745890590798027
PICK,2021-03-31,0.01420289153080101
PICK,2021-04-30,0.08734908222059867
PICK,2021-05-28,0.0379828775927904
PICK,2021-06-30,-0.035767721134835395
PICK,2021-07-30,0.0504760464032894
PICK,2021-08-31,-0.040252939226478324
PICK,2021-09-30,-0.10452343921340812
PICK,2021-10-29,0.04046109580128543
PICK,2021-11-30,-0.0412444931199657
PICK,2021-12-31,0.094194583569851
PICK,2022-01-31,0.0032848003475354215
PICK,2022-02-28,0.12231064147032877
PICK,2022-03-31,0.06730560526053342
PICK,2022-04-29,-0.11226057479419616
PICK,2022-05-31,0.0076971812556794195
PICK,2022-06-30,-0.19188240255353095
PICK,2022-07-29,0.04042653301088328
PICK,2022-08-31,-0.01403118174611051
PICK,2022-09-30,-0.06869175916662973
PICK,2022-10-31,0.03614435998448151
PICK,2022-11-30,0.22773710079995135
PICK,2022-12-30,-0.028846138247980768
PICK,2023-01-31,0.13731717532961052
PICK,2023-02-28,-0.08749730008934375
PICK,2023-03-31,0.0039953950901214785
PICK,2023-04-28,-0.034410306349107245
PICK,2023-05-31,-0.08606055298225113
PICK,2023-06-30,0.09430029776495763
PICK,2023-07-31,0.07587740381248365
PICK,2023-08-31,-0.07787734007207103
PICK,2023-09-29,-0.009466897442467315
PICK,2023-10-31,-0.056841059236263036
PICK,2023-11-30,0.08293348909925857
PICK,2023-12-29,0.08603758231416614
PICK,2024-01-31,-0.06013468958233548
PICK,2024-02-29,-0.024703469350119245
PICK,2024-03-28,0.05623097842170344
PICK,2024-04-30,0.0232612072127496
PICK,2024-05-31,0.034216133743286914
PICK,2024-06-28,-0.06360777129089523
PICK,2024-07-31,-0.015429943186936246
PICK,2024-08-30,-0.025870717849822977
PICK,2024-09-30,0.10342192100652614
PICK,2024-10-31,-0.0710482827187664
PICK,2024-11-29,-0.010712603745268945
PICK,2024-12-31,-0.10372068542377932
PICK,2025-01-31,0.013718175472874572
PICK,2025-02-28,0.011840995141611854
PICK,2025-03-31,-2.7860543279489836e-4
PICK,2025-04-30,-0.020066957188131007
PICK,2025-05-30,0.04778158310839431
PICK,2025-06-30,0.04007561739087584
PICK,2025-07-31,0.020744719713433613
PICK,2025-08-29,0.06826466374862927
PICK,2025-09-30,0.08536587806704499
PICK,2025-10-31,0.04651691711859707
PICK,2025-11-28,0.01782263789339078
PICK,2025-12-31,0.10028456854946222
PICK,2026-01-30,0.13576160081664046
PICK,2026-02-27,0.10341274739309747
PICK,2026-03-31,-0.12045382610108724
PICK,2026-04-30,0.08853156734788548
PICK,2026-05-29,0.07288960761193652
PICK,2026-06-30,-0.1127499809380349
PICK,2026-07-31,0.017196904105926114
PICK,2026-08-31,0.1022822530227041
PICK,2026-09-21,-0.05337417009852918
QAT,2015-01-30,-0.019616109095923262
QAT,2015-02-27,0.062200796902953215
QAT,2015-03-31,-0.04700033842549112
QAT,2015-04-30,0.04189893836002323
QAT,2015-05-29,-0.008161848099865976
QAT,2015-06-30,-0.020923391199292762
QAT,2015-07-31,-0.039435998636257685
QAT,2015-08-31,0.004128632494508455
QAT,2015-09-30,-0.03572424805107166
QAT,2015-10-30,0.02899376569976231
QAT,2015-11-30,-0.1321362332287721
QAT,2015-12-31,0.023466721097357368
QAT,2016-01-29,-0.0881742164788174
QAT,2016-02-29,0.06769034294080378
QAT,2016-03-31,0.06925944853520916
QAT,2016-04-29,-0.01992999001313145
QAT,2016-05-31,-0.07117445387378318
QAT,2016-06-30,0.03835764006694098
QAT,2016-07-29,0.06834355116721724
QAT,2016-08-31,0.03428848305351506
QAT,2016-09-30,-0.038842339509761126
QAT,2016-10-31,-0.01724588984777531
QAT,2016-11-30,-0.06862199262868196
QAT,2016-12-30,0.07199075251328124
QAT,2017-01-31,0.017838557716210568
QAT,2017-02-28,0.01597927878996752
QAT,2017-03-31,-0.009132611304414895
QAT,2017-04-28,-0.0204811666401149
QAT,2017-05-31,-0.013486511390246592
QAT,2017-06-30,-0.09899147247138762
QAT,2017-07-31,0.07640607100286845
QAT,2017-08-31,-0.0701308515353739
QAT,2017-09-29,-0.04067169731249243
QAT,2017-10-31,-0.036857923685826854
QAT,2017-11-30,-0.08261736418500254
QAT,2017-12-29,0.16714725008132847
QAT,2018-01-31,0.04592584004404077
QAT,2018-02-28,-0.059253952858814074
QAT,2018-03-29,0.04115436952318641
QAT,2018-04-30,0.031212198759788645
QAT,2018-05-31,0.021970381188619825
QAT,2018-06-29,-0.02305768325876134
QAT,2018-07-31,0.08611615897769931
QAT,2018-08-31,0.01362775404206329
QAT,2018-09-28,0.0016666451747362476
QAT,2018-10-31,0.029894606810519475
QAT,2018-11-30,0.04259776097421386
QAT,2018-12-31,-0.03894707942282827
QAT,2019-01-31,0.051920207954867514
QAT,2019-02-28,-0.05655529955825278
QAT,2019-03-29,0.008174097791277202
QAT,2019-04-30,0.024324794408459027
QAT,2019-05-31,-0.034301045801324315
QAT,2019-06-28,0.011601178700993975
QAT,2019-07-31,-0.01397436384704065
QAT,2019-08-30,-0.02006805057489014
QAT,2019-09-30,0.015851117386131097
QAT,2019-10-31,5.69328834491456e-4
QAT,2019-11-29,-0.003984026470776225
QAT,2019-12-31,0.016571628716955056
QAT,2020-01-31,0.011804201278960536
QAT,2020-02-28,-0.1183332576917776
QAT,2020-03-31,-0.08172661522751856
QAT,2020-04-30,0.09373513370828745
QAT,2020-05-29,0.008218834095012229
QAT,2020-06-30,0.024428228874750824
QAT,2020-07-31,0.052302031466546994
QAT,2020-08-31,0.04107139018960071
QAT,2020-09-30,0.024585501379751795
QAT,2020-10-30,-0.051450998226152955
QAT,2020-11-30,0.06247785955758767
QAT,2020-12-31,0.021594935982597097
QAT,2021-01-29,0.010839857749081583
QAT,2021-02-26,-0.03592488502595348
QAT,2021-03-31,0.04616245605284397
QAT,2021-04-30,0.04253049054529856
QAT,2021-05-28,-0.01305464440692694
QAT,2021-06-30,-5.366357481276784e-4
QAT,2021-07-30,-0.0015856111392476002
QAT,2021-08-31,0.043938785766754584
QAT,2021-09-30,0.027028416064519778
QAT,2021-10-29,0.022070782485170914
QAT,2021-11-30,-0.01840576779186942
QAT,2021-12-31,0.016267857134552255
QAT,2022-01-31,0.07770756966277226
QAT,2022-02-28,0.03515080897381373
QAT,2022-03-31,0.046147303244565174
QAT,2022-04-29,0.005409863369237433
QAT,2022-05-31,-0.059188783975480885
QAT,2022-06-30,-0.0481884795440668
QAT,2022-07-29,0.06408417540862499
QAT,2022-08-31,0.01707867435801358
QAT,2022-09-30,-0.06875847052085193
QAT,2022-10-31,0.014045849986160652
QAT,2022-11-30,-0.043518796803433846
QAT,2022-12-30,-0.09680714069862495
QAT,2023-01-31,0.0405538505442391
QAT,2023-02-28,-0.0429543337091578
QAT,2023-03-31,-0.004926239228514984
QAT,2023-04-28,0.014301618326610921
QAT,2023-05-31,-5.424432387014511e-4
QAT,2023-06-30,0.009537131707056057
QAT,2023-07-31,0.05921794774745681
QAT,2023-08-31,-0.05221527089105649
QAT,2023-09-29,-0.032276024984779994
QAT,2023-10-31,-0.06612992894030933
QAT,2023-11-30,0.0689656535860459
QAT,2023-12-29,0.04435468172389978
QAT,2024-01-31,-0.04853824693845665
QAT,2024-02-29,0.05391295086873993
QAT,2024-03-28,-0.029702964369756835
QAT,2024-04-30,-0.020974876421847477
QAT,2024-05-31,-0.03590061307025294
QAT,2024-06-28,0.0615008918293114
QAT,2024-07-31,0.03080565831107851
QAT,2024-08-30,0.0132184143912486
QAT,2024-09-30,0.05161655873099735
QAT,2024-10-31,-0.02211438394803733
QAT,2024-11-29,0.0044126336492384954
QAT,2024-12-31,3.6737881607895595e-4
QAT,2025-01-31,0.010039065027619198
QAT,2025-02-28,-0.006073981725628674
QAT,2025-03-31,-0.00888893537054869
QAT,2025-04-30,0.026345330119509125
QAT,2025-05-30,0.02403054263283466
QAT,2025-06-30,0.017325942555043605
QAT,2025-07-31,0.05558548451771572
QAT,2025-08-29,0.017552609965238775
QAT,2025-09-30,-0.023499925296875057
QAT,2025-10-31,-0.01177673931114831
QAT,2025-11-28,-0.021761725596286308
QAT,2025-12-31,0.008761942404775569
QAT,2026-01-30,0.04740126493147079
QAT,2026-02-27,-0.012683943464307124
QAT,2026-03-31,-0.0441931081427952
QAT,2026-04-30,0.00967743886452066
QAT,2026-05-29,0.023961604097266775
QAT,2026-06-30,-0.03146989256062893
QAT,2026-07-31,-0.0344444910685221
QAT,2026-08-31,0.0017261615704349254
QAT,2026-09-21,-0.030442314261380554
SPY,2015-01-30,-0.029109852532881453
SPY,2015-02-27,0.05620481629028551
SPY,2015-03-31,-0.015705722851716453
SPY,2015-04-30,0.00983363749560806
SPY,2015-05-29,0.012856218017543108
SPY,2015-06-30,-0.02031208455560851
SPY,2015-07-31,0.02258941485548127
SPY,2015-08-31,-0.06095010699308845
SPY,2015-09-30,-0.025516248556694543
SPY,2015-10-30,0.0850601454180604
SPY,2015-11-30,0.0036551040355898845
SPY,2015-12-31,-0.017282663967267187
SPY,2016-01-29,-0.049786446304528775
SPY,2016-02-29,-8.259147277230872e-4
SPY,2016-03-31,0.06726588887017226
SPY,2016-04-29,0.003940920880319609
SPY,2016-05-31,0.017011920706397454
SPY,2016-06-30,0.0034759516995233053
SPY,2016-07-29,0.03647089614121124
SPY,2016-08-31,0.0011975443682372688
SPY,2016-09-30,5.8074916477135474e-5
SPY,2016-10-31,-0.017336957944885212
SPY,2016-11-30,0.036838636569972216
SPY,2016-12-30,0.020271672665749252
SPY,2017-01-31,0.017894665992696623
SPY,2017-02-28,0.03929159448620645
SPY,2017-03-31,0.0012497907062534175
SPY,2017-04-28,0.009926427312169528
SPY,2017-05-31,0.014112608929457648
SPY,2017-06-30,0.006374877239277543
SPY,2017-07-31,0.020554156090613063
SPY,2017-08-31,0.0029177013371899374
SPY,2017-09-29,0.020149726800360535
SPY,2017-10-31,0.023563805674377658
SPY,2017-11-30,0.03056585092304842
SPY,2017-12-29,0.012128094961325386
SPY,2018-01-31,0.05635902216684219
SPY,2018-02-28,-0.036360289661456546
SPY,2018-03-29,-0.027410308274566142
SPY,2018-04-30,0.005168057154369965
SPY,2018-05-31,0.02430907595829268
SPY,2018-06-29,0.00575095490550348
SPY,2018-07-31,0.0370461985250099
SPY,2018-08-31,0.03191968897089148
SPY,2018-09-28,0.005945990467561835
SPY,2018-10-31,-0.0691045015940207
SPY,2018-11-30,0.018549377845671344
SPY,2018-12-31,-0.08804858114380898
SPY,2019-01-31,0.08006591219589088
SPY,2019-02-28,0.032415610860129895
SPY,2019-03-29,0.01810078078262345
SPY,2019-04-30,0.04085217449160927
SPY,2019-05-31,-0.06377102546859692
SPY,2019-06-28,0.06958633424778582
SPY,2019-07-31,0.015119348487220963
SPY,2019-08-30,-0.01674299818476732
SPY,2019-09-30,0.01945749081012793
SPY,2019-10-31,0.02210456618129575
SPY,2019-11-29,0.036198537550083953
SPY,2019-12-31,0.029055526641950102
SPY,2020-01-31,-4.0376582541490347e-4
SPY,2020-02-28,-0.0791657908092609
SPY,2020-03-31,-0.12487161511974543
SPY,2020-04-30,0.12698383006123648
SPY,2020-05-29,0.04764525391090757
SPY,2020-06-30,0.017734461130417545
SPY,2020-07-31,0.058892085814745476
SPY,2020-08-31,0.06979672449248264
SPY,2020-09-30,-0.037443432372964436
SPY,2020-10-30,-0.02493356476980446
SPY,2020-11-30,0.10877666743001657
SPY,2020-12-31,0.03704824399829909
SPY,2021-01-29,-0.010190378372995634
SPY,2021-02-26,0.027805486239884658
SPY,2021-03-31,0.045399563768911966
SPY,2021-04-30,0.05291020021795667
SPY,2021-05-28,0.006566070081731379
SPY,2021-06-30,0.02242747642436016
SPY,2021-07-30,0.024412408570464672
SPY,2021-08-31,0.029759866210150587
SPY,2021-09-30,-0.04660552129286022
SPY,2021-10-29,0.07016373893556693
SPY,2021-11-30,-0.008034761551452885
SPY,2021-12-31,0.04624738244897708
SPY,2022-01-31,-0.05274099487345962
SPY,2022-02-28,-0.029517140721711077
SPY,2022-03-31,0.037590500150980866
SPY,2022-04-29,-0.08776915611869462
SPY,2022-05-31,0.002257389798734799
SPY,2022-06-30,-0.08246037820803209
SPY,2022-07-29,0.09208731089745337
SPY,2022-08-31,-0.040802033952211825
SPY,2022-09-30,-0.09244592139537566
SPY,2022-10-31,0.08127561980674725
SPY,2022-11-30,0.05559156871056148
SPY,2022-12-30,-0.05762824728325244
SPY,2023-01-31,0.06288743845012479
SPY,2023-02-28,-0.02514282475807561
SPY,2023-03-31,0.037077887075254834
SPY,2023-04-28,0.01597503737884387
SPY,2023-05-31,0.004616091989256166
SPY,2023-06-30,0.06479990559580551
SPY,2023-07-31,0.032733301253871305
SPY,2023-08-31,-0.016252203972609958
SPY,2023-09-29,-0.047434366574101494
SPY,2023-10-31,-0.021708678963486716
SPY,2023-11-30,0.09134398496098362
SPY,2023-12-29,0.045655122416805805
SPY,2024-01-31,0.015926485432173232
SPY,2024-02-29,0.05218686831471331
SPY,2024-03-28,0.03270197007666931
SPY,2024-04-30,-0.040319622402039346
SPY,2024-05-31,0.0505797721719623
SPY,2024-06-28,0.035280005824158245
SPY,2024-07-31,0.012109031927714176
SPY,2024-08-30,0.023365768194959058
SPY,2024-09-30,0.021004599190391327
SPY,2024-10-31,-0.008923604977951083
SPY,2024-11-29,0.05963369899011095
SPY,2024-12-31,-0.02406022034725963
SPY,2025-01-31,0.026856346816883425
SPY,2025-02-28,-0.012694925318311623
SPY,2025-03-31,-0.05571910658300483
SPY,2025-04-30,-0.008670177212539043
SPY,2025-05-30,0.06284478954355088
SPY,2025-06-30,0.0513862457746872
SPY,2025-07-31,0.02303156696140296
SPY,2025-08-29,0.020519542752579056
SPY,2025-09-30,0.0356203621268254
SPY,2025-10-31,0.023837409863407766
SPY,2025-11-28,0.0019499627157142374
SPY,2025-12-31,7.97497263286262e-4
SPY,2026-01-30,0.014737793329742122
SPY,2026-02-27,-0.008641994294614319
SPY,2026-03-31,-0.04937951897005721
SPY,2026-04-30,0.10505264083288113
SPY,2026-05-29,0.05262574755586291
SPY,2026-06-30,-0.010292580956815511
SPY,2026-07-31,3.4822442006920973e-4
SPY,2026-08-31,0.026799359784972054
SPY,2026-09-21,0.010912941280451616
TAN,2015-01-30,-0.004414167529751545
TAN,2015-02-27,0.16760235674696644
TAN,2015-03-31,0.12481025478822927
TAN,2015-04-30,0.05784376980731998
TAN,2015-05-29,-0.09595740031203703
TAN,2015-06-30,-0.0769592219809444
TAN,2015-07-31,-0.09943919371659982
TAN,2015-08-31,-0.1627971736104804
TAN,2015-09-30,-0.10246883747083935
TAN,2015-10-30,0.12283354403080105
TAN,2015-11-30,-0.1093960406542962
TAN,2015-12-31,0.17253414373545706
TAN,2016-01-29,-0.17721925651619663
TAN,2016-02-29,-0.06981357279489553
TAN,2016-03-31,-0.03368869834283672
TAN,2016-04-29,0.05119140955624313
TAN,2016-05-31,-0.07598645418499994
TAN,2016-06-30,-0.047705696083349514
TAN,2016-07-29,0.021946694134227007
TAN,2016-08-31,-0.02380950538147064
TAN,2016-09-30,-0.028694440138797295
TAN,2016-10-31,-0.05957658823795897
TAN,2016-11-30,-0.0821990056520272
TAN,2016-12-30,-0.007880398482579043
TAN,2017-01-31,0.04345214001810449
TAN,2017-02-28,0.08502017449159527
TAN,2017-03-31,-0.07889111213362598
TAN,2017-04-28,0.012731326226566253
TAN,2017-05-31,0.057714262569500185
TAN,2017-06-30,0.07455418433287564
TAN,2017-07-31,0.08798393242454083
TAN,2017-08-31,0.0027727345759454014
TAN,2017-09-29,-0.002304223147429618
TAN,2017-10-31,0.10762132474580866
TAN,2017-11-30,0.02460382145739759
TAN,2017-12-29,0.04111120468365592
TAN,2018-01-31,-0.002785527145324429
TAN,2018-02-28,-0.03152423252143011
TAN,2018-03-29,0.011948911969771103
TAN,2018-04-30,0.0024430519874734102
TAN,2018-05-31,0.0349308455510593
TAN,2018-06-29,-0.09340660386328281
TAN,2018-07-31,-0.015584433032280631
TAN,2018-08-31,-0.04001750297687079
TAN,2018-09-28,-0.04993137896210298
TAN,2018-10-31,-0.10848604784051785
TAN,2018-11-30,0.1384532527342195
TAN,2018-12-31,-0.11256675001511185
TAN,2019-01-31,0.25552578189433506
TAN,2019-02-28,0.06998701343703617
TAN,2019-03-29,-0.07062594638905739
TAN,2019-04-30,0.08333328482019864
TAN,2019-05-31,0.023116776319577426
TAN,2019-06-28,0.10128555659743754
TAN,2019-07-31,0.04386278083428441
TAN,2019-08-30,0.035242266596218874
TAN,2019-09-30,-0.03862522266116797
TAN,2019-10-31,-0.04358189860423578
TAN,2019-11-29,-0.003559978241606032
TAN,2019-12-31,0.1036665664502161
TAN,2020-01-31,0.04383125719486469
TAN,2020-02-28,0.1343700888758539
TAN,2020-03-31,-0.30819851061015446
TAN,2020-04-30,0.19381693036669145
TAN,2020-05-29,0.12084990701185272
TAN,2020-06-30,0.06931268102557842
TAN,2020-07-31,0.24681456101580812
TAN,2020-08-31,0.26171952032143553
TAN,2020-09-30,0.14086997406466284
TAN,2020-10-30,0.06142922825828445
TAN,2020-11-30,0.2298967358668611
TAN,2020-12-31,0.21610982872728668
TAN,2021-01-29,0.05770725826820278
TAN,2021-02-26,-0.06780750392395951
TAN,2021-03-31,-0.09425582003226174
TAN,2021-04-30,-0.09393046182170439
TAN,2021-05-28,-0.0485869455267427
TAN,2021-06-30,0.12918728470499663
TAN,2021-07-30,-0.0409717617156522
TAN,2021-08-31,-4.668854005061007e-4
TAN,2021-09-30,-0.06633192111901931
TAN,2021-10-29,0.23952477575562336
TAN,2021-11-30,-0.09697280017049015
TAN,2021-12-31,-0.13990384619507457
TAN,2022-01-31,-0.1492789148202709
TAN,2022-02-28,0.09147823323085413
TAN,2022-03-31,0.055827612828962536
TAN,2022-04-29,-0.14882051217380976
TAN,2022-05-31,0.10695933950274394
TAN,2022-06-30,0.0040787813889098246
TAN,2022-07-29,0.1986271314817869
TAN,2022-08-31,-0.014490989845302948
TAN,2022-09-30,-0.1271197060187762
TAN,2022-10-31,-0.031653242937099146
TAN,2022-11-30,0.17817072183382154
TAN,2022-12-30,-0.13146000460745988
TAN,2023-01-31,0.10775987054607583
TAN,2023-02-28,-0.08056931365438702
TAN,2023-03-31,0.04495884180638643
TAN,2023-04-28,-0.07265228740026863
TAN,2023-05-31,-0.02792047841808798
TAN,2023-06-30,0.02057719221558374
TAN,2023-07-31,-0.04032472448749114
TAN,2023-08-31,-0.15042312936244917
TAN,2023-09-29,-0.11059591564544624
TAN,2023-10-31,-0.1894187836298471
TAN,2023-11-30,0.09194858816531148
TAN,2023-12-29,0.16491048702961142
TAN,2024-01-31,-0.2058106800801145
TAN,2024-02-29,0.01840930476638558
TAN,2024-03-28,0.051448369103863856
TAN,2024-04-30,-0.11108661683183974
TAN,2024-05-31,0.19712370144569658
TAN,2024-06-28,-0.16714997694546052
TAN,2024-07-31,0.047749375199853006
TAN,2024-08-30,-0.020175717563430395
TAN,2024-09-30,0.04433144367216113
TAN,2024-10-31,-0.07608440476097311
TAN,2024-11-29,-0.07532009667145656
TAN,2024-12-31,-0.09628732083744529
TAN,2025-01-31,0.020531410842563158
TAN,2025-02-28,-0.042899431824530265
TAN,2025-03-31,-0.058423476933402996
TAN,2025-04-30,-0.06828627663243625
TAN,2025-05-30,0.13988722448035662
TAN,2025-06-30,0.059041729134548415
TAN,2025-07-31,0.07413896789162688
TAN,2025-08-29,0.1290760896325338
TAN,2025-09-30,0.0500602134596293
TAN,2025-10-31,0.12583079828942778
TAN,2025-11-28,-0.004275225754053147
TAN,2025-12-31,0.00429358178547945
TAN,2026-01-30,0.0962947810482544
TAN,2026-02-27,0.021355646396750805
TAN,2026-03-31,0.012909074263139253
TAN,2026-04-30,0.0484652810502737
TAN,2026-05-29,0.2657079352560774
TAN,2026-06-30,-0.19991882481112533
TAN,2026-07-31,-0.1660185873457305
TAN,2026-08-31,-0.03567812833776329
TAN,2026-09-21,-0.018078633926187138
THD,2015-01-30,0.04362604663462255
THD,2015-02-27,0.022152487736398552
THD,2015-03-31,-0.028162056778756828
THD,2015-04-30,-0.007433739080546009
THD,2015-05-29,-0.03363801282807688
THD,2015-06-30,-0.0018809477515054907
THD,2015-07-31,-0.06379249785249197
THD,2015-08-31,-0.07488169489202057
THD,2015-09-30,-0.034579102608362944
THD,2015-10-30,0.04673987581154537
THD,2015-11-30,-0.016879000255723087
THD,2015-12-31,-0.07624261778812036
THD,2016-01-29,0.04536139736335931
THD,2016-02-29,0.03311625612877345
THD,2016-03-31,0.06410830988748928
THD,2016-04-29,0.008309645663820309
THD,2016-05-31,-0.003973372625582172
THD,2016-06-30,0.03491587248018302
THD,2016-07-29,0.07937870368887512
THD,2016-08-31,0.015864651010210284
THD,2016-09-30,-0.027130701907714716
THD,2016-10-31,-0.020133496553021657
THD,2016-11-30,-0.002360219226365645
THD,2016-12-30,0.014156918052465661
THD,2017-01-31,0.0497989738916127
THD,2017-02-28,-0.00885300938202227
THD,2017-03-31,0.039728071959777456
THD,2017-04-28,-0.006026766824485996
THD,2017-05-31,0.008514071033018267
THD,2017-06-30,0.014574220455637166
THD,2017-07-31,0.014623136738209919
THD,2017-08-31,0.0456385475418597
THD,2017-09-29,0.04521802403769937
THD,2017-10-31,0.024406965239955225
THD,2017-11-30,0.012082234465885078
THD,2017-12-29,0.0391496797966584
THD,2018-01-31,0.07729736185179781
THD,2018-02-28,0.008931238615709436
THD,2018-03-29,-0.008354917884065172
THD,2018-04-30,-0.022366858764730324
THD,2018-05-31,-0.034985301389221846
THD,2018-06-29,-0.11004098626879444
THD,2018-07-31,0.08387021278434492
THD,2018-08-31,0.012784732193402482
THD,2018-09-28,0.044181073002503846
THD,2018-10-31,-0.08059378588630639
THD,2018-11-30,-0.005420976779828113
THD,2018-12-31,-0.03268130501931099
THD,2019-01-31,0.09769357163796322
THD,2019-02-28,-0.014191360059905067
THD,2019-03-29,-0.014283992914153387
THD,2019-04-30,0.025585749765855592
THD,2019-05-31,-0.011148919744393138
THD,2019-06-28,0.08408719121481778
THD,2019-07-31,-0.037556138599429634
THD,2019-08-30,-0.02173933232510339
THD,2019-09-30,-0.014444367709563255
THD,2019-10-31,-0.008004475393012633
THD,2019-11-29,-0.006250803625210022
THD,2019-12-31,0.009739380855716462
THD,2020-01-31,-0.09920086927319594
THD,2020-02-28,-0.10911151770758609
THD,2020-03-31,-0.1825036266367901
THD,2020-04-30,0.128414805411041
THD,2020-05-29,0.08434832622595301
THD,2020-06-30,0.023032725671014553
THD,2020-07-31,-0.028029335436077885
THD,2020-08-31,-0.005825692705684116
THD,2020-09-30,-0.08086742667506874
THD,2020-10-30,-0.02773339538363806
THD,2020-11-30,0.2331145860028201
THD,2020-12-31,0.030400664842015424
THD,2021-01-29,-0.0016867098194670582
THD,2021-02-26,0.012347191024385973
THD,2021-03-31,0.05571957296670238
THD,2021-04-30,-0.01787667773598367
THD,2021-05-28,0.004953040830094402
THD,2021-06-30,-0.024348624807351116
THD,2021-07-30,-0.06221120952166315
THD,2021-08-31,0.08767620636337314
THD,2021-09-30,-0.06174543171148539
THD,2021-10-29,0.026940025334814877
THD,2021-11-30,-0.04894272745717898
THD,2021-12-31,0.060756715252925364
THD,2022-01-31,0.00577880793274943
THD,2022-02-28,0.04400598415590129
THD,2022-03-31,-0.02451511170905618
THD,2022-04-29,-0.04513383456401554
THD,2022-05-31,0.01866497520251964
THD,2022-06-30,-0.07632511845684986
THD,2022-07-29,-0.004498605067354111
THD,2022-08-31,0.018221540563834182
THD,2022-09-30,-0.06957765351083778
THD,2022-10-31,0.023234188462240235
THD,2022-11-30,0.10601511748247283
THD,2022-12-30,0.030505468749170594
THD,2023-01-31,0.05905023711566981
THD,2023-02-28,-0.10712051306963477
THD,2023-03-31,0.03164573011134153
THD,2023-04-28,-0.033946743723100914
THD,2023-05-31,-0.03513974082515425
THD,2023-06-30,-0.0206218663467177
THD,2023-07-31,0.07540296308777217
THD,2023-08-31,-0.024031601460012708
THD,2023-09-29,-0.09487265958053859
THD,2023-10-31,-0.04256669587094131
THD,2023-11-30,0.018886740529199253
THD,2023-12-29,0.058702238006312024
THD,2024-01-31,-0.069057339764108
THD,2024-02-29,-0.00689655269456213
THD,2024-03-28,-0.010670715940132025
THD,2024-04-30,-0.015921924445636004
THD,2024-05-31,0.0012178292353965947
THD,2024-06-28,-0.037688761594860676
THD,2024-07-31,0.052340696489818095
THD,2024-08-30,0.07793347887040314
THD,2024-09-30,0.1255890145515406
THD,2024-10-31,-0.04445739326548792
THD,2024-11-29,-0.04214505120964529
THD,2024-12-31,-0.03510042810081626
THD,2025-01-31,-0.047485076186847275
THD,2025-02-28,-0.07694978646564521
THD,2025-03-31,-0.022205473071830295
THD,2025-04-30,0.05504231921020564
THD,2025-05-30,-0.02608543469078517
THD,2025-06-30,-0.03293880636510249
THD,2025-07-31,0.11789169936853794
THD,2025-08-29,0.014711178656811708
THD,2025-09-30,0.02864618990937995
THD,2025-10-31,0.0307353100170209
THD,2025-11-28,-0.02734763495912018
THD,2025-12-31,0.02426839326744723
THD,2026-01-30,0.05848839888358959
THD,2026-02-27,0.18825206985350662
THD,2026-03-31,-0.07554962506491536
THD,2026-04-30,0.01916974693061646
THD,2026-05-29,0.038891270673763856
THD,2026-06-30,0.007529296306107769
THD,2026-07-31,0.010095469251566014
THD,2026-08-31,-0.009173030675618143
THD,2026-09-21,0.015475957920153549
TUR,2015-01-30,-0.008175191942417448
TUR,2015-02-27,-0.07100039460455743
TUR,2015-03-31,-0.06432746052775562
TUR,2015-04-30,0.01077571523951848
TUR,2015-05-29,-0.0021320550813661576
TUR,2015-06-30,-0.01253743064797086
TUR,2015-07-31,-0.04785117394110905
TUR,2015-08-31,-0.11028389822517581
TUR,2015-09-30,-0.044456130328334065
TUR,2015-10-30,0.1018063932962654
TUR,2015-11-30,-0.0484353778887876
TUR,2015-12-31,-0.050617334781347445
TUR,2016-01-29,0.022827167851541708
TUR,2016-02-29,0.007798038413604713
TUR,2016-03-31,0.16969020787740918
TUR,2016-04-29,0.048357983848282604
TUR,2016-05-31,-0.13707573949752816
TUR,2016-06-30,0.022113818607067515
TUR,2016-07-29,-0.04539739929234987
TUR,2016-08-31,0.0031702626689356084
TUR,2016-09-30,-0.0028969730415446815
TUR,2016-10-31,-0.013206637830305512
TUR,2016-11-30,-0.14828679805202993
TUR,2016-12-30,0.022034611698324102
TUR,2017-01-31,0.0351094785867081
TUR,2017-02-28,0.04552199794395961
TUR,2017-03-31,0.018781886793100222
TUR,2017-04-28,0.11089411869384636
TUR,2017-05-31,0.03595692334785805
TUR,2017-06-30,0.032723039587357894
TUR,2017-07-31,0.06793580685660205
TUR,2017-08-31,0.0430855670797301
TUR,2017-09-29,-0.09580435696092282
TUR,2017-10-31,2.3916228485809654e-4
TUR,2017-11-30,-0.09397422329814309
TUR,2017-12-29,0.15025357234452463
TUR,2018-01-31,0.046939838895737385
TUR,2018-02-28,-0.019780263458258895
TUR,2018-03-29,-0.04887885609490594
TUR,2018-04-30,-0.11173988931107015
TUR,2018-05-31,-0.1268577210329519
TUR,2018-06-29,-0.05195488596696618
TUR,2018-07-31,-0.06651231515977407
TUR,2018-08-31,-0.28358728735007577
TUR,2018-09-28,0.17812952209426935
TUR,2018-10-31,-0.019319491814664635
TUR,2018-11-30,0.12462535274339759
TUR,2018-12-31,-0.061394247428888105
TUR,2019-01-31,0.17623113189239992
TUR,2019-02-28,-0.03563986331714508
TUR,2019-03-29,-0.12917132827155742
TUR,2019-04-30,-0.03914292822224208
TUR,2019-05-31,-0.02144094589883916
TUR,2019-06-28,0.07189937562810589
TUR,2019-07-31,0.09571791232641735
TUR,2019-08-30,-0.07547894285939738
TUR,2019-09-30,0.10733520773210459
TUR,2019-10-31,-0.07410185326247642
TUR,2019-11-29,0.07275686479126153
TUR,2019-12-31,0.032136502057691585
TUR,2020-01-31,0.02436317159242174
TUR,2020-02-28,-0.14774771040652224
TUR,2020-03-31,-0.20549673241374633
TUR,2020-04-30,0.07025012818858722
TUR,2020-05-29,0.07458980546611049
TUR,2020-06-30,0.08182377881421399
TUR,2020-07-31,-0.07105955224895011
TUR,2020-08-31,-0.07417723665397358
TUR,2020-09-30,-0.010515531355358432
TUR,2020-10-30,-0.10222665519208196
TUR,2020-11-30,0.2564824095405114
TUR,2020-12-31,0.19276016458747836
TUR,2021-01-29,0.006037750654035223
TUR,2021-02-26,0.0022505575747528983
TUR,2021-03-31,-0.13959585982368805
TUR,2021-04-30,0.01391903220160673
TUR,2021-05-28,-0.01630185295546749
TUR,2021-06-30,-0.05303586067454147
TUR,2021-07-30,0.05173226102322004
TUR,2021-08-31,0.07355614522188958
TUR,2021-09-30,-0.1063472181733135
TUR,2021-10-29,0.0018813756546478544
TUR,2021-11-30,-0.15680755664335178
TUR,2021-12-31,0.039276105420315455
TUR,2022-01-31,0.09903133788477447
TUR,2022-02-28,-0.08325174100882393
TUR,2022-03-31,0.10576930780684135
TUR,2022-04-29,0.07681169571066349
TUR,2022-05-31,-0.0448632389574789
TUR,2022-06-30,-0.08205789119457918
TUR,2022-07-29,0.012098930072368397
TUR,2022-08-31,0.16891900653810832
TUR,2022-09-30,-0.018230338174606397
TUR,2022-10-31,0.2314311692651987
TUR,2022-11-30,0.26149314586360584
TUR,2022-12-30,0.08410886454832855
TUR,2023-01-31,-0.08378385509095931
TUR,2023-02-28,0.04660752953065894
TUR,2023-03-31,-0.08060873933626356
TUR,2023-04-28,-0.050582514472163886
TUR,2023-05-31,-0.020019435487733217
TUR,2023-06-30,-0.037340392722787885
TUR,2023-07-31,0.19681425987536372
TUR,2023-08-31,0.10825206734888382
TUR,2023-09-29,0.029089816967927007
TUR,2023-10-31,-0.1143672352949493
TUR,2023-11-30,0.03279651187172128
TUR,2023-12-29,-0.07518422224075572
TUR,2024-01-31,0.1090458811261732
TUR,2024-02-29,0.047206727063763276
TUR,2024-03-28,-0.04134450622769825
TUR,2024-04-30,0.11853098112680382
TUR,2024-05-31,0.051741359805574705
TUR,2024-06-28,0.00618785292226498
TUR,2024-07-31,-0.005711406363543614
TUR,2024-08-30,-0.11297261784462431
TUR,2024-09-30,-0.01834871442780961
TUR,2024-10-31,-0.07861469078856387
TUR,2024-11-29,0.08830558383572229
TUR,2024-12-31,-0.013108793886305814
TUR,2025-01-31,0.0022308495731340194
TUR,2025-02-28,-0.04618816682832205
TUR,2025-03-31,-0.04259035164432878
TUR,2025-04-30,-0.06550885207294277
TUR,2025-05-30,-0.022171411271571184
TUR,2025-06-30,0.09224417875868562
TUR,2025-07-31,0.049287082888102685
TUR,2025-08-29,0.04254067077461032
TUR,2025-09-30,-0.030036933174600322
TUR,2025-10-31,-0.00233699475808824
TUR,2025-11-28,-0.019033803753982337
TUR,2025-12-31,0.038022375762346794
TUR,2026-01-30,0.19843120527624092
TUR,2026-02-27,-0.015030269578944488
TUR,2026-03-31,-0.04873250994309719
TUR,2026-04-30,0.09935321408717623
TUR,2026-05-29,-0.10096498410929822
TUR,2026-06-30,0.030307885604047513
TUR,2026-07-31,-0.02109052655085153
TUR,2026-08-31,0.05964267934463785
TUR,2026-09-21,-0.06669978475763194
UAE,2015-01-30,-0.02550480340069483
UAE,2015-02-27,0.06052347159807048
UAE,2015-03-31,-0.07043693007167828
UAE,2015-04-30,0.18692485856709484
UAE,2015-05-29,-0.05843684128874038
UAE,2015-06-30,0.014165852711993665
UAE,2015-07-31,0.026091484235626572
UAE,2015-08-31,-0.0885085564925201
UAE,2015-09-30,-0.05472097181401092
UAE,2015-10-30,-0.03609544324328129
UAE,2015-11-30,-0.06323623457170813
UAE,2015-12-31,-0.002322742060301919
UAE,2016-01-29,-0.09108156356172648
UAE,2016-02-29,0.12178158982694365
UAE,2016-03-31,0.03287852897762078
UAE,2016-04-29,0.04594589183121567
UAE,2016-05-31,-0.05483777706694526
UAE,2016-06-30,0.03274577778557375
UAE,2016-07-29,0.04121883694343298
UAE,2016-08-31,-0.001290451474710963
UAE,2016-09-30,-3.5209755678644594e-4
UAE,2016-10-31,-0.05304598386552317
UAE,2016-11-30,-0.013709664938894695
UAE,2016-12-30,0.05054377491548334
UAE,2017-01-31,0.02841584925866525
UAE,2017-02-28,-0.008818466395476454
UAE,2017-03-31,-0.004448293389302416
UAE,2017-04-28,0.011021551489339032
UAE,2017-05-31,-0.004713956604559089
UAE,2017-06-30,0.017696167732885293
UAE,2017-07-31,0.059175340466644855
UAE,2017-08-31,0.0028213732809656555
UAE,2017-09-29,-0.02279093519922093
UAE,2017-10-31,0.021019091553672542
UAE,2017-11-30,-0.05978556278195679
UAE,2017-12-29,0.013869532736683121
UAE,2018-01-31,0.045654605258047765
UAE,2018-02-28,-0.0493537165044432
UAE,2018-03-29,0.002395158358461158
UAE,2018-04-30,-0.012544699343069454
UAE,2018-05-31,-0.012704317348919747
UAE,2018-06-29,-0.026460766253411983
UAE,2018-07-31,0.037450547155239766
UAE,2018-08-31,-0.015199486067137724
UAE,2018-09-28,-0.01800633748749858
UAE,2018-10-31,-0.005893927741262739
UAE,2018-11-30,-0.04677193380584821
UAE,2018-12-31,-0.04817908698548656
UAE,2019-01-31,0.03868614854187835
UAE,2019-02-28,0.03724518042151925
UAE,2019-03-29,-0.0022355464297100225
UAE,2019-04-30,0.04970442178608958
UAE,2019-05-31,-0.08726304687360431
UAE,2019-06-28,-0.006247335990964942
UAE,2019-07-31,0.06940138768797732
UAE,2019-08-30,-0.03766683114505498
UAE,2019-09-30,-0.027577957226247674
UAE,2019-10-31,0.02333798595036507
UAE,2019-11-29,-0.030744821075027406
UAE,2019-12-31,0
UAE,2020-01-31,-0.016530107728714327
UAE,2020-02-28,-0.07783154112781532
UAE,2020-03-31,-0.2315269549153356
UAE,2020-04-30,0.1175207668162721
UAE,2020-05-29,-0.013384120602820904
UAE,2020-06-30,0.02458538008554112
UAE,2020-07-31,0.03492976076820198
UAE,2020-08-31,0.03760872819333727
UAE,2020-09-30,-9.294279857929855e-4
UAE,2020-10-30,-0.023721014637969606
UAE,2020-11-30,0.12053374052278154
UAE,2020-12-31,0.004059526835987093
UAE,2021-01-29,0.10050860989927846
UAE,2021-02-26,-0.013553002895688837
UAE,2021-03-31,0.046057707821057114
UAE,2021-04-30,0.003731279671657317
UAE,2021-05-28,0.10483272949002465
UAE,2021-06-30,-0.015439185599902094
UAE,2021-07-30,7.077844352496587e-4
UAE,2021-08-31,0.05445521826462052
UAE,2021-09-30,-0.004694760754220373
UAE,2021-10-29,-0.0026953745697309017
UAE,2021-11-30,0.12027020973004166
UAE,2021-12-31,-0.009122560461756635
UAE,2022-01-31,0.03465338076490254
UAE,2022-02-28,0.04904306057522101
UAE,2022-03-31,0.08323856733371793
UAE,2022-04-29,-0.009473742941457197
UAE,2022-05-31,-0.07810855212714651
UAE,2022-06-30,-0.08504893867855023
UAE,2022-07-29,0.061815723520504795
UAE,2022-08-31,-0.01030915187230741
UAE,2022-09-30,-0.06924015910156844
UAE,2022-10-31,0.032916288642774294
UAE,2022-11-30,0.014659116872443922
UAE,2022-12-30,-0.06018555530753156
UAE,2023-01-31,-0.022103314475634184
UAE,2023-02-28,0.003424628654152162
UAE,2023-03-31,-0.033447075305928275
UAE,2023-04-28,0.091807997453218
UAE,2023-05-31,-0.056274365621229006
UAE,2023-06-30,0.03140073131426813
UAE,2023-07-31,0.0491468355656397
UAE,2023-08-31,-0.02212097812133984
UAE,2023-09-29,0.017298761340203805
UAE,2023-10-31,-0.09744934842750519
UAE,2023-11-30,0.0739129186176799
UAE,2023-12-29,0.009219151883785859
UAE,2024-01-31,-0.008075411808169841
UAE,2024-02-29,-0.012211550513388625
UAE,2024-03-28,0.01579661781793651
UAE,2024-04-30,-0.03110200287000997
UAE,2024-05-31,-0.03279847284111259
UAE,2024-06-28,0.031118879819718837
UAE,2024-07-31,0.06181817035260151
UAE,2024-08-30,0.02739729707754912
UAE,2024-09-30,0.01266659032653017
UAE,2024-10-31,-0.006583185643456724
UAE,2024-11-29,0.030748814271090108
UAE,2024-12-31,0.059457593702107125
UAE,2025-01-31,0.03462952141205622
UAE,2025-02-28,0.024662323033475708
UAE,2025-03-31,-0.02750717314337303
UAE,2025-04-30,0.05362403426467055
UAE,2025-05-30,0.03859056803406258
UAE,2025-06-30,0.04283880275577112
UAE,2025-07-31,0.07051288672445732
UAE,2025-08-29,-0.03293416062473187
UAE,2025-09-30,-0.025283695985904298
UAE,2025-10-31,0.041820946225448186
UAE,2025-11-28,-0.05589422535799038
UAE,2025-12-31,0.039143999596600754
UAE,2026-01-30,0.071652651248864
UAE,2026-02-27,0.04197166666104679
UAE,2026-03-31,-0.12646366775352247
UAE,2026-04-30,0.031099160692809935
UAE,2026-05-29,0.0156006884045512
UAE,2026-06-30,0.007416910997775528
UAE,2026-07-31,-0.004208307351017848
UAE,2026-08-31,0.027469648673037472
UAE,2026-09-21,0.031362399952458375
URA,2015-01-30,-0.11548565416940137
URA,2015-02-27,0.09001035495488807
URA,2015-03-31,-0.06624361061353168
URA,2015-04-30,0.14091357629735768
URA,2015-05-29,-0.06643938486041112
URA,2015-06-30,-0.15875921720321384
URA,2015-07-31,-0.11496724507941847
URA,2015-08-31,-0.025735546090958072
URA,2015-09-30,-0.12578617851980878
URA,2015-10-30,0.06618716460062846
URA,2015-11-30,-0.07557354050277165
URA,2015-12-31,0.0417172039357836
URA,2016-01-29,-0.08791984650796802
URA,2016-02-29,-0.013323067614757989
URA,2016-03-31,0.15488501405502686
URA,2016-04-29,0.041265475055267675
URA,2016-05-31,-0.0904888397430822
URA,2016-06-30,0.03267969319739006
URA,2016-07-29,-0.025316346985553073
URA,2016-08-31,-0.009379723454461253
URA,2016-09-30,-0.05025470569865931
URA,2016-10-31,-0.07055227713923029
URA,2016-11-30,0.02722771599481688
URA,2016-12-30,0.10962710469301773
URA,2017-01-31,0.3512040707826678
URA,2017-02-28,-0.03967793037569034
URA,2017-03-31,-0.08083824619911029
URA,2017-04-28,-0.1426709045941844
URA,2017-05-31,-0.02127668171683139
URA,2017-06-30,0.0232920284853384
URA,2017-07-31,0.09787541036395764
URA,2017-08-31,-0.041465114500261246
URA,2017-09-29,-0.041095931937211505
URA,2017-10-31,-0.10225559351636349
URA,2017-11-30,0.1959797199394564
URA,2017-12-29,0.07575085380536484
URA,2018-01-31,-0.06312314102198746
URA,2018-02-28,-0.09716315219517957
URA,2018-03-29,-0.05184588982297533
URA,2018-04-30,0.10521949406367637
URA,2018-05-31,-0.01199403200115956
URA,2018-06-29,-0.023520353558153295
URA,2018-07-31,0.023310065441358052
URA,2018-08-31,-0.03416862527093045
URA,2018-09-28,0.046383726272942294
URA,2018-10-31,-0.09767097404088088
URA,2018-11-30,0.044129722758781575
URA,2018-12-31,-0.06516194717659551
URA,2019-01-31,0.08826060548623649
URA,2019-02-28,-0.025984131951055867
URA,2019-03-29,0.009700914155353235
URA,2019-04-30,-0.02962374209975449
URA,2019-05-31,-0.046204773178015524
URA,2019-06-28,0.06015771921139357
URA,2019-07-31,-0.09218104047571618
URA,2019-08-30,-0.03898449245002633
URA,2019-09-30,0.03773571922727115
URA,2019-10-31,-0.01181825948972881
URA,2019-11-29,-0.004599677368080313
URA,2019-12-31,0.03142322279490428
URA,2020-01-31,-0.08754503990511486
URA,2020-02-28,-0.04055400597771475
URA,2020-03-31,-0.10206172420072723
URA,2020-04-30,0.24339834774183244
URA,2020-05-29,0.03416440128030862
URA,2020-06-30,-0.017038467959266446
URA,2020-07-31,0.06082927185901332
URA,2020-08-31,0.08601227505224718
URA,2020-09-30,-0.10960008947946998
URA,2020-10-30,-0.028751043566908052
URA,2020-11-30,0.09435711923196144
URA,2020-12-31,0.30457766676503795
URA,2021-01-29,-0.05283751612078624
URA,2021-02-26,0.20523413442321647
URA,2021-03-31,0.07599996546748056
URA,2021-04-30,0.04142322469998505
URA,2021-05-28,0.11575734926424097
URA,2021-06-30,-0.02996110933471574
URA,2021-07-30,-0.05613211106267091
URA,2021-08-31,0.04697656572599218
URA,2021-09-30,0.1355609348829756
URA,2021-10-29,0.12904573154992605
URA,2021-11-30,-0.06775864937691645
URA,2021-12-31,-0.036407160956105744
URA,2022-01-31,-0.09465372035756814
URA,2022-02-28,0.16698929594900624
URA,2022-03-31,0.085026968568924
URA,2022-04-29,-0.11353195059628574
URA,2022-05-31,-0.05390269437250783
URA,2022-06-30,-0.149564515793283
URA,2022-07-29,0.16271566446797592
URA,2022-08-31,0.08155698427512204
URA,2022-09-30,-0.15081412457499854
URA,2022-10-31,0.019172694533705403
URA,2022-11-30,0.0638612540862018
URA,2022-12-30,-0.06327138472896576
URA,2023-01-31,0.14691248573631732
URA,2023-02-28,-0.0911853712284264
URA,2023-03-31,-0.047778355497471336
URA,2023-04-28,0.003512233238785356
URA,2023-05-31,-0.005499968953808665
URA,2023-06-30,0.0910005837197505
URA,2023-07-31,0.046082894250694784
URA,2023-08-31,0.057709297483202304
URA,2023-09-29,0.12619737787120022
URA,2023-10-31,-0.007396392850481215
URA,2023-11-30,0.07898647879151777
URA,2023-12-29,0.014042631111250259
URA,2024-01-31,0.09498013704610986
URA,2024-02-29,-0.0943271866580132
URA,2024-03-28,0.049890732146982364
URA,2024-04-30,-0.0020811527735152824
URA,2024-05-31,0.12061185695632992
URA,2024-06-28,-0.10127512490129986
URA,2024-07-31,-0.021070884700509662
URA,2024-08-30,-0.08609733124701024
URA,2024-09-30,0.10463326931675332
URA,2024-10-31,0.07409986647470546
URA,2024-11-29,0.052717157350099075
URA,2024-12-31,-0.14975823985621284
URA,2025-01-31,0.05713213277639828
URA,2025-02-28,-0.12398448519190242
URA,2025-03-31,-0.07580638441905918
URA,2025-04-30,0.09075043645233882
URA,2025-05-30,0.280399890903382
URA,2025-06-30,0.21243367854473072
URA,2025-07-31,0.014171592121373422
URA,2025-08-29,0.033282489908235124
URA,2025-09-30,0.17211708390319913
URA,2025-10-31,0.156282800978784
URA,2025-11-28,-0.17851964286659516
URA,2025-12-31,-0.011267742636506872
URA,2026-01-30,0.28691790937446915
URA,2026-02-27,-0.011820358356770866
URA,2026-03-31,-0.1087596582778193
URA,2026-04-30,0.16498033891021113
URA,2026-05-29,-0.10031903635416073
URA,2026-06-30,-0.13908585090710668
URA,2026-07-31,-0.1059496793428385
URA,2026-08-31,0.1648323183263838
URA,2026-09-21,-0.05559215277096152
VEA,2015-01-30,0.012204777443616477
VEA,2015-02-27,0.06159909218945825
VEA,2015-03-31,-0.012183282163858222
VEA,2015-04-30,0.03866400649288293
VEA,2015-05-29,-4.832263853131735e-4
VEA,2015-06-30,-0.02910801078265457
VEA,2015-07-31,0.014628038086077266
VEA,2015-08-31,-0.07233383458666398
VEA,2015-09-30,-0.040803805254008396
VEA,2015-10-30,0.06734019175821326
VEA,2015-11-30,-0.007623365395441062
VEA,2015-12-31,-0.021336609898912062
VEA,2016-01-29,-0.05528321760534971
VEA,2016-02-29,-0.030844554739977714
VEA,2016-03-31,0.07190978268664883
VEA,2016-04-29,0.023132552736625067
VEA,2016-05-31,-0.002996082733831562
VEA,2016-06-30,-0.02059712887039178
VEA,2016-07-29,0.04157231507147929
VEA,2016-08-31,0.0040723614523419105
VEA,2016-09-30,0.01637884288910696
VEA,2016-10-31,-0.024057903419918314
VEA,2016-11-30,-0.015064078390712665
VEA,2016-12-30,0.024485408323207114
VEA,2017-01-31,0.03667197008892087
VEA,2017-02-28,0.010559677869819595
VEA,2017-03-31,0.030584411300260683
VEA,2017-04-28,0.022137306646242694
VEA,2017-05-31,0.03410498115860783
VEA,2017-06-30,0.006372693198646084
VEA,2017-07-31,0.028799674156080757
VEA,2017-08-31,2.3540179629688573e-4
VEA,2017-09-29,0.025143270938717155
VEA,2017-10-31,0.01773764192716598
VEA,2017-11-30,0.008600957164224932
VEA,2017-12-29,0.0165416784430783
VEA,2018-01-31,0.04748096698497073
VEA,2018-02-28,-0.05107484126551154
VEA,2018-03-29,-0.003898919745493945
VEA,2018-04-30,0.01265512986889017
VEA,2018-05-31,-0.014282355636201394
VEA,2018-06-29,-0.016532716337870346
VEA,2018-07-31,0.022843718002988567
VEA,2018-08-31,-0.0173202828592649
VEA,2018-09-28,0.0071084932174374504
VEA,2018-10-31,-0.08597190053124482
VEA,2018-11-30,0.005057368533346596
VEA,2018-12-31,-0.05677632596810189
VEA,2019-01-31,0.07466318819761075
VEA,2019-02-28,0.023325837669653238
VEA,2019-03-29,0.006016988081009256
VEA,2019-04-30,0.02838243030137444
VEA,2019-05-31,-0.05210567740337646
VEA,2019-06-28,0.05859376260601912
VEA,2019-07-31,-0.020378544493554474
VEA,2019-08-30,-0.018845292877890718
VEA,2019-09-30,0.03152346045723542
VEA,2019-10-31,0.0321321088430262
VEA,2019-11-29,0.013443920241228424
VEA,2019-12-31,0.035666798219948115
VEA,2020-01-31,-0.02995891084461677
VEA,2020-02-28,-0.07650921601805338
VEA,2020-03-31,-0.1515287797749072
VEA,2020-04-30,0.07018615109847692
VEA,2020-05-29,0.05577338252570563
VEA,2020-06-30,0.03497812990908056
VEA,2020-07-31,0.026295988619607025
VEA,2020-08-31,0.05174563009077526
VEA,2020-09-30,-0.01799748208809182
VEA,2020-10-30,-0.03545229300248576
VEA,2020-11-30,0.14296594713612554
VEA,2020-12-31,0.05630046807328859
VEA,2021-01-29,-0.0072022206847111025
VEA,2021-02-26,0.024322757470289558
VEA,2021-03-31,0.027685045916404194
VEA,2021-04-30,0.030543274222494254
VEA,2021-05-28,0.035763758687795466
VEA,2021-06-30,-0.009213466508260382
VEA,2021-07-30,0.00504648184890244
VEA,2021-08-31,0.0131325313259687
VEA,2021-09-30,-0.033855762756294205
VEA,2021-10-29,0.0322837216413403
VEA,2021-11-30,-0.046431242715240906
VEA,2021-12-31,0.04328565522765726
VEA,2022-01-31,-0.03858193483805272
VEA,2022-02-28,-0.02648214189770637
VEA,2022-03-31,0.006754539766359313
VEA,2022-04-29,-0.06787417547333452
VEA,2022-05-31,0.016528764142966557
VEA,2022-06-30,-0.09170041954641317
VEA,2022-07-29,0.05294094369384528
VEA,2022-08-31,-0.05819353066236366
VEA,2022-09-30,-0.09860028791053177
VEA,2022-10-31,0.06078083254983668
VEA,2022-11-30,0.1254861505535203
VEA,2022-12-30,-0.021824845039852603
VEA,2023-01-31,0.09030271216665509
VEA,2023-02-28,-0.03474668342704956
VEA,2023-03-31,0.026485410906838425
VEA,2023-04-28,0.02634489441419907
VEA,2023-05-31,-0.03731673946185343
VEA,2023-06-30,0.044290027296744805
VEA,2023-07-31,0.031398862688717166
VEA,2023-08-31,-0.03947095232196718
VEA,2023-09-29,-0.037847844962891064
VEA,2023-10-31,-0.033851653074287946
VEA,2023-11-30,0.0880681439496307
VEA,2023-12-29,0.055885621962476595
VEA,2024-01-31,-0.010856078578083683
VEA,2024-02-29,0.027437979361367937
VEA,2024-03-28,0.03658415716827301
VEA,2024-04-30,-0.03408410903645076
VEA,2024-05-31,0.04663651413030623
VEA,2024-06-28,-0.016541683818234842
VEA,2024-07-31,0.030149709735379115
VEA,2024-08-30,0.029071043283013465
VEA,2024-09-30,0.010785418843788808
VEA,2024-10-31,-0.051315947464408485
VEA,2024-11-29,0.003991893519586176
VEA,2024-12-31,-0.03505972514526179
VEA,2025-01-31,0.044332912902914634
VEA,2025-02-28,0.022627049523981313
VEA,2025-03-31,-9.736552907635421e-5
VEA,2025-04-30,0.04013371898414775
VEA,2025-05-30,0.05125791015858683
VEA,2025-06-30,0.033886632829341234
VEA,2025-07-31,-0.013857270076798267
VEA,2025-08-29,0.0442901822011037
VEA,2025-09-30,0.025498002788141294
VEA,2025-10-31,0.017690347905578996
VEA,2025-11-28,0.009675256484361183
VEA,2025-12-31,0.03178365363761371
VEA,2026-01-30,0.05970858417693048
VEA,2026-02-27,0.061027198767743096
VEA,2026-03-31,-0.08614674760662511
VEA,2026-04-30,0.07365796578740014
VEA,2026-05-29,0.04316847527576151
VEA,2026-06-30,-0.002019776973942622
VEA,2026-07-31,-0.008842036788953012
VEA,2026-08-31,0.032568582837068094
VEA,2026-09-21,-0.006050225556654576
VNM,2015-01-30,-0.036861320288814614
VNM,2015-02-27,0.07326400708617808
VNM,2015-03-31,-0.1400918048364862
VNM,2015-04-30,0.0681280741330268
VNM,2015-05-29,-0.0188573947525984
VNM,2015-06-30,0.05370257619670693
VNM,2015-07-31,-0.014484790765221245
VNM,2015-08-31,-0.11377255192385805
VNM,2015-09-30,-0.04914012730301098
VNM,2015-10-30,0.09560709816846624
VNM,2015-11-30,-0.08254708687822832
VNM,2015-12-31,-0.013026218065470885
VNM,2016-01-29,-0.056119011514365935
VNM,2016-02-29,0
VNM,2016-03-31,0.002865102826396626
VNM,2016-04-29,0.030000255247160545
VNM,2016-05-31,-0.0013869276621205628
VNM,2016-06-30,0.01527784275339883
VNM,2016-07-29,0.03898755268470944
VNM,2016-08-31,-6.583468436700546e-4
VNM,2016-09-30,-0.005270031039423806
VNM,2016-10-31,-0.05099348832646833
VNM,2016-11-30,-0.06629437084957657
VNM,2016-12-30,-0.0011264742260421734
VNM,2017-01-31,0.0398773754448456
VNM,2017-02-28,-0.0036875717622314452
VNM,2017-03-31,0.03774978032507992
VNM,2017-04-28,0.001426678106738244
VNM,2017-05-31,0.028490060979392995
VNM,2017-06-30,0.03393334043832552
VNM,2017-07-31,-0.010046810140249773
VNM,2017-08-31,-0.0067658723795474
VNM,2017-09-29,0.01566761848281306
VNM,2017-10-31,0.07444669031506979
VNM,2017-11-30,0.05742830560240386
VNM,2017-12-29,0.06672175083075516
VNM,2018-01-31,0.10011180361735406
VNM,2018-02-28,-0.05033046485718429
VNM,2018-03-29,0.047109232320856176
VNM,2018-04-30,-0.08588953590047532
VNM,2018-05-31,-0.06655486304931246
VNM,2018-06-29,-0.043139570130527494
VNM,2018-07-31,0.030682359126613434
VNM,2018-08-31,0.0060752315840109095
VNM,2018-09-28,0.01509667973746942
VNM,2018-10-31,-0.09696593437512746
VNM,2018-11-30,0.03425544234228495
VNM,2018-12-31,-0.052769210690079116
VNM,2019-01-31,0.07389833953285452
VNM,2019-02-28,0.053030284737341615
VNM,2019-03-29,-0.0071942865153546975
VNM,2019-04-30,0.006642467822649545
VNM,2019-05-31,-0.028794101317835996
VNM,2019-06-28,-0.010500475814183674
VNM,2019-07-31,0.009987531878499656
VNM,2019-08-30,-0.03090225467834573
VNM,2019-09-30,0.040178541702418524
VNM,2019-10-31,-0.005518182736626742
VNM,2019-11-29,-0.017262571448856567
VNM,2019-12-31,0.010832871695451995
VNM,2020-01-31,-0.06879293944981812
VNM,2020-02-28,-0.07723303722053665
VNM,2020-03-31,-0.24017468455253788
VNM,2020-04-30,0.19252872066678384
VNM,2020-05-29,0.10040158061391335
VNM,2020-06-30,-0.01897814088740879
VNM,2020-07-31,0.019345278304579105
VNM,2020-08-31,0.07299265372433394
VNM,2020-09-30,0.0102042639335449
VNM,2020-10-30,-0.007407538407590675
VNM,2020-11-30,0.08276799141665792
VNM,2020-12-31,0.10043335282442944
VNM,2021-01-29,-0.03258990377701532
VNM,2021-02-26,0.040189019668174675
VNM,2021-03-31,0.02840924789728172
VNM,2021-04-30,0.041436517412587026
VNM,2021-05-28,0.04403167653247775
VNM,2021-06-30,0.056402554399979765
VNM,2021-07-30,-0.059644159199427005
VNM,2021-08-31,0.010230214043857266
VNM,2021-09-30,-0.024303879812677454
VNM,2021-10-29,0.05345096009653938
VNM,2021-11-30,0.02216753949782868
VNM,2021-12-31,0.028715772110063265
VNM,2022-01-31,-0.06920887001038944
VNM,2022-02-28,-0.013151315872013902
VNM,2022-03-31,-0.032803795904582156
VNM,2022-04-29,-0.09697930623726225
VNM,2022-05-31,-0.0586853933549496
VNM,2022-06-30,-0.10224433213164785
VNM,2022-07-29,0.02291657842497763
VNM,2022-08-31,0.0407331320580131
VNM,2022-09-30,-0.13242006134809037
VNM,2022-10-31,-0.1218043341630527
VNM,2022-11-30,0.09417803047874451
VNM,2022-12-30,-0.06502327472640401
VNM,2023-01-31,0.0886824682869154
VNM,2023-02-28,-0.12645470164228145
VNM,2023-03-31,0.08170515780922671
VNM,2023-04-28,-0.0024631002214838826
VNM,2023-05-31,0.023045367655605054
VNM,2023-06-30,0.06999196290130993
VNM,2023-07-31,0.13157897527066442
VNM,2023-08-31,0.0073088383776525045
VNM,2023-09-29,-0.10686016725218173
VNM,2023-10-31,-0.14623329707950894
VNM,2023-11-30,0.13321803740042526
VNM,2023-12-29,0.03953500066664417
VNM,2024-01-31,-0.01702786057110528
VNM,2024-02-29,0.06377956322777001
VNM,2024-03-28,0.02886746047072264
VNM,2024-04-30,-0.12230217360650042
VNM,2024-05-31,0.03360657323604621
VNM,2024-06-28,-0.03489293585912656
VNM,2024-07-31,-0.008216932482886907
VNM,2024-08-30,0.03976806311242287
VNM,2024-09-30,0.018326682244887316
VNM,2024-10-31,-0.06807510982298737
VNM,2024-11-29,-0.012594426504294653
VNM,2024-12-31,-0.023809636029395675
VNM,2025-01-31,0.006968746113513502
VNM,2025-02-28,0.04152245130241061
VNM,2025-03-31,0.03654484311481876
VNM,2025-04-30,-0.03285257858298696
VNM,2025-05-30,0.12593213387637214
VNM,2025-06-30,0.011773327943070067
VNM,2025-07-31,0.16436363368466012
VNM,2025-08-29,0.1424110994243244
VNM,2025-09-30,-0.024603700916273397
VNM,2025-10-31,-0.022982072689105237
VNM,2025-11-28,0.05220881023946933
VNM,2025-12-31,0.04250314181341741
VNM,2026-01-30,-5.241210126741835e-4
VNM,2026-02-27,5.243958595630982e-4
VNM,2026-03-31,-0.09276731996023357
VNM,2026-04-30,0.08838825729924493
VNM,2026-05-29,-0.007430965420093583
VNM,2026-06-30,-0.012299542256746232
VNM,2026-07-31,-0.08067134956744904
VNM,2026-08-31,0.06360423750422628
VNM,2026-09-21,-0.0359911205842528
VWO,2015-01-30,0.009605609674446791
VWO,2015-02-27,0.04656980061692151
VWO,2015-03-31,-0.020552622604231074
VWO,2015-04-30,0.0741376416040953
VWO,2015-05-29,-0.0355354617966086
VWO,2015-06-30,-0.025531204147461795
VWO,2015-07-31,-0.06262238564069
VWO,2015-08-31,-0.09864299351949368
VWO,2015-09-30,-0.028816621909667273
VWO,2015-10-30,0.0528859619905766
VWO,2015-11-30,-0.022962068675901892
VWO,2015-12-31,-0.0343678070469553
VWO,2016-01-29,-0.057474744281957646
VWO,2016-02-29,-0.0032435148426773752
VWO,2016-03-31,0.12720759230000178
VWO,2016-04-29,0.010121016696677865
VWO,2016-05-31,-0.03235017258069173
VWO,2016-06-30,0.049236125203056647
VWO,2016-07-29,0.05137695775856277
VWO,2016-08-31,0.007829175481263606
VWO,2016-09-30,0.020207784549533203
VWO,2016-10-31,0.0031887851391336763
VWO,2016-11-30,-0.04052970737009476
VWO,2016-12-30,-0.00738279116286078
VWO,2017-01-31,0.05757384211122507
VWO,2017-02-28,0.02246349550574056
VWO,2017-03-31,0.02844889624417868
VWO,2017-04-28,0.015609236044157981
VWO,2017-05-31,0.009916103792676045
VWO,2017-06-30,0.008504266140313188
VWO,2017-07-31,0.05339192822342764
VWO,2017-08-31,0.029992888676746876
VWO,2017-09-29,-0.004951067480087223
VWO,2017-10-31,0.024328784621489463
VWO,2017-11-30,-0.003361066852636485
VWO,2017-12-29,0.037053402188051754
VWO,2018-01-31,0.08560243620252073
VWO,2018-02-28,-0.05357164375939982
VWO,2018-03-29,-0.0020917751735571866
VWO,2018-04-30,-0.02767134346036404
VWO,2018-05-31,-0.023423874966833846
VWO,2018-06-29,-0.0478948455700805
VWO,2018-07-31,0.039810636119258946
VWO,2018-08-31,-0.041932435064379714
VWO,2018-09-28,-0.013457697509733357
VWO,2018-10-31,-0.0765855651808438
VWO,2018-11-30,0.048336008204906245
VWO,2018-12-31,-0.03344986117783599
VWO,2019-01-31,0.09658773403986443
VWO,2019-02-28,-0.0038297967242482134
VWO,2019-03-29,0.02314890646249057
VWO,2019-04-30,0.021411533758111334
VWO,2019-05-31,-0.06381022279956128
VWO,2019-06-28,0.053718787793596956
VWO,2019-07-31,-0.01810501814623444
VWO,2019-08-30,-0.03256690584097144
VWO,2019-09-30,0.009109186248905443
VWO,2019-10-31,0.03949308576257393
VWO,2019-11-29,0.005017946095774883
VWO,2019-12-31,0.07068889806204592
VWO,2020-01-31,-0.05531814593783624
VWO,2020-02-28,-0.03546771270679072
VWO,2020-03-31,-0.1704677341908729
VWO,2020-04-30,0.07809224461962438
VWO,2020-05-29,0.03290023928288299
VWO,2020-06-30,0.06477157811602052
VWO,2020-07-31,0.08583683514770457
VWO,2020-08-31,0.027435566186537974
VWO,2020-09-30,-0.011957884632318394
VWO,2020-10-30,0.013182207920977573
VWO,2020-11-30,0.08559658452395724
VWO,2020-12-31,0.059993894506196854
VWO,2021-01-29,0.031331164476322115
VWO,2021-02-26,0.015673266157925747
VWO,2021-03-31,-0.007103772342164416
VWO,2021-04-30,0.017867385090947874
VWO,2021-05-28,0.016987197713672186
VWO,2021-06-30,0.0132681120809095
VWO,2021-07-30,-0.05892077852876887
VWO,2021-08-31,0.021913328268122756
VWO,2021-09-30,-0.033620184733225145
VWO,2021-10-29,0.0129974470754195
VWO,2021-11-30,-0.029016753282819274
VWO,2021-12-31,0.015402488527530123
VWO,2022-01-31,0.004245594676087983
VWO,2022-02-28,-0.03724566806808838
VWO,2022-03-31,-0.03255289975654441
VWO,2022-04-29,-0.058313405485640346
VWO,2022-05-31,0.0046037562756318096
VWO,2022-06-30,-0.03850196410392437
VWO,2022-07-29,-0.007923475586197659
VWO,2022-08-31,-0.004598067705163911
VWO,2022-09-30,-0.1008226655375799
VWO,2022-10-31,-0.028500632731017217
VWO,2022-11-30,0.14301815104294158
VWO,2022-12-30,-0.022292276514298548
VWO,2023-01-31,0.08337593106469976
VWO,2023-02-28,-0.06654045227190397
VWO,2023-03-31,0.02560183130404048
VWO,2023-04-28,-0.003960292918362196
VWO,2023-05-31,-0.029572680352757397
VWO,2023-06-30,0.047410617173217595
VWO,2023-07-31,0.058751086753342285
VWO,2023-08-31,-0.0589736925080806
VWO,2023-09-29,-0.024677571374996043
VWO,2023-10-31,-0.0323895777846922
VWO,2023-11-30,0.07090152172540631
VWO,2023-12-29,0.033331395528820806
VWO,2024-01-31,-0.03552322352490078
VWO,2024-02-29,0.03481348978904153
VWO,2024-03-28,0.019235484400492497
VWO,2024-04-30,0.009576194771816038
VWO,2024-05-31,0.021579379438801727
VWO,2024-06-28,0.019700413633010783
VWO,2024-07-31,0.012111488391092884
VWO,2024-08-30,0.00970862704575981
VWO,2024-09-30,0.07315508402480164
VWO,2024-10-31,-0.026750186366202078
VWO,2024-11-29,-0.021473040982880498
VWO,2024-12-31,-0.010242544001190734
VWO,2025-01-31,0.008174426141570379
VWO,2025-02-28,0.0074323273962741965
VWO,2025-03-31,0.012878400104924914
VWO,2025-04-30,-2.2091285153125195e-4
VWO,2025-05-30,0.03867420219539586
VWO,2025-06-30,0.055386999070061504
VWO,2025-07-31,0.006874234051925221
VWO,2025-08-29,0.03473897941799842
VWO,2025-09-30,0.05687923882856594
VWO,2025-10-31,0.01458102857485244
VWO,2025-11-28,-0.012188577999233452
VWO,2025-12-31,0.009518440914917603
VWO,2026-01-30,0.05040924677851577
VWO,2026-02-27,0.028864790964145515
VWO,2026-03-31,-0.06970740284642485
VWO,2026-04-30,0.09028686667941455
VWO,2026-05-29,0.016120830778483253
VWO,2026-06-30,-0.001988342173782298
VWO,2026-07-31,-0.01574800225386741
VWO,2026-08-31,0.030127662254172627
VWO,2026-09-21,0.012170561914208289
WOOD,2015-01-30,0.022658652411152724
WOOD,2015-02-27,0.031019032181793804
WOOD,2015-03-31,-0.02184807662202548
WOOD,2015-04-30,-0.012083621460401095
WOOD,2015-05-29,0.007413205281440849
WOOD,2015-06-30,-0.02391423644456181
WOOD,2015-07-31,-0.02873992615665444
WOOD,2015-08-31,-0.05918088447741221
WOOD,2015-09-30,-0.07290149516142452
WOOD,2015-10-30,0.09570892636686867
WOOD,2015-11-30,0.06581915186419529
WOOD,2015-12-31,-0.0724186826476525
WOOD,2016-01-29,-0.10613357202721718
WOOD,2016-02-29,-0.017330616565883195
WOOD,2016-03-31,0.11630156477285136
WOOD,2016-04-29,0.019214649328843647
WOOD,2016-05-31,0.018223676521011978
WOOD,2016-06-30,-0.05652226306245889
WOOD,2016-07-29,0.07535924153389462
WOOD,2016-08-31,0.021578275647704537
WOOD,2016-09-30,0.010259646847347703
WOOD,2016-10-31,1.9914441590951348e-4
WOOD,2016-11-30,0.04001605572095568
WOOD,2016-12-30,0.030843113313906656
WOOD,2017-01-31,0.021268752510218647
WOOD,2017-02-28,0.030325283968540617
WOOD,2017-03-31,0.021808330768001483
WOOD,2017-04-28,0.028804548997860335
WOOD,2017-05-31,0.018215573864667434
WOOD,2017-06-30,0.026070067047968548
WOOD,2017-07-31,0.016976852682840216
WOOD,2017-08-31,0.021348354187904706
WOOD,2017-09-29,0.04950527099572355
WOOD,2017-10-31,0.04252759496071401
WOOD,2017-11-30,0.005458321210620953
WOOD,2017-12-29,0.018432861452319926
WOOD,2018-01-31,0.07690144411512723
WOOD,2018-02-28,-0.010574404640563029
WOOD,2018-03-29,0.0337775352748253
WOOD,2018-04-30,0.025526320431388028
WOOD,2018-05-31,0.007841064644219076
WOOD,2018-06-29,-0.02561012369813309
WOOD,2018-07-31,-0.03251390249741681
WOOD,2018-08-31,0.034003686781345355
WOOD,2018-09-28,-0.03672419636367685
WOOD,2018-10-31,-0.12234330582347697
WOOD,2018-11-30,-0.039049539307229764
WOOD,2018-12-31,-0.08745722788334431
WOOD,2019-01-31,0.1538595781231047
WOOD,2019-02-28,-0.033828862587718445
WOOD,2019-03-29,-0.002669101254932249
WOOD,2019-04-30,0.009917972732609304
WOOD,2019-05-31,-0.14263443400735842
WOOD,2019-06-28,0.11117320838480449
WOOD,2019-07-31,-0.04086052072288304
WOOD,2019-08-30,-0.033559391723601006
WOOD,2019-09-30,0.0550558714274767
WOOD,2019-10-31,0.07384039860222735
WOOD,2019-11-29,0.030014036521710974
WOOD,2019-12-31,0.03482872553007699
WOOD,2020-01-31,-0.06791044412952008
WOOD,2020-02-28,-0.08038422190694683
WOOD,2020-03-31,-0.1621103490480088
WOOD,2020-04-30,0.09351606484906938
WOOD,2020-05-29,0.026795768059390435
WOOD,2020-06-30,0.03545852521444215
WOOD,2020-07-31,0.07699242882720281
WOOD,2020-08-31,0.10279584154322774
WOOD,2020-09-30,-0.018521128620218485
WOOD,2020-10-30,-0.02134580131023489
WOOD,2020-11-30,0.1392444305138345
WOOD,2020-12-31,0.10907660045132173
WOOD,2021-01-29,-0.005275383734398398
WOOD,2021-02-26,0.05037877406265956
WOOD,2021-03-31,0.024882975675987407
WOOD,2021-04-30,0.0763546100545125
WOOD,2021-05-28,-0.003160040078377002
WOOD,2021-06-30,-0.041778788284566604
WOOD,2021-07-30,0.009330853610262313
WOOD,2021-08-31,0.02248327307830711
WOOD,2021-09-30,-0.05123340209290295
WOOD,2021-10-29,-0.009176296805445405
WOOD,2021-11-30,0.004155627694329311
WOOD,2021-12-31,0.09110220206692343
WOOD,2022-01-31,-0.027068193908410754
WOOD,2022-02-28,-0.014972026506250846
WOOD,2022-03-31,0.013157816095105357
WOOD,2022-04-29,0.008620814774023655
WOOD,2022-05-31,-0.012209922660277761
WOOD,2022-06-30,-0.14886325220179952
WOOD,2022-07-29,0.06450743059815256
WOOD,2022-08-31,-0.03143525377728529
WOOD,2022-09-30,-0.14715853454920524
WOOD,2022-10-31,0.0758061723044845
WOOD,2022-11-30,0.07927275257100663
WOOD,2022-12-30,-0.04111486937375497
WOOD,2023-01-31,0.07821303089946263
WOOD,2023-02-28,-0.06093809415462992
WOOD,2023-03-31,-0.028102261051910604
WOOD,2023-04-28,-0.00935894890746547
WOOD,2023-05-31,-0.020727580959574388
WOOD,2023-06-30,0.05156204382321805
WOOD,2023-07-31,0.0644440529378798
WOOD,2023-08-31,-0.022408469808363196
WOOD,2023-09-29,-0.007774884034310259
WOOD,2023-10-31,-0.04431225524666915
WOOD,2023-11-30,0.08707944395867395
WOOD,2023-12-29,0.05721711911031213
WOOD,2024-01-31,-0.06322261923539385
WOOD,2024-02-29,0.04057258840771394
WOOD,2024-03-28,0.0647317862095631
WOOD,2024-04-30,-0.062337066514235095
WOOD,2024-05-31,0.04979779086880498
WOOD,2024-06-28,-0.0416025845735738
WOOD,2024-07-31,0.04159753879829009
WOOD,2024-08-30,0.0030626362842058885
WOOD,2024-09-30,0.05239377713245719
WOOD,2024-10-31,-0.06533595944581438
WOOD,2024-11-29,0.010553651700743183
WOOD,2024-12-31,-0.05804872635317393
WOOD,2025-01-31,0.051873253397731967
WOOD,2025-02-28,-0.03549189837464006
WOOD,2025-03-31,-0.026081357874528366
WOOD,2025-04-30,-0.03897656906490132
WOOD,2025-05-30,0.01986484948206102
WOOD,2025-06-30,0.0025540195099662544
WOOD,2025-07-31,-0.032988014905380725
WOOD,2025-08-29,0.07132790629265706
WOOD,2025-09-30,-0.03407890646394762
WOOD,2025-10-31,-0.0547610527928446
WOOD,2025-11-28,0.014267134781567048
WOOD,2025-12-31,0.03844192140979397
WOOD,2026-01-30,0.037078195941073755
WOOD,2026-02-27,0.04954464932017055
WOOD,2026-03-31,-0.0947945695364889
WOOD,2026-04-30,-0.0350951491690904
WOOD,2026-05-29,-0.010809103511203899
WOOD,2026-06-30,-0.012733296126942073
WOOD,2026-07-31,0.0862016797798808
WOOD,2026-08-31,-0.003474635310684482
WOOD,2026-09-21,-0.011994430222533548
XLE,2015-01-30,-0.050044417361015725
XLE,2015-02-27,0.045930052285048095
XLE,2015-03-31,-0.011551945193085777
XLE,2015-04-30,0.06573847084373519
XLE,2015-05-29,-0.05188718959530192
XLE,2015-06-30,-0.034834349422532385
XLE,2015-07-31,-0.07690282872598664
XLE,2015-08-31,-0.04251927882005535
XLE,2015-09-30,-0.0719340312821537
XLE,2015-10-30,0.11160107160136046
XLE,2015-11-30,-1.4672446721430976e-4
XLE,2015-12-31,-0.10516984246721772
XLE,2016-01-29,-0.034979812097174934
XLE,2016-02-29,-0.02800257213566515
XLE,2016-03-31,0.10165926497771238
XLE,2016-04-29,0.09064475845096087
XLE,2016-05-31,-0.009333270227361079
XLE,2016-06-30,0.02720760188663318
XLE,2016-07-29,-0.012602931764746361
XLE,2016-08-31,0.01677033447829568
XLE,2016-09-30,0.036882094719489444
XLE,2016-10-31,-0.028182614970361564
XLE,2016-11-30,0.08466904187769608
XLE,2016-12-30,0.01730731211994163
XLE,2017-01-31,-0.032129270220533024
XLE,2017-02-28,-0.020850578148417176
XLE,2017-03-31,-0.014860057070776866
XLE,2017-04-28,-0.02947065674654281
XLE,2017-05-31,-0.035377501187748406
XLE,2017-06-30,-0.0011168078587837638
XLE,2017-07-31,0.026186288360710464
XLE,2017-08-31,-0.05478823791450449
XLE,2017-09-29,0.10182329390496236
XLE,2017-10-31,-0.008323784697530145
XLE,2017-11-30,0.017523283146796853
XLE,2017-12-29,0.052694058778062436
XLE,2018-01-31,0.035842908356494174
XLE,2018-02-28,-0.10835038044257228
XLE,2018-03-29,0.017230546836279448
XLE,2018-04-30,0.09494134316903535
XLE,2018-05-31,0.029941580822021585
XLE,2018-06-29,0.005695488930246739
XLE,2018-07-31,0.015538881464020715
XLE,2018-08-31,-0.03475111366272732
XLE,2018-09-28,0.02445958415441951
XLE,2018-10-31,-0.11328219247466198
XLE,2018-11-30,-0.015634498076986136
XLE,2018-12-31,-0.1243918006816701
XLE,2019-01-31,0.11211857403824776
XLE,2019-02-28,0.023048083282898313
XLE,2019-03-29,0.0212807285763974
XLE,2019-04-30,-1.5125727795184396e-4
XLE,2019-05-31,-0.11102703088997945
XLE,2019-06-28,0.09395153976834636
XLE,2019-07-31,-0.015852823285640416
XLE,2019-08-30,-0.08325377654581168
XLE,2019-09-30,0.03934310767134597
XLE,2019-10-31,-0.0209460637471669
XLE,2019-11-29,0.016045528404393217
XLE,2019-12-31,0.060262351901154254
XLE,2020-01-31,-0.10992681708545848
XLE,2020-02-28,-0.15288164978607788
XLE,2020-03-31,-0.34370950254621857
XLE,2020-04-30,0.30763915027610644
XLE,2020-05-29,0.01999994839172481
XLE,2020-06-30,-0.010955311595412298
XLE,2020-07-31,-0.04808444041954196
XLE,2020-08-31,-0.010546851173472649
XLE,2020-09-30,-0.14606618222894174
XLE,2020-10-30,-0.04106863864951871
XLE,2020-11-30,0.2799443407330122
XLE,2020-12-31,0.04480130195383114
XLE,2021-01-29,0.0374669135788539
XLE,2021-02-26,0.22456750068185882
XLE,2021-03-31,0.0297100662098726
XLE,2021-04-30,0.006726346674527539
XLE,2021-05-28,0.05709652626997208
XLE,2021-06-30,0.04233960968147277
XLE,2021-07-30,-0.08316319058204114
XLE,2021-08-31,-0.02004442635959036
XLE,2021-09-30,0.08931479630791328
XLE,2021-10-29,0.10328291151203906
XLE,2021-11-30,-0.05011325366629216
XLE,2021-12-31,0.029833933884798824
XLE,2022-01-31,0.187747850770144
XLE,2022-02-28,0.07069165264190991
XLE,2022-03-31,0.09338612116022538
XLE,2022-04-29,-0.016875851012558063
XLE,2022-05-31,0.16034566831653874
XLE,2022-06-30,-0.1707346130727465
XLE,2022-07-29,0.09662973948266518
XLE,2022-08-31,0.026524118968659582
XLE,2022-09-30,-0.09558743589886476
XLE,2022-10-31,0.24965304245298547
XLE,2022-11-30,0.012777842497388558
XLE,2022-12-30,-0.030489781533602378
XLE,2023-01-31,0.028123885261172488
XLE,2023-02-28,-0.06938674037805181
XLE,2023-03-31,5.279070389674345e-5
XLE,2023-04-28,0.027767679244562693
XLE,2023-05-31,-0.10031705100018695
XLE,2023-06-30,0.06913351386565214
XLE,2023-07-31,0.07773845447809058
XLE,2023-08-31,0.016460619584153457
XLE,2023-09-29,0.02403316211129769
XLE,2023-10-31,-0.05752857416841173
XLE,2023-11-30,-0.007160348850786202
XLE,2023-12-29,7.717604875090434e-4
XLE,2024-01-31,-0.0051287498323014935
XLE,2024-02-29,0.03272970680693765
XLE,2024-03-28,0.10486396158229994
XLE,2024-04-30,-0.00942718370164275
XLE,2024-05-31,-0.003421520083653262
XLE,2024-06-28,-0.014141912675475266
XLE,2024-07-31,0.02260021382992239
XLE,2024-08-30,-0.020705974184296982
XLE,2024-09-30,-0.030180945784329172
XLE,2024-10-31,0.008997783613813093
XLE,2024-11-29,0.07833823357807868
XLE,2024-12-31,-0.09579559938938786
XLE,2025-01-31,0.023114474903469073
XLE,2025-02-28,0.03833874197740217
XLE,2025-03-31,0.034932294679088205
XLE,2025-04-30,-0.13857692035806823
XLE,2025-05-30,0.01279515365542272
XLE,2025-06-30,0.04869265299124681
XLE,2025-07-31,0.028298695659922934
XLE,2025-08-29,0.036463668864423315
XLE,2025-09-30,-0.003182013742615175
XLE,2025-10-31,-0.013543803732409154
XLE,2025-11-28,0.026324723739405975
XLE,2025-12-31,-0.0029601424852149227
XLE,2026-01-30,0.14180267124604162
XLE,2026-02-27,0.09539662117772352
XLE,2026-03-31,0.10265131714332343
XLE,2026-04-30,-0.026281367537372535
XLE,2026-05-29,-0.05632858994247014
XLE,2026-06-30,-0.04968887718869641
XLE,2026-07-31,0.12125777653084668
XLE,2026-08-31,0.07405541526003301
XLE,2026-09-21,-0.017647531383685133
XLF,2015-01-30,-0.0695513014192064
XLF,2015-02-27,0.05823574945591181
XLF,2015-03-31,-0.0061601685783156945
XLF,2015-04-30,8.293012539926092e-4
XLF,2015-05-29,0.01947755255405892
XLF,2015-06-30,-0.0046099078680378325
XLF,2015-07-31,0.03404405958894996
XLF,2015-08-31,-0.07060630017656044
XLF,2015-09-30,-0.02813468562243926
XLF,2015-10-30,0.06266563865382535
XLF,2015-11-30,0.019933528582255056
XLF,2015-12-31,-0.023643729588197715
XLF,2016-01-29,-0.08854382342178913
XLF,2016-02-29,-0.029005657867392398
XLF,2016-03-31,0.0715921329349416
XLF,2016-04-29,0.03599929712478689
XLF,2016-05-31,0.01887649273379477
XLF,2016-06-30,-0.032327079088181
XLF,2016-07-29,0.03455847774585541
XLF,2016-08-31,0.038477580450806625
XLF,2016-09-30,-0.028017777806511046
XLF,2016-10-31,0.022797379131036966
XLF,2016-11-30,0.14032436974555718
XLF,2016-12-30,0.037564754043853066
XLF,2017-01-31,0.0025806470609597287
XLF,2017-02-28,0.052766944664631055
XLF,2017-03-31,-0.029561101405006673
XLF,2017-04-28,-0.008427900025805068
XLF,2017-05-31,-0.011899810397778099
XLF,2017-06-30,0.06513323776868507
XLF,2017-07-31,0.017025075618746
XLF,2017-08-31,-0.015544090568681557
XLF,2017-09-29,0.05133012321551633
XLF,2017-10-31,0.028615363250420467
XLF,2017-11-30,0.03458637230647832
XLF,2017-12-29,0.018881446415503156
XLF,2018-01-31,0.06556792661622146
XLF,2018-02-28,-0.029253596299404716
XLF,2018-03-29,-0.041553049805794884
XLF,2018-04-30,-0.004352659643097945
XLF,2018-05-31,-0.009835992622761025
XLF,2018-06-29,-0.017469497562216718
XLF,2018-07-31,0.05114717110936162
XLF,2018-08-31,0.013595659284432182
XLF,2018-09-28,-0.022154805050044746
XLF,2018-10-31,-0.04713564183917629
XLF,2018-11-30,0.02625569784010562
XLF,2018-12-31,-0.11128942229478933
XLF,2019-01-31,0.08900090861817866
XLF,2019-02-28,0.022359388344865394
XLF,2019-03-29,-0.025593993418084326
XLF,2019-04-30,0.08984841662940202
XLF,2019-05-31,-0.0717347246459562
XLF,2019-06-28,0.06653721717770877
XLF,2019-07-31,0.02355039355788091
XLF,2019-08-30,-0.04707956969184646
XLF,2019-09-30,0.04542170811122026
XLF,2019-10-31,0.025000005814171278
XLF,2019-11-29,0.05052244345694934
XLF,2019-12-31,0.026092632166722973
XLF,2020-01-31,-0.02664063135856032
XLF,2020-02-28,-0.1124832098850509
XLF,2020-03-31,-0.210359644566671
XLF,2020-04-30,0.09462076044880385
XLF,2020-05-29,0.02720495686283364
XLF,2020-06-30,-0.0052279894062571275
XLF,2020-07-31,0.038461421746209146
XLF,2020-08-31,0.04286309985701564
XLF,2020-09-30,-0.03422221312719165
XLF,2020-10-30,-0.00872457281842598
XLF,2020-11-30,0.16848266283032154
XLF,2020-12-31,0.06306068877968896
XLF,2021-01-29,-0.017978543620080112
XLF,2021-02-26,0.11606229626988895
XLF,2021-03-31,0.0585242076747059
XLF,2021-04-30,0.06490454876717777
XLF,2021-05-28,0.047710728394513735
XLF,2021-06-30,-0.030393910427842896
XLF,2021-07-30,-0.004633379837811202
XLF,2021-08-31,0.051479014838332615
XLF,2021-09-30,-0.01842486896340434
XLF,2021-10-29,0.07274140167431442
XLF,2021-11-30,-0.05712845236569852
XLF,2021-12-31,0.033643109364963175
XLF,2022-01-31,2.5584789900667815e-4
XLF,2022-02-28,-0.01382464465567712
XLF,2022-03-31,-0.0013000626135071247
XLF,2022-04-29,-0.09942574377741231
XLF,2022-05-31,0.02781784519811592
XLF,2022-06-30,-0.10860871216984025
XLF,2022-07-29,0.07186009132820015
XLF,2022-08-31,-0.019578793414023354
XLF,2022-09-30,-0.07655939239607068
XLF,2022-10-31,0.11923567688248404
XLF,2022-11-30,0.06856969715151418
XLF,2022-12-30,-0.05220436367295267
XLF,2023-01-31,0.06900584282581734
XLF,2023-02-28,-0.022975890809543875
XLF,2023-03-31,-0.09547703235530314
XLF,2023-04-28,0.031726184996660134
XLF,2023-05-31,-0.04250827233685939
XLF,2023-06-30,0.06616065789181347
XLF,2023-07-31,0.048056747236568276
XLF,2023-08-31,-0.026889216817559847
XLF,2023-09-29,-0.03088213144403018
XLF,2023-10-31,-0.02441973329963143
XLF,2023-11-30,0.10939448222725345
XLF,2023-12-29,0.05253875809567243
XLF,2024-01-31,0.030851299315739933
XLF,2024-02-29,0.04076369093689247
XLF,2024-03-28,0.048055978313854775
XLF,2024-04-30,-0.04178556251807075
XLF,2024-05-31,0.03171474408682862
XLF,2024-06-28,-0.008818923737949569
XLF,2024-07-31,0.06397475523133034
XLF,2024-08-30,0.04572461572202391
XLF,2024-09-30,-0.005588835717890039
XLF,2024-10-31,0.025595709935877453
XLF,2024-11-29,0.10456114504578107
XLF,2024-12-31,-0.054614123462357056
XLF,2025-01-31,0.06496990242468792
XLF,2025-02-28,0.013794506203838708
XLF,2025-03-31,-0.0419524833942182
XLF,2025-04-30,-0.021080215369554622
XLF,2025-05-30,0.04511910878299763
XLF,2025-06-30,0.03119059808542124
XLF,2025-07-31,0
XLF,2025-08-29,0.030933756127601963
XLF,2025-09-30,0.0010620173029110003
XLF,2025-10-31,-0.027844908135029267
XLF,2025-11-28,0.018331221291453925
XLF,2025-12-31,0.030591051005186998
XLF,2026-01-30,-0.024283393181876778
XLF,2026-02-27,-0.03761223419671189
XLF,2026-03-31,-0.03511994039863031
XLF,2026-04-30,0.055904385121328115
XLF,2026-05-29,-0.010550531259105655
XLF,2026-06-30,0.04299718716533496
XLF,2026-07-31,0.062115207550311746
XLF,2026-08-31,0.013523005965239143
XLF,2026-09-21,-0.02793549867439271
XLI,2015-01-30,-0.03433005435317438
XLI,2015-02-27,0.05350942050622187
XLI,2015-03-31,-0.025460717611319295
XLI,2015-04-30,-0.00251055444688586
XLI,2015-05-29,0.003235907905497104
XLI,2015-06-30,-0.026547325593307858
XLI,2015-07-31,0.002959907696722164
XLI,2015-08-31,-0.05403901530047561
XLI,2015-09-30,-0.022040167979765046
XLI,2015-10-30,0.08779273991944314
XLI,2015-11-30,0.008660275185025545
XLI,2015-12-31,-0.02572416975415326
XLI,2016-01-29,-0.0569703147286138
XLI,2016-02-29,0.04260843384228141
XLI,2016-03-31,0.06973525012690152
XLI,2016-04-29,0.012439115681132318
XLI,2016-05-31,-0.004273564757695469
XLI,2016-06-30,0.0071318564286655395
XLI,2016-07-29,0.03624343068301439
XLI,2016-08-31,0.00947653768698209
XLI,2016-09-30,0.0018612628735281689
XLI,2016-10-31,-0.020041292123352594
XLI,2016-11-30,0.09089356086926226
XLI,2016-12-30,0.003060479160137186
XLI,2017-01-31,0.01864369761388396
XLI,2017-02-28,0.03912911963271615
XLI,2017-03-31,-0.0076554573687441785
XLI,2017-04-28,0.019673560623056918
XLI,2017-05-31,0.01778738164275695
XLI,2017-06-30,0.013512565093174667
XLI,2017-07-31,0.0029362202093297096
XLI,2017-08-31,0.002196271705346531
XLI,2017-09-29,0.0418443947357936
XLI,2017-10-31,0.007464603225430633
XLI,2017-11-30,0.04166090284216706
XLI,2017-12-29,0.021085120872285312
XLI,2018-01-31,0.05365461871705124
XLI,2018-02-28,-0.03863036471758552
XLI,2018-03-29,-0.026882984830187584
XLI,2018-04-30,-0.027864544144262426
XLI,2018-05-31,0.030739901872459674
XLI,2018-06-29,-0.033889748582840995
XLI,2018-07-31,0.07385162832827974
XLI,2018-08-31,0.002340025711421667
XLI,2018-09-28,0.021773873211272
XLI,2018-10-31,-0.10867353782307221
XLI,2018-11-30,0.038065232528237125
XLI,2018-12-31,-0.10658986871079645
XLI,2019-01-31,0.11426736148346173
XLI,2019-02-28,0.06367635646146041
XLI,2019-03-29,-0.011495078091815492
XLI,2019-04-30,0.03971744852286174
XLI,2019-05-31,-0.0764006307611994
XLI,2019-06-28,0.07920444057691145
XLI,2019-07-31,0.005166724441952653
XLI,2019-08-30,-0.026471401699165953
XLI,2019-09-30,0.03011406966087704
XLI,2019-10-31,0.011335802859035349
XLI,2019-11-29,0.04496237638835221
XLI,2019-12-31,-0.0020111650686921445
XLI,2020-01-31,-0.004418777731082013
XLI,2020-02-28,-0.09900161028577747
XLI,2020-03-31,-0.1862593448484221
XLI,2020-04-30,0.0881205448731508
XLI,2020-05-29,0.05388564165529908
XLI,2020-06-30,0.01972790573244998
XLI,2020-07-31,0.04410522605080969
XLI,2020-08-31,0.0847620324258842
XLI,2020-09-30,-0.006821675179465747
XLI,2020-10-30,-0.014419484192656706
XLI,2020-11-30,0.16027437912614384
XLI,2020-12-31,0.010068260274433083
XLI,2021-01-29,-0.04268757947090929
XLI,2021-02-26,0.06889226510301416
XLI,2021-03-31,0.08986864240856396
XLI,2021-04-30,0.035347697143577106
XLI,2021-05-28,0.031296179136237834
XLI,2021-06-30,-0.02279473550493616
XLI,2021-07-30,0.009375055137786248
XLI,2021-08-31,0.011126195888063073
XLI,2021-09-30,-0.060798265214012326
XLI,2021-10-29,0.06796805960700514
XLI,2021-11-30,-0.03560117273895835
XLI,2021-12-31,0.05397592599226875
XLI,2022-01-31,-0.04791596562920086
XLI,2022-02-28,-0.008437746944686575
XLI,2022-03-31,0.03436379613039664
XLI,2022-04-29,-0.07613130090287135
XLI,2022-05-31,-0.004624509531469201
XLI,2022-06-30,-0.07366992733319988
XLI,2022-07-29,0.09503080377242545
XLI,2022-08-31,-0.02833562020061753
XLI,2022-09-30,-0.10430922219249783
XLI,2022-10-31,0.1389427727979724
XLI,2022-11-30,0.0781132154107258
XLI,2022-12-30,-0.029898088941962553
XLI,2023-01-31,0.03706330213253173
XLI,2023-02-28,-0.008640207915898812
XLI,2023-03-31,0.006191288746994594
XLI,2023-04-28,-0.011662468473923937
XLI,2023-05-31,-0.031499831587726734
XLI,2023-06-30,0.11253632640136946
XLI,2023-07-31,0.02888563685007539
XLI,2023-08-31,-0.019833298755216777
XLI,2023-09-29,-0.059475404478700145
XLI,2023-10-31,-0.02978891663847638
XLI,2023-11-30,0.08834901271915152
XLI,2023-12-29,0.0706553904040792
XLI,2024-01-31,-0.00964987048178556
XLI,2024-02-29,0.07183983529260707
XLI,2024-03-28,0.04420881961034029
XLI,2024-04-30,-0.03524924708820043
XLI,2024-05-31,0.016375892995825758
XLI,2024-06-28,-0.009888483229249734
XLI,2024-07-31,0.049150599720844124
XLI,2024-08-30,0.028156010993547476
XLI,2024-09-30,0.033620292123458295
XLI,2024-10-31,-0.011887204496085046
XLI,2024-11-29,0.07591729737002062
XLI,2024-12-31,-0.08033210820430159
XLI,2025-01-31,0.050015235703732674
XLI,2025-02-28,-0.014600593404792694
XLI,2025-03-31,-0.03562964058361462
XLI,2025-04-30,0.0011445528369280478
XLI,2025-05-30,0.08840106304783424
XLI,2025-06-30,0.036052248872608716
XLI,2025-07-31,0.03043666665791256
XLI,2025-08-29,0
XLI,2025-09-30,0.0187959845081207
XLI,2025-10-31,0.005381662660681297
XLI,2025-11-28,-0.008835232161602646
XLI,2025-12-31,0.012761196787593798
XLI,2026-01-30,0.06652915535047299
XLI,2026-02-27,0.07072044487535889
XLI,2026-03-31,-0.08442781687695011
XLI,2026-04-30,0.07945340558896219
XLI,2026-05-29,-0.008305657326360238
XLI,2026-06-30,0.07252191983691092
XLI,2026-07-31,-0.029098940710078236
XLI,2026-08-31,-0.02618993070086162
XLI,2026-09-21,-0.026798191525905235
